solid OpenSCAD_Model
  facet normal -1 0 0
    outer loop
      vertex -21.5 -41.7 3.2
      vertex -21.5 -40.2 4.45
      vertex -21.5 -40.2 3.2
    endloop
  endfacet
  facet normal -1 -0 0
    outer loop
      vertex -21.5 -40.2 4.45
      vertex -21.5 -41.7 3.2
      vertex -21.5 -41.7 4.45
    endloop
  endfacet
  facet normal -1 0 0
    outer loop
      vertex -21.5 -28 3.2
      vertex -21.5 -26.5 4.45
      vertex -21.5 -26.5 3.2
    endloop
  endfacet
  facet normal -1 -0 0
    outer loop
      vertex -21.5 -26.5 4.45
      vertex -21.5 -28 3.2
      vertex -21.5 -28 4.45
    endloop
  endfacet
  facet normal -0 0 1
    outer loop
      vertex -21.5 -40.2 4.45
      vertex 5.5 -41.7 4.45
      vertex 5.5 -40.2 4.45
    endloop
  endfacet
  facet normal 0 0 1
    outer loop
      vertex 5.5 -41.7 4.45
      vertex -21.5 -40.2 4.45
      vertex -21.5 -41.7 4.45
    endloop
  endfacet
  facet normal -0 0 1
    outer loop
      vertex -21.5 -26.5 4.45
      vertex 5.5 -28 4.45
      vertex 5.5 -26.5 4.45
    endloop
  endfacet
  facet normal 0 0 1
    outer loop
      vertex 5.5 -28 4.45
      vertex -21.5 -26.5 4.45
      vertex -21.5 -28 4.45
    endloop
  endfacet
  facet normal 1 -0 0
    outer loop
      vertex 5.5 -41.7 4.45
      vertex 5.5 -40.2 3.2
      vertex 5.5 -40.2 4.45
    endloop
  endfacet
  facet normal 1 0 0
    outer loop
      vertex 5.5 -40.2 3.2
      vertex 5.5 -41.7 4.45
      vertex 5.5 -41.7 3.2
    endloop
  endfacet
  facet normal 1 -0 0
    outer loop
      vertex 5.5 -28 4.45
      vertex 5.5 -26.5 3.2
      vertex 5.5 -26.5 4.45
    endloop
  endfacet
  facet normal 1 0 0
    outer loop
      vertex 5.5 -26.5 3.2
      vertex 5.5 -28 4.45
      vertex 5.5 -28 3.2
    endloop
  endfacet
  facet normal 0 1 -0
    outer loop
      vertex 5.5 -26.5 3.2
      vertex -21.5 -26.5 4.45
      vertex 5.5 -26.5 4.45
    endloop
  endfacet
  facet normal 0 1 0
    outer loop
      vertex -21.5 -26.5 4.45
      vertex 5.5 -26.5 3.2
      vertex -21.5 -26.5 3.2
    endloop
  endfacet
  facet normal 0 -1 0
    outer loop
      vertex -21.5 -41.7 3.2
      vertex 5.5 -41.7 4.45
      vertex -21.5 -41.7 4.45
    endloop
  endfacet
  facet normal 0 -1 -0
    outer loop
      vertex 5.5 -41.7 4.45
      vertex -21.5 -41.7 3.2
      vertex 5.5 -41.7 3.2
    endloop
  endfacet
  facet normal 0 -1 0
    outer loop
      vertex -21.5 -28 3.2
      vertex 5.5 -28 4.45
      vertex -21.5 -28 4.45
    endloop
  endfacet
  facet normal 0 -1 -0
    outer loop
      vertex 5.5 -28 4.45
      vertex -21.5 -28 3.2
      vertex 5.5 -28 3.2
    endloop
  endfacet
  facet normal 0 1 -0
    outer loop
      vertex 5.5 -40.2 3.2
      vertex -21.5 -40.2 4.45
      vertex 5.5 -40.2 4.45
    endloop
  endfacet
  facet normal 0 1 0
    outer loop
      vertex -21.5 -40.2 4.45
      vertex 5.5 -40.2 3.2
      vertex -21.5 -40.2 3.2
    endloop
  endfacet
  facet normal -1 0 0
    outer loop
      vertex -21.5 26.5 3.2
      vertex -21.5 28 4.45
      vertex -21.5 28 3.2
    endloop
  endfacet
  facet normal -1 -0 0
    outer loop
      vertex -21.5 28 4.45
      vertex -21.5 26.5 3.2
      vertex -21.5 26.5 4.45
    endloop
  endfacet
  facet normal -1 0 0
    outer loop
      vertex -21.5 40.2 3.2
      vertex -21.5 41.7 4.45
      vertex -21.5 41.7 3.2
    endloop
  endfacet
  facet normal -1 -0 0
    outer loop
      vertex -21.5 41.7 4.45
      vertex -21.5 40.2 3.2
      vertex -21.5 40.2 4.45
    endloop
  endfacet
  facet normal -0 0 1
    outer loop
      vertex -21.5 28 4.45
      vertex 5.5 26.5 4.45
      vertex 5.5 28 4.45
    endloop
  endfacet
  facet normal 0 0 1
    outer loop
      vertex 5.5 26.5 4.45
      vertex -21.5 28 4.45
      vertex -21.5 26.5 4.45
    endloop
  endfacet
  facet normal -0 0 1
    outer loop
      vertex -21.5 41.7 4.45
      vertex 5.5 40.2 4.45
      vertex 5.5 41.7 4.45
    endloop
  endfacet
  facet normal 0 0 1
    outer loop
      vertex 5.5 40.2 4.45
      vertex -21.5 41.7 4.45
      vertex -21.5 40.2 4.45
    endloop
  endfacet
  facet normal 1 -0 0
    outer loop
      vertex 5.5 26.5 4.45
      vertex 5.5 28 3.2
      vertex 5.5 28 4.45
    endloop
  endfacet
  facet normal 1 0 0
    outer loop
      vertex 5.5 28 3.2
      vertex 5.5 26.5 4.45
      vertex 5.5 26.5 3.2
    endloop
  endfacet
  facet normal 1 -0 0
    outer loop
      vertex 5.5 40.2 4.45
      vertex 5.5 41.7 3.2
      vertex 5.5 41.7 4.45
    endloop
  endfacet
  facet normal 1 0 0
    outer loop
      vertex 5.5 41.7 3.2
      vertex 5.5 40.2 4.45
      vertex 5.5 40.2 3.2
    endloop
  endfacet
  facet normal 0 1 -0
    outer loop
      vertex 5.5 41.7 3.2
      vertex -21.5 41.7 4.45
      vertex 5.5 41.7 4.45
    endloop
  endfacet
  facet normal 0 1 0
    outer loop
      vertex -21.5 41.7 4.45
      vertex 5.5 41.7 3.2
      vertex -21.5 41.7 3.2
    endloop
  endfacet
  facet normal 0 -1 0
    outer loop
      vertex -21.5 26.5 3.2
      vertex 5.5 26.5 4.45
      vertex -21.5 26.5 4.45
    endloop
  endfacet
  facet normal 0 -1 -0
    outer loop
      vertex 5.5 26.5 4.45
      vertex -21.5 26.5 3.2
      vertex 5.5 26.5 3.2
    endloop
  endfacet
  facet normal 0 -1 0
    outer loop
      vertex -21.5 40.2 3.2
      vertex 5.5 40.2 4.45
      vertex -21.5 40.2 4.45
    endloop
  endfacet
  facet normal 0 -1 -0
    outer loop
      vertex 5.5 40.2 4.45
      vertex -21.5 40.2 3.2
      vertex 5.5 40.2 3.2
    endloop
  endfacet
  facet normal 0 1 -0
    outer loop
      vertex 5.5 28 3.2
      vertex -21.5 28 4.45
      vertex 5.5 28 4.45
    endloop
  endfacet
  facet normal 0 1 0
    outer loop
      vertex -21.5 28 4.45
      vertex 5.5 28 3.2
      vertex -21.5 28 3.2
    endloop
  endfacet
  facet normal 0 0 -1
    outer loop
      vertex -51.1095 8.42728 0
      vertex -50.6314 8.4756 0
      vertex -50.5895 8.46136 0
    endloop
  endfacet
  facet normal 0 0 -1
    outer loop
      vertex -51.1095 8.42728 0
      vertex -50.825 8.57106 0
      vertex -50.6314 8.4756 0
    endloop
  endfacet
  facet normal 0 0 -1
    outer loop
      vertex -51.1095 8.42728 0
      vertex -51.0045 8.69097 0
      vertex -50.825 8.57106 0
    endloop
  endfacet
  facet normal 0 0 -1
    outer loop
      vertex -51.1095 8.42728 0
      vertex -51.1667 8.83327 0
      vertex -51.0045 8.69097 0
    endloop
  endfacet
  facet normal 0 0 -1
    outer loop
      vertex -51.1095 8.42728 0
      vertex -51.309 8.99554 0
      vertex -51.1667 8.83327 0
    endloop
  endfacet
  facet normal 0 0 -1
    outer loop
      vertex -52.2 8.21037 0
      vertex -51.309 8.99554 0
      vertex -51.1095 8.42728 0
    endloop
  endfacet
  facet normal -0 0 -1
    outer loop
      vertex -51.309 8.99554 0
      vertex -52.2 8.21037 0
      vertex -51.4289 9.175 0
    endloop
  endfacet
  facet normal 0 0 -1
    outer loop
      vertex -53.2528 7.85298 0
      vertex -51.6359 9.78463 0
      vertex -52.2 8.21037 0
    endloop
  endfacet
  facet normal -0 0 -1
    outer loop
      vertex -51.5938 9.57295 0
      vertex -52.2 8.21037 0
      vertex -51.6359 9.78463 0
    endloop
  endfacet
  facet normal -0 0 -1
    outer loop
      vertex -51.5244 9.36857 0
      vertex -52.2 8.21037 0
      vertex -51.5938 9.57295 0
    endloop
  endfacet
  facet normal -0 0 -1
    outer loop
      vertex -51.4289 9.175 0
      vertex -52.2 8.21037 0
      vertex -51.5244 9.36857 0
    endloop
  endfacet
  facet normal 0 0 -1
    outer loop
      vertex -50.6314 -8.4756 0
      vertex -51.1095 -8.42728 0
      vertex -50.5895 -8.46136 0
    endloop
  endfacet
  facet normal 0 0 -1
    outer loop
      vertex -50.825 -8.57106 0
      vertex -51.1095 -8.42728 0
      vertex -50.6314 -8.4756 0
    endloop
  endfacet
  facet normal 0 0 -1
    outer loop
      vertex -51.0045 -8.69097 0
      vertex -51.1095 -8.42728 0
      vertex -50.825 -8.57106 0
    endloop
  endfacet
  facet normal 0 0 -1
    outer loop
      vertex -51.1667 -8.83327 0
      vertex -51.1095 -8.42728 0
      vertex -51.0045 -8.69097 0
    endloop
  endfacet
  facet normal 0 0 -1
    outer loop
      vertex -51.309 -8.99554 0
      vertex -51.1095 -8.42728 0
      vertex -51.1667 -8.83327 0
    endloop
  endfacet
  facet normal 0 0 -1
    outer loop
      vertex -52.2 -8.21037 0
      vertex -51.309 -8.99554 0
      vertex -51.4289 -9.175 0
    endloop
  endfacet
  facet normal 0 0 -1
    outer loop
      vertex -52.2 -8.21037 0
      vertex -51.4289 -9.175 0
      vertex -51.5244 -9.36857 0
    endloop
  endfacet
  facet normal 0 0 -1
    outer loop
      vertex -51.309 -8.99554 0
      vertex -52.2 -8.21037 0
      vertex -51.1095 -8.42728 0
    endloop
  endfacet
  facet normal 0 0 -1
    outer loop
      vertex -51.5938 -9.57295 0
      vertex -52.2 -8.21037 0
      vertex -51.5244 -9.36857 0
    endloop
  endfacet
  facet normal 0 0 -1
    outer loop
      vertex -51.6359 -9.78463 0
      vertex -52.2 -8.21037 0
      vertex -51.5938 -9.57295 0
    endloop
  endfacet
  facet normal 0 0 -1
    outer loop
      vertex -53.2528 -7.85298 0
      vertex -51.6359 -9.78463 0
      vertex -51.65 -10 0
    endloop
  endfacet
  facet normal 0 0 -1
    outer loop
      vertex -46.7472 -7.85298 0
      vertex -48.3641 -10.2154 0
      vertex -48.35 -10 0
    endloop
  endfacet
  facet normal 0 0 -1
    outer loop
      vertex -48 -36.35 0
      vertex -48.4062 -10.4271 0
      vertex -48.3641 -10.2154 0
    endloop
  endfacet
  facet normal 0 0 -1
    outer loop
      vertex -50 -11.65 0
      vertex -48.2154 -36.3641 0
      vertex -48.4271 -36.4062 0
    endloop
  endfacet
  facet normal 0 0 -1
    outer loop
      vertex -48 -36.35 0
      vertex -48.4756 -10.6314 0
      vertex -48.4062 -10.4271 0
    endloop
  endfacet
  facet normal 0 0 -1
    outer loop
      vertex -48 -36.35 0
      vertex -48.5711 -10.825 0
      vertex -48.4756 -10.6314 0
    endloop
  endfacet
  facet normal 0 0 -1
    outer loop
      vertex -50.2154 -11.6359 0
      vertex -48.4271 -36.4062 0
      vertex -48.6314 -36.4756 0
    endloop
  endfacet
  facet normal 0 0 -1
    outer loop
      vertex -48 -36.35 0
      vertex -48.691 -11.0045 0
      vertex -48.5711 -10.825 0
    endloop
  endfacet
  facet normal 0 0 -1
    outer loop
      vertex -50.4271 -11.5938 0
      vertex -48.6314 -36.4756 0
      vertex -48.825 -36.5711 0
    endloop
  endfacet
  facet normal 0 0 -1
    outer loop
      vertex -48 -36.35 0
      vertex -48.8333 -11.1667 0
      vertex -48.691 -11.0045 0
    endloop
  endfacet
  facet normal 0 0 -1
    outer loop
      vertex -48 -36.35 0
      vertex -48.9955 -11.309 0
      vertex -48.8333 -11.1667 0
    endloop
  endfacet
  facet normal 0 0 -1
    outer loop
      vertex -50.6314 -11.5244 0
      vertex -48.825 -36.5711 0
      vertex -49.0045 -36.691 0
    endloop
  endfacet
  facet normal 0 0 -1
    outer loop
      vertex -50.825 -11.4289 0
      vertex -49.0045 -36.691 0
      vertex -49.1667 -36.8333 0
    endloop
  endfacet
  facet normal 0 0 -1
    outer loop
      vertex -48 -36.35 0
      vertex -49.175 -11.4289 0
      vertex -48.9955 -11.309 0
    endloop
  endfacet
  facet normal 0 0 -1
    outer loop
      vertex -68 -39 0
      vertex -49.1667 -36.8333 0
      vertex -49.309 -36.9955 0
    endloop
  endfacet
  facet normal 0 0 -1
    outer loop
      vertex -48 -36.35 0
      vertex -49.3686 -11.5244 0
      vertex -49.175 -11.4289 0
    endloop
  endfacet
  facet normal 0 0 -1
    outer loop
      vertex -68 -39 0
      vertex -49.309 -36.9955 0
      vertex -49.4289 -37.175 0
    endloop
  endfacet
  facet normal 0 0 -1
    outer loop
      vertex -68 -39 0
      vertex -49.4289 -37.175 0
      vertex -49.5244 -37.3686 0
    endloop
  endfacet
  facet normal 0 0 -1
    outer loop
      vertex -48 -36.35 0
      vertex -49.5729 -11.5938 0
      vertex -49.3686 -11.5244 0
    endloop
  endfacet
  facet normal 0 0 -1
    outer loop
      vertex -68 -39 0
      vertex -49.5244 -37.3686 0
      vertex -49.5938 -37.5729 0
    endloop
  endfacet
  facet normal 0 0 -1
    outer loop
      vertex -68 -39 0
      vertex -49.5938 -37.5729 0
      vertex -49.6359 -37.7846 0
    endloop
  endfacet
  facet normal 0 0 -1
    outer loop
      vertex -68 -39 0
      vertex -49.6359 -37.7846 0
      vertex -49.65 -38 0
    endloop
  endfacet
  facet normal 0 0 -1
    outer loop
      vertex -48 -36.35 0
      vertex -49.7846 -11.6359 0
      vertex -49.5729 -11.5938 0
    endloop
  endfacet
  facet normal 0 0 -1
    outer loop
      vertex -31.5 32 0
      vertex -46.3641 37.7846 0
      vertex -46.35 38 0
    endloop
  endfacet
  facet normal 0 0 -1
    outer loop
      vertex -32 19.75 0
      vertex -46.4062 37.5729 0
      vertex -46.3641 37.7846 0
    endloop
  endfacet
  facet normal 0 0 -1
    outer loop
      vertex -32 19.75 0
      vertex -46.4756 37.3686 0
      vertex -46.4062 37.5729 0
    endloop
  endfacet
  facet normal 0 0 -1
    outer loop
      vertex -32 19.75 0
      vertex -46.5711 37.175 0
      vertex -46.4756 37.3686 0
    endloop
  endfacet
  facet normal 0 0 -1
    outer loop
      vertex -32 19.75 0
      vertex -46.691 36.9955 0
      vertex -46.5711 37.175 0
    endloop
  endfacet
  facet normal 0 0 -1
    outer loop
      vertex -48.4062 10.4271 0
      vertex -45.75 7.36122 0
      vertex -46.7472 7.85298 0
    endloop
  endfacet
  facet normal 0 0 -1
    outer loop
      vertex -48.8333 11.1667 0
      vertex -32 16.25 0
      vertex -48.691 11.0045 0
    endloop
  endfacet
  facet normal 0 0 -1
    outer loop
      vertex -32 19.75 0
      vertex -46.8333 36.8333 0
      vertex -46.691 36.9955 0
    endloop
  endfacet
  facet normal -0 0 -1
    outer loop
      vertex -32 16.25 0
      vertex -48.8333 11.1667 0
      vertex -32 19.75 0
    endloop
  endfacet
  facet normal 0 0 -1
    outer loop
      vertex -32 19.75 0
      vertex -46.9955 36.691 0
      vertex -46.8333 36.8333 0
    endloop
  endfacet
  facet normal 0 0 -1
    outer loop
      vertex -48.9955 11.309 0
      vertex -32 19.75 0
      vertex -48.8333 11.1667 0
    endloop
  endfacet
  facet normal 0 0 -1
    outer loop
      vertex -32 19.75 0
      vertex -47.175 36.5711 0
      vertex -46.9955 36.691 0
    endloop
  endfacet
  facet normal 0 0 -1
    outer loop
      vertex -48.3641 9.78463 0
      vertex -46.7472 7.85298 0
      vertex -47.8 8.21037 0
    endloop
  endfacet
  facet normal 0 0 -1
    outer loop
      vertex -45.75 7.36122 0
      vertex -48.4062 10.4271 0
      vertex -48.4756 10.6314 0
    endloop
  endfacet
  facet normal 0 0 -1
    outer loop
      vertex -45.75 7.36122 0
      vertex -48.4756 10.6314 0
      vertex -48.5711 10.825 0
    endloop
  endfacet
  facet normal 0 0 -1
    outer loop
      vertex -46.7472 7.85298 0
      vertex -48.35 10 0
      vertex -48.3641 10.2154 0
    endloop
  endfacet
  facet normal 0 0 -1
    outer loop
      vertex -46.7472 7.85298 0
      vertex -48.3641 9.78463 0
      vertex -48.35 10 0
    endloop
  endfacet
  facet normal 0 0 -1
    outer loop
      vertex -47.8 8.21037 0
      vertex -48.4062 9.57295 0
      vertex -48.3641 9.78463 0
    endloop
  endfacet
  facet normal 0 0 -1
    outer loop
      vertex -47.8 8.21037 0
      vertex -48.4756 9.36857 0
      vertex -48.4062 9.57295 0
    endloop
  endfacet
  facet normal 0 0 -1
    outer loop
      vertex -47.8 8.21037 0
      vertex -48.5711 9.175 0
      vertex -48.4756 9.36857 0
    endloop
  endfacet
  facet normal 0 0 -1
    outer loop
      vertex -47.8 8.21037 0
      vertex -48.691 8.99554 0
      vertex -48.5711 9.175 0
    endloop
  endfacet
  facet normal 0 0 -1
    outer loop
      vertex -48.8905 8.42728 0
      vertex -48.691 8.99554 0
      vertex -47.8 8.21037 0
    endloop
  endfacet
  facet normal 0 0 -1
    outer loop
      vertex -48.691 8.99554 0
      vertex -48.8905 8.42728 0
      vertex -48.8333 8.83327 0
    endloop
  endfacet
  facet normal 0 0 -1
    outer loop
      vertex -48.8905 8.42728 0
      vertex -48.9955 8.69097 0
      vertex -48.8333 8.83327 0
    endloop
  endfacet
  facet normal 0 0 -1
    outer loop
      vertex -48.8905 8.42728 0
      vertex -49.175 8.57106 0
      vertex -48.9955 8.69097 0
    endloop
  endfacet
  facet normal 0 0 -1
    outer loop
      vertex -48.8905 8.42728 0
      vertex -49.3686 8.4756 0
      vertex -49.175 8.57106 0
    endloop
  endfacet
  facet normal 0 -0 -1
    outer loop
      vertex -49.3686 8.4756 0
      vertex -48.8905 8.42728 0
      vertex -49.4105 8.46136 0
    endloop
  endfacet
  facet normal 0 0 -1
    outer loop
      vertex -46.3641 -38.2154 0
      vertex -31.5 -32 0
      vertex -31.5 -47 0
    endloop
  endfacet
  facet normal 0 0 -1
    outer loop
      vertex -48.3641 -10.2154 0
      vertex -32 -16.25 0
      vertex -32 -19.75 0
    endloop
  endfacet
  facet normal 0 0 -1
    outer loop
      vertex -32 -16.25 0
      vertex -41.5 0 0
      vertex -32 16.25 0
    endloop
  endfacet
  facet normal 0 0 -1
    outer loop
      vertex -41.5727 1.10947 0
      vertex -32 16.25 0
      vertex -41.5 0 0
    endloop
  endfacet
  facet normal 0 0 -1
    outer loop
      vertex -46.4756 -37.3686 0
      vertex -31.5 -32 0
      vertex -46.4062 -37.5729 0
    endloop
  endfacet
  facet normal 0 0 -1
    outer loop
      vertex -32 -16.25 0
      vertex -41.5727 -1.10947 0
      vertex -41.5 0 0
    endloop
  endfacet
  facet normal 0 0 -1
    outer loop
      vertex -32 -16.25 0
      vertex -41.7896 -2.19996 0
      vertex -41.5727 -1.10947 0
    endloop
  endfacet
  facet normal 0 0 -1
    outer loop
      vertex -32 -16.25 0
      vertex -42.147 -3.25281 0
      vertex -41.7896 -2.19996 0
    endloop
  endfacet
  facet normal 0 0 -1
    outer loop
      vertex -32 -16.25 0
      vertex -42.6388 -4.25 0
      vertex -42.147 -3.25281 0
    endloop
  endfacet
  facet normal 0 0 -1
    outer loop
      vertex -32 -16.25 0
      vertex -43.2565 -5.17447 0
      vertex -42.6388 -4.25 0
    endloop
  endfacet
  facet normal 0 0 -1
    outer loop
      vertex -32 -16.25 0
      vertex -43.9896 -6.01041 0
      vertex -43.2565 -5.17447 0
    endloop
  endfacet
  facet normal 0 0 -1
    outer loop
      vertex -46.9955 -36.691 0
      vertex -31.5 -32 0
      vertex -46.8333 -36.8333 0
    endloop
  endfacet
  facet normal 0 0 -1
    outer loop
      vertex -32 -16.25 0
      vertex -44.8255 -6.7435 0
      vertex -43.9896 -6.01041 0
    endloop
  endfacet
  facet normal 0 0 -1
    outer loop
      vertex -31.5 -32 0
      vertex -46.35 -38 0
      vertex -46.3641 -37.7846 0
    endloop
  endfacet
  facet normal 0 0 -1
    outer loop
      vertex -31.5 -32 0
      vertex -46.3641 -38.2154 0
      vertex -46.35 -38 0
    endloop
  endfacet
  facet normal 0 0 -1
    outer loop
      vertex -31.5 -47 0
      vertex -46.4062 -38.4271 0
      vertex -46.3641 -38.2154 0
    endloop
  endfacet
  facet normal 0 0 -1
    outer loop
      vertex -31.5 -47 0
      vertex -46.4756 -38.6314 0
      vertex -46.4062 -38.4271 0
    endloop
  endfacet
  facet normal 0 0 -1
    outer loop
      vertex -31.5 -47 0
      vertex -46.5711 -38.825 0
      vertex -46.4756 -38.6314 0
    endloop
  endfacet
  facet normal 0 0 -1
    outer loop
      vertex -31.5 -47 0
      vertex -46.691 -39.0045 0
      vertex -46.5711 -38.825 0
    endloop
  endfacet
  facet normal 0 0 -1
    outer loop
      vertex -31.5 -47 0
      vertex -46.8333 -39.1667 0
      vertex -46.691 -39.0045 0
    endloop
  endfacet
  facet normal 0 0 -1
    outer loop
      vertex -31.5 -47 0
      vertex -46.9955 -39.309 0
      vertex -46.8333 -39.1667 0
    endloop
  endfacet
  facet normal 0 0 -1
    outer loop
      vertex -31.5 -47 0
      vertex -47.175 -39.4289 0
      vertex -46.9955 -39.309 0
    endloop
  endfacet
  facet normal 0 0 -1
    outer loop
      vertex -31.5 -47 0
      vertex -47.3686 -39.5244 0
      vertex -47.175 -39.4289 0
    endloop
  endfacet
  facet normal 0 0 -1
    outer loop
      vertex -31.5 -47 0
      vertex -47.5729 -39.5938 0
      vertex -47.3686 -39.5244 0
    endloop
  endfacet
  facet normal 0 0 -1
    outer loop
      vertex -31.5 -47 0
      vertex -47.7846 -39.6359 0
      vertex -47.5729 -39.5938 0
    endloop
  endfacet
  facet normal 0 0 -1
    outer loop
      vertex -60 -47 0
      vertex -47.7846 -39.6359 0
      vertex -31.5 -47 0
    endloop
  endfacet
  facet normal 0 0 -1
    outer loop
      vertex -47.7846 -39.6359 0
      vertex -60 -47 0
      vertex -48 -39.65 0
    endloop
  endfacet
  facet normal -0 0 -1
    outer loop
      vertex -48 -39.65 0
      vertex -60 -47 0
      vertex -48.2154 -39.6359 0
    endloop
  endfacet
  facet normal -0 0 -1
    outer loop
      vertex -48.2154 -39.6359 0
      vertex -60 -47 0
      vertex -48.4271 -39.5938 0
    endloop
  endfacet
  facet normal 0 0 -1
    outer loop
      vertex -48.2154 -36.3641 0
      vertex -50 -11.65 0
      vertex -49.7846 -11.6359 0
    endloop
  endfacet
  facet normal 0 0 -1
    outer loop
      vertex -48.4271 -36.4062 0
      vertex -50.2154 -11.6359 0
      vertex -50 -11.65 0
    endloop
  endfacet
  facet normal 0 0 -1
    outer loop
      vertex -48.6314 -36.4756 0
      vertex -50.4271 -11.5938 0
      vertex -50.2154 -11.6359 0
    endloop
  endfacet
  facet normal 0 0 -1
    outer loop
      vertex -48.825 -36.5711 0
      vertex -50.6314 -11.5244 0
      vertex -50.4271 -11.5938 0
    endloop
  endfacet
  facet normal 0 0 -1
    outer loop
      vertex -49.0045 -36.691 0
      vertex -50.825 -11.4289 0
      vertex -50.6314 -11.5244 0
    endloop
  endfacet
  facet normal 0 -0 -1
    outer loop
      vertex -51.0045 -11.309 0
      vertex -49.1667 -36.8333 0
      vertex -68 -39 0
    endloop
  endfacet
  facet normal 0 0 -1
    outer loop
      vertex -49.1667 -36.8333 0
      vertex -51.0045 -11.309 0
      vertex -50.825 -11.4289 0
    endloop
  endfacet
  facet normal -0 0 -1
    outer loop
      vertex -51.0045 -11.309 0
      vertex -68 -39 0
      vertex -51.1667 -11.1667 0
    endloop
  endfacet
  facet normal -0 0 -1
    outer loop
      vertex -51.1667 -11.1667 0
      vertex -68 -39 0
      vertex -51.309 -11.0045 0
    endloop
  endfacet
  facet normal -0 0 -1
    outer loop
      vertex -51.309 -11.0045 0
      vertex -68 -39 0
      vertex -51.4289 -10.825 0
    endloop
  endfacet
  facet normal 0 0 -1
    outer loop
      vertex -60 -47 0
      vertex -49.65 -38 0
      vertex -49.6359 -38.2154 0
    endloop
  endfacet
  facet normal 0 -0 -1
    outer loop
      vertex -55.1745 -6.7435 0
      vertex -51.4289 -10.825 0
      vertex -68 -39 0
    endloop
  endfacet
  facet normal 0 0 -1
    outer loop
      vertex -51.4289 -10.825 0
      vertex -55.1745 -6.7435 0
      vertex -51.5244 -10.6314 0
    endloop
  endfacet
  facet normal 0 0 -1
    outer loop
      vertex -53.2528 -7.85298 0
      vertex -51.65 -10 0
      vertex -51.6359 -10.2154 0
    endloop
  endfacet
  facet normal -0 -0 -1
    outer loop
      vertex -54.25 -7.36122 0
      vertex -51.5244 -10.6314 0
      vertex -55.1745 -6.7435 0
    endloop
  endfacet
  facet normal 0 0 -1
    outer loop
      vertex -51.6359 -9.78463 0
      vertex -53.2528 -7.85298 0
      vertex -52.2 -8.21037 0
    endloop
  endfacet
  facet normal 0 0 -1
    outer loop
      vertex -51.5244 -10.6314 0
      vertex -54.25 -7.36122 0
      vertex -51.5938 -10.4271 0
    endloop
  endfacet
  facet normal 0 0 -1
    outer loop
      vertex -51.6359 -10.2154 0
      vertex -54.25 -7.36122 0
      vertex -53.2528 -7.85298 0
    endloop
  endfacet
  facet normal 0 0 -1
    outer loop
      vertex -51.5938 -10.4271 0
      vertex -54.25 -7.36122 0
      vertex -51.6359 -10.2154 0
    endloop
  endfacet
  facet normal -0 0 -1
    outer loop
      vertex -55.1745 -6.7435 0
      vertex -68 -39 0
      vertex -56.0104 -6.01041 0
    endloop
  endfacet
  facet normal 0 0 -1
    outer loop
      vertex -60 -47 0
      vertex -49.6359 -38.2154 0
      vertex -49.5938 -38.4271 0
    endloop
  endfacet
  facet normal -0 0 -1
    outer loop
      vertex -56.0104 -6.01041 0
      vertex -68 -39 0
      vertex -56.7435 -5.17447 0
    endloop
  endfacet
  facet normal -0 0 -1
    outer loop
      vertex -56.7435 -5.17447 0
      vertex -68 -39 0
      vertex -57.3612 -4.25 0
    endloop
  endfacet
  facet normal -0 0 -1
    outer loop
      vertex -57.3612 -4.25 0
      vertex -68 -39 0
      vertex -57.853 -3.25281 0
    endloop
  endfacet
  facet normal -0 0 -1
    outer loop
      vertex -58.2104 -2.19996 0
      vertex -68 -39 0
      vertex -58.4273 -1.10947 0
    endloop
  endfacet
  facet normal -0 0 -1
    outer loop
      vertex -57.853 -3.25281 0
      vertex -68 -39 0
      vertex -58.2104 -2.19996 0
    endloop
  endfacet
  facet normal 0 0 -1
    outer loop
      vertex -49.65 -38 0
      vertex -60 -47 0
      vertex -68 -39 0
    endloop
  endfacet
  facet normal -0 0 -1
    outer loop
      vertex -49.5244 -38.6314 0
      vertex -60 -47 0
      vertex -49.5938 -38.4271 0
    endloop
  endfacet
  facet normal -0 0 -1
    outer loop
      vertex -49.4289 -38.825 0
      vertex -60 -47 0
      vertex -49.5244 -38.6314 0
    endloop
  endfacet
  facet normal -0 0 -1
    outer loop
      vertex -49.309 -39.0045 0
      vertex -60 -47 0
      vertex -49.4289 -38.825 0
    endloop
  endfacet
  facet normal -0 0 -1
    outer loop
      vertex -49.1667 -39.1667 0
      vertex -60 -47 0
      vertex -49.309 -39.0045 0
    endloop
  endfacet
  facet normal -0 0 -1
    outer loop
      vertex -49.0045 -39.309 0
      vertex -60 -47 0
      vertex -49.1667 -39.1667 0
    endloop
  endfacet
  facet normal -0 0 -1
    outer loop
      vertex -48.825 -39.4289 0
      vertex -60 -47 0
      vertex -49.0045 -39.309 0
    endloop
  endfacet
  facet normal -0 0 -1
    outer loop
      vertex -48.6314 -39.5244 0
      vertex -60 -47 0
      vertex -48.825 -39.4289 0
    endloop
  endfacet
  facet normal -0 0 -1
    outer loop
      vertex -48.4271 -39.5938 0
      vertex -60 -47 0
      vertex -48.6314 -39.5244 0
    endloop
  endfacet
  facet normal 0 0 -1
    outer loop
      vertex -32 16.25 0
      vertex -11 4 0
      vertex -32 -16.25 0
    endloop
  endfacet
  facet normal 0 0 -1
    outer loop
      vertex -11 4 0
      vertex -32 16.25 0
      vertex -18 16.25 0
    endloop
  endfacet
  facet normal -0 0 -1
    outer loop
      vertex -10.5981 -5.5 0
      vertex -18 -16.25 0
      vertex -10.7716 -5.14805 0
    endloop
  endfacet
  facet normal 0 0 -1
    outer loop
      vertex -11 4 0
      vertex -14.9094 24.3564 0
      vertex -14.9 24.5 0
    endloop
  endfacet
  facet normal -0 0 -1
    outer loop
      vertex -10.7716 -5.14805 0
      vertex -18 -16.25 0
      vertex -10.8978 -4.77646 0
    endloop
  endfacet
  facet normal 0 0 -1
    outer loop
      vertex -11 4 0
      vertex -14.9375 24.2153 0
      vertex -14.9094 24.3564 0
    endloop
  endfacet
  facet normal -0 0 -1
    outer loop
      vertex -10.8978 -4.77646 0
      vertex -18 -16.25 0
      vertex -10.9743 -4.39158 0
    endloop
  endfacet
  facet normal 0 0 -1
    outer loop
      vertex -11 4 0
      vertex -14.9837 24.079 0
      vertex -14.9375 24.2153 0
    endloop
  endfacet
  facet normal 0 0 -1
    outer loop
      vertex -32 -16.25 0
      vertex -11 -4 0
      vertex -18 -16.25 0
    endloop
  endfacet
  facet normal -0 0 -1
    outer loop
      vertex -11 -4 0
      vertex -32 -16.25 0
      vertex -11 4 0
    endloop
  endfacet
  facet normal -0 0 -1
    outer loop
      vertex -10.9743 -4.39158 0
      vertex -18 -16.25 0
      vertex -11 -4 0
    endloop
  endfacet
  facet normal 0 -0 -1
    outer loop
      vertex -15.1273 23.8304 0
      vertex -11 4 0
      vertex -18 16.25 0
    endloop
  endfacet
  facet normal 0 0 -1
    outer loop
      vertex -18 -16.25 0
      vertex -15.1273 -23.8304 0
      vertex -15.2222 -23.7222 0
    endloop
  endfacet
  facet normal 0 0 -1
    outer loop
      vertex -11 4 0
      vertex -15.0474 23.95 0
      vertex -14.9837 24.079 0
    endloop
  endfacet
  facet normal 0 0 -1
    outer loop
      vertex -18 -16.25 0
      vertex -15.2222 -23.7222 0
      vertex -15.3304 -23.6273 0
    endloop
  endfacet
  facet normal 0 0 -1
    outer loop
      vertex -11 4 0
      vertex -15.1273 23.8304 0
      vertex -15.0474 23.95 0
    endloop
  endfacet
  facet normal 0 0 -1
    outer loop
      vertex -18 -19.75 0
      vertex -15.3304 -23.6273 0
      vertex -15.45 -23.5474 0
    endloop
  endfacet
  facet normal 0 0 -1
    outer loop
      vertex -15.1273 23.8304 0
      vertex -18 16.25 0
      vertex -15.2222 23.7222 0
    endloop
  endfacet
  facet normal 0 0 -1
    outer loop
      vertex -18 -19.75 0
      vertex -15.45 -23.5474 0
      vertex -15.579 -23.4837 0
    endloop
  endfacet
  facet normal 0 0 -1
    outer loop
      vertex -15.2222 23.7222 0
      vertex -18 16.25 0
      vertex -15.3304 23.6273 0
    endloop
  endfacet
  facet normal 0 0 -1
    outer loop
      vertex -18 -19.75 0
      vertex -15.579 -23.4837 0
      vertex -15.7153 -23.4375 0
    endloop
  endfacet
  facet normal 0 0 -1
    outer loop
      vertex -18 19.75 0
      vertex -15.3304 23.6273 0
      vertex -18 16.25 0
    endloop
  endfacet
  facet normal 0 0 -1
    outer loop
      vertex -18 -19.75 0
      vertex -15.7153 -23.4375 0
      vertex -15.8564 -23.4094 0
    endloop
  endfacet
  facet normal 0 0 -1
    outer loop
      vertex -15.3304 23.6273 0
      vertex -18 19.75 0
      vertex -15.45 23.5474 0
    endloop
  endfacet
  facet normal 0 0 -1
    outer loop
      vertex -18 -19.75 0
      vertex -15.8564 -23.4094 0
      vertex -16 -23.4 0
    endloop
  endfacet
  facet normal 0 0 -1
    outer loop
      vertex -15.45 23.5474 0
      vertex -18 19.75 0
      vertex -15.579 23.4837 0
    endloop
  endfacet
  facet normal 0 0 -1
    outer loop
      vertex -18 -19.75 0
      vertex -16 -23.4 0
      vertex -16.1436 -23.4094 0
    endloop
  endfacet
  facet normal 0 0 -1
    outer loop
      vertex -15.579 23.4837 0
      vertex -18 19.75 0
      vertex -15.7153 23.4375 0
    endloop
  endfacet
  facet normal 0 0 -1
    outer loop
      vertex -18 -19.75 0
      vertex -16.1436 -23.4094 0
      vertex -16.2847 -23.4375 0
    endloop
  endfacet
  facet normal 0 0 -1
    outer loop
      vertex -15.7153 23.4375 0
      vertex -18 19.75 0
      vertex -15.8564 23.4094 0
    endloop
  endfacet
  facet normal 0 0 -1
    outer loop
      vertex -18 -19.75 0
      vertex -16.2847 -23.4375 0
      vertex -16.421 -23.4837 0
    endloop
  endfacet
  facet normal 0 0 -1
    outer loop
      vertex -15.8564 23.4094 0
      vertex -18 19.75 0
      vertex -16 23.4 0
    endloop
  endfacet
  facet normal 0 0 -1
    outer loop
      vertex -18 -19.75 0
      vertex -16.421 -23.4837 0
      vertex -16.55 -23.5474 0
    endloop
  endfacet
  facet normal -0 0 -1
    outer loop
      vertex -16 23.4 0
      vertex -18 19.75 0
      vertex -16.1436 23.4094 0
    endloop
  endfacet
  facet normal 0 0 -1
    outer loop
      vertex -18 -19.75 0
      vertex -16.55 -23.5474 0
      vertex -16.6696 -23.6273 0
    endloop
  endfacet
  facet normal -0 0 -1
    outer loop
      vertex -16.1436 23.4094 0
      vertex -18 19.75 0
      vertex -16.2847 23.4375 0
    endloop
  endfacet
  facet normal 0 0 -1
    outer loop
      vertex -18 -19.75 0
      vertex -16.6696 -23.6273 0
      vertex -16.7778 -23.7222 0
    endloop
  endfacet
  facet normal -0 0 -1
    outer loop
      vertex -16.2847 23.4375 0
      vertex -18 19.75 0
      vertex -16.421 23.4837 0
    endloop
  endfacet
  facet normal 0 0 -1
    outer loop
      vertex -18 -19.75 0
      vertex -16.7778 -23.7222 0
      vertex -16.8727 -23.8304 0
    endloop
  endfacet
  facet normal -0 0 -1
    outer loop
      vertex -16.421 23.4837 0
      vertex -18 19.75 0
      vertex -16.55 23.5474 0
    endloop
  endfacet
  facet normal 0 0 -1
    outer loop
      vertex -18 -19.75 0
      vertex -16.8727 -23.8304 0
      vertex -16.9526 -23.95 0
    endloop
  endfacet
  facet normal -0 0 -1
    outer loop
      vertex -16.55 23.5474 0
      vertex -18 19.75 0
      vertex -16.6696 23.6273 0
    endloop
  endfacet
  facet normal 0 0 -1
    outer loop
      vertex -18 -19.75 0
      vertex -16.9526 -23.95 0
      vertex -17.0163 -24.079 0
    endloop
  endfacet
  facet normal -0 0 -1
    outer loop
      vertex -16.6696 23.6273 0
      vertex -18 19.75 0
      vertex -16.7778 23.7222 0
    endloop
  endfacet
  facet normal 0 0 -1
    outer loop
      vertex -18 -19.75 0
      vertex -17.0163 -24.079 0
      vertex -17.0625 -24.2153 0
    endloop
  endfacet
  facet normal -0 0 -1
    outer loop
      vertex -16.7778 23.7222 0
      vertex -18 19.75 0
      vertex -16.8727 23.8304 0
    endloop
  endfacet
  facet normal 0 0 -1
    outer loop
      vertex -18 -19.75 0
      vertex -17.0625 -24.2153 0
      vertex -17.0906 -24.3564 0
    endloop
  endfacet
  facet normal -0 0 -1
    outer loop
      vertex -16.8727 23.8304 0
      vertex -18 19.75 0
      vertex -16.9526 23.95 0
    endloop
  endfacet
  facet normal 0 0 -1
    outer loop
      vertex -32 -19.75 0
      vertex -17.0906 -24.3564 0
      vertex -17.1 -24.5 0
    endloop
  endfacet
  facet normal -0 0 -1
    outer loop
      vertex -16.9526 23.95 0
      vertex -18 19.75 0
      vertex -17.0163 24.079 0
    endloop
  endfacet
  facet normal 0 0 -1
    outer loop
      vertex -31.5 -32 0
      vertex -46.3641 -37.7846 0
      vertex -46.4062 -37.5729 0
    endloop
  endfacet
  facet normal 0 0 -1
    outer loop
      vertex -46.5711 -37.175 0
      vertex -31.5 -32 0
      vertex -46.4756 -37.3686 0
    endloop
  endfacet
  facet normal 0 0 -1
    outer loop
      vertex -46.691 -36.9955 0
      vertex -31.5 -32 0
      vertex -46.5711 -37.175 0
    endloop
  endfacet
  facet normal 0 0 -1
    outer loop
      vertex -46.8333 -36.8333 0
      vertex -31.5 -32 0
      vertex -46.691 -36.9955 0
    endloop
  endfacet
  facet normal 0 0 -1
    outer loop
      vertex -47.175 -36.5711 0
      vertex -31.5 -32 0
      vertex -46.9955 -36.691 0
    endloop
  endfacet
  facet normal 0 0 -1
    outer loop
      vertex -48.3641 -10.2154 0
      vertex -45.75 -7.36122 0
      vertex -32 -16.25 0
    endloop
  endfacet
  facet normal 0 0 -1
    outer loop
      vertex -32 -16.25 0
      vertex -45.75 -7.36122 0
      vertex -44.8255 -6.7435 0
    endloop
  endfacet
  facet normal -0 0 -1
    outer loop
      vertex -31.5 -32 0
      vertex -47.175 -36.5711 0
      vertex -32 -19.75 0
    endloop
  endfacet
  facet normal 0 0 -1
    outer loop
      vertex -47.3686 -36.4756 0
      vertex -32 -19.75 0
      vertex -47.175 -36.5711 0
    endloop
  endfacet
  facet normal 0 0 -1
    outer loop
      vertex -47.5729 -36.4062 0
      vertex -32 -19.75 0
      vertex -47.3686 -36.4756 0
    endloop
  endfacet
  facet normal 0 0 -1
    outer loop
      vertex -48.3641 -10.2154 0
      vertex -32 -19.75 0
      vertex -47.5729 -36.4062 0
    endloop
  endfacet
  facet normal 0 0 -1
    outer loop
      vertex -48.3641 -10.2154 0
      vertex -47.5729 -36.4062 0
      vertex -47.7846 -36.3641 0
    endloop
  endfacet
  facet normal 0 0 -1
    outer loop
      vertex -48.3641 -10.2154 0
      vertex -46.7472 -7.85298 0
      vertex -45.75 -7.36122 0
    endloop
  endfacet
  facet normal 0 0 -1
    outer loop
      vertex -48.3641 -10.2154 0
      vertex -47.7846 -36.3641 0
      vertex -48 -36.35 0
    endloop
  endfacet
  facet normal 0 0 -1
    outer loop
      vertex -49.7846 -11.6359 0
      vertex -48 -36.35 0
      vertex -48.2154 -36.3641 0
    endloop
  endfacet
  facet normal 0 0 -1
    outer loop
      vertex -48.3641 -9.78463 0
      vertex -46.7472 -7.85298 0
      vertex -48.35 -10 0
    endloop
  endfacet
  facet normal 0 0 -1
    outer loop
      vertex -46.7472 -7.85298 0
      vertex -48.3641 -9.78463 0
      vertex -47.8 -8.21037 0
    endloop
  endfacet
  facet normal 0 0 -1
    outer loop
      vertex -48.4062 -9.57295 0
      vertex -47.8 -8.21037 0
      vertex -48.3641 -9.78463 0
    endloop
  endfacet
  facet normal 0 0 -1
    outer loop
      vertex -48.4756 -9.36857 0
      vertex -47.8 -8.21037 0
      vertex -48.4062 -9.57295 0
    endloop
  endfacet
  facet normal 0 0 -1
    outer loop
      vertex -48.5711 -9.175 0
      vertex -47.8 -8.21037 0
      vertex -48.4756 -9.36857 0
    endloop
  endfacet
  facet normal 0 0 -1
    outer loop
      vertex -48.691 -8.99554 0
      vertex -47.8 -8.21037 0
      vertex -48.5711 -9.175 0
    endloop
  endfacet
  facet normal 0 0 -1
    outer loop
      vertex -48.8905 -8.42728 0
      vertex -48.691 -8.99554 0
      vertex -48.8333 -8.83327 0
    endloop
  endfacet
  facet normal 0 0 -1
    outer loop
      vertex -48.691 -8.99554 0
      vertex -48.8905 -8.42728 0
      vertex -47.8 -8.21037 0
    endloop
  endfacet
  facet normal 0 0 -1
    outer loop
      vertex -48.9955 -8.69097 0
      vertex -48.8905 -8.42728 0
      vertex -48.8333 -8.83327 0
    endloop
  endfacet
  facet normal 0 0 -1
    outer loop
      vertex -49.175 -8.57106 0
      vertex -48.8905 -8.42728 0
      vertex -48.9955 -8.69097 0
    endloop
  endfacet
  facet normal 0 0 -1
    outer loop
      vertex -49.3686 -8.4756 0
      vertex -48.8905 -8.42728 0
      vertex -49.175 -8.57106 0
    endloop
  endfacet
  facet normal 0 0 -1
    outer loop
      vertex -48.8905 -8.42728 0
      vertex -49.3686 -8.4756 0
      vertex -49.4105 -8.46136 0
    endloop
  endfacet
  facet normal 0 0 -1
    outer loop
      vertex -46.7472 7.85298 0
      vertex -48.3641 10.2154 0
      vertex -48.4062 10.4271 0
    endloop
  endfacet
  facet normal 0 0 -1
    outer loop
      vertex -49.175 11.4289 0
      vertex -32 19.75 0
      vertex -48.9955 11.309 0
    endloop
  endfacet
  facet normal 0 0 -1
    outer loop
      vertex -32 19.75 0
      vertex -47.3686 36.4756 0
      vertex -47.175 36.5711 0
    endloop
  endfacet
  facet normal 0 0 -1
    outer loop
      vertex -49.3686 11.5244 0
      vertex -32 19.75 0
      vertex -49.175 11.4289 0
    endloop
  endfacet
  facet normal 0 0 -1
    outer loop
      vertex -32 19.75 0
      vertex -47.5729 36.4062 0
      vertex -47.3686 36.4756 0
    endloop
  endfacet
  facet normal -0 0 -1
    outer loop
      vertex -32 19.75 0
      vertex -49.3686 11.5244 0
      vertex -47.5729 36.4062 0
    endloop
  endfacet
  facet normal 0 0 -1
    outer loop
      vertex -47.5729 36.4062 0
      vertex -49.3686 11.5244 0
      vertex -47.7846 36.3641 0
    endloop
  endfacet
  facet normal 0 0 -1
    outer loop
      vertex -49.5729 11.5938 0
      vertex -47.7846 36.3641 0
      vertex -49.3686 11.5244 0
    endloop
  endfacet
  facet normal 0 0 -1
    outer loop
      vertex -47.7846 36.3641 0
      vertex -49.5729 11.5938 0
      vertex -48 36.35 0
    endloop
  endfacet
  facet normal 0 0 -1
    outer loop
      vertex -49.7846 11.6359 0
      vertex -48 36.35 0
      vertex -49.5729 11.5938 0
    endloop
  endfacet
  facet normal -0 0 -1
    outer loop
      vertex -48 36.35 0
      vertex -49.7846 11.6359 0
      vertex -48.2154 36.3641 0
    endloop
  endfacet
  facet normal 0 0 -1
    outer loop
      vertex -50 11.65 0
      vertex -48.2154 36.3641 0
      vertex -49.7846 11.6359 0
    endloop
  endfacet
  facet normal -0 0 -1
    outer loop
      vertex -48.2154 36.3641 0
      vertex -50 11.65 0
      vertex -48.4271 36.4062 0
    endloop
  endfacet
  facet normal 0 0 -1
    outer loop
      vertex -50.2154 11.6359 0
      vertex -48.4271 36.4062 0
      vertex -50 11.65 0
    endloop
  endfacet
  facet normal -0 0 -1
    outer loop
      vertex -48.4271 36.4062 0
      vertex -50.2154 11.6359 0
      vertex -48.6314 36.4756 0
    endloop
  endfacet
  facet normal 0 0 -1
    outer loop
      vertex -50.4271 11.5938 0
      vertex -48.6314 36.4756 0
      vertex -50.2154 11.6359 0
    endloop
  endfacet
  facet normal -0 0 -1
    outer loop
      vertex -48.6314 36.4756 0
      vertex -50.4271 11.5938 0
      vertex -48.825 36.5711 0
    endloop
  endfacet
  facet normal 0 0 -1
    outer loop
      vertex -50.6314 11.5244 0
      vertex -48.825 36.5711 0
      vertex -50.4271 11.5938 0
    endloop
  endfacet
  facet normal -0 0 -1
    outer loop
      vertex -48.825 36.5711 0
      vertex -50.6314 11.5244 0
      vertex -49.0045 36.691 0
    endloop
  endfacet
  facet normal 0 0 -1
    outer loop
      vertex -50.825 11.4289 0
      vertex -49.0045 36.691 0
      vertex -50.6314 11.5244 0
    endloop
  endfacet
  facet normal -0 0 -1
    outer loop
      vertex -49.0045 36.691 0
      vertex -50.825 11.4289 0
      vertex -49.1667 36.8333 0
    endloop
  endfacet
  facet normal 0 0 -1
    outer loop
      vertex -51.0045 11.309 0
      vertex -49.1667 36.8333 0
      vertex -50.825 11.4289 0
    endloop
  endfacet
  facet normal 0 0 -1
    outer loop
      vertex -8 7 0
      vertex 6.66987 9.5 0
      vertex 6.66987 7 0
    endloop
  endfacet
  facet normal 0 0 -1
    outer loop
      vertex 6.66987 9.5 0
      vertex 1.09059 24.3564 0
      vertex 1.1 24.5 0
    endloop
  endfacet
  facet normal 0 0 -1
    outer loop
      vertex 6.66987 9.5 0
      vertex 1.06252 24.2153 0
      vertex 1.09059 24.3564 0
    endloop
  endfacet
  facet normal 0 0 -1
    outer loop
      vertex 6.66987 9.5 0
      vertex 1.01627 24.079 0
      vertex 1.06252 24.2153 0
    endloop
  endfacet
  facet normal 0 0 -1
    outer loop
      vertex 6.66987 9.5 0
      vertex 0.952627 23.95 0
      vertex 1.01627 24.079 0
    endloop
  endfacet
  facet normal 0 0 -1
    outer loop
      vertex 6.66987 9.5 0
      vertex 0.872688 23.8304 0
      vertex 0.952627 23.95 0
    endloop
  endfacet
  facet normal 0 0 -1
    outer loop
      vertex 6.66987 9.5 0
      vertex 0.777817 23.7222 0
      vertex 0.872688 23.8304 0
    endloop
  endfacet
  facet normal 0 0 -1
    outer loop
      vertex 6.66987 9.5 0
      vertex 0.669637 23.6273 0
      vertex 0.777817 23.7222 0
    endloop
  endfacet
  facet normal 0 0 -1
    outer loop
      vertex 6.66987 9.5 0
      vertex 0.549999 23.5474 0
      vertex 0.669637 23.6273 0
    endloop
  endfacet
  facet normal 0 0 -1
    outer loop
      vertex 6.66987 9.5 0
      vertex 0.420951 23.4837 0
      vertex 0.549999 23.5474 0
    endloop
  endfacet
  facet normal 0 0 -1
    outer loop
      vertex 6.66987 9.5 0
      vertex 0.2847 23.4375 0
      vertex 0.420951 23.4837 0
    endloop
  endfacet
  facet normal 0 0 -1
    outer loop
      vertex 6.66987 9.5 0
      vertex 0.143579 23.4094 0
      vertex 0.2847 23.4375 0
    endloop
  endfacet
  facet normal 0 0 -1
    outer loop
      vertex 6.66987 9.5 0
      vertex 0 23.4 0
      vertex 0.143579 23.4094 0
    endloop
  endfacet
  facet normal 0 0 -1
    outer loop
      vertex 6.66987 9.5 0
      vertex -0.143579 23.4094 0
      vertex 0 23.4 0
    endloop
  endfacet
  facet normal -0 0 -1
    outer loop
      vertex 6.66987 9.5 0
      vertex -8 7 0
      vertex -0.143579 23.4094 0
    endloop
  endfacet
  facet normal -0 0 -1
    outer loop
      vertex -0.143579 23.4094 0
      vertex -8 7 0
      vertex -0.2847 23.4375 0
    endloop
  endfacet
  facet normal -0 0 -1
    outer loop
      vertex -0.2847 23.4375 0
      vertex -8 7 0
      vertex -0.420951 23.4837 0
    endloop
  endfacet
  facet normal -0 0 -1
    outer loop
      vertex -0.420951 23.4837 0
      vertex -8 7 0
      vertex -0.549999 23.5474 0
    endloop
  endfacet
  facet normal -0 0 -1
    outer loop
      vertex -0.549999 23.5474 0
      vertex -8 7 0
      vertex -0.669637 23.6273 0
    endloop
  endfacet
  facet normal -0 0 -1
    outer loop
      vertex -0.669637 23.6273 0
      vertex -8 7 0
      vertex -0.777817 23.7222 0
    endloop
  endfacet
  facet normal 0 0 -1
    outer loop
      vertex -14.9 24.5 0
      vertex -0.777817 23.7222 0
      vertex -8 7 0
    endloop
  endfacet
  facet normal 0 0 -1
    outer loop
      vertex -0.777817 23.7222 0
      vertex -14.9 24.5 0
      vertex -0.872688 23.8304 0
    endloop
  endfacet
  facet normal 0 0 -1
    outer loop
      vertex -1.06252 24.2153 0
      vertex -14.9 24.5 0
      vertex -1.09059 24.3564 0
    endloop
  endfacet
  facet normal 0 0 -1
    outer loop
      vertex -1.01627 24.079 0
      vertex -14.9 24.5 0
      vertex -1.06252 24.2153 0
    endloop
  endfacet
  facet normal 0 0 -1
    outer loop
      vertex -0.952627 23.95 0
      vertex -14.9 24.5 0
      vertex -1.01627 24.079 0
    endloop
  endfacet
  facet normal 0 0 -1
    outer loop
      vertex -0.872688 23.8304 0
      vertex -14.9 24.5 0
      vertex -0.952627 23.95 0
    endloop
  endfacet
  facet normal 0 0 -1
    outer loop
      vertex 0.952627 -23.95 0
      vertex 8 -19.75 0
      vertex 1.01627 -24.079 0
    endloop
  endfacet
  facet normal 0 0 -1
    outer loop
      vertex 0.872688 -23.8304 0
      vertex 8 -19.75 0
      vertex 0.952627 -23.95 0
    endloop
  endfacet
  facet normal 0 0 -1
    outer loop
      vertex 0.777817 -23.7222 0
      vertex 8 -19.75 0
      vertex 0.872688 -23.8304 0
    endloop
  endfacet
  facet normal 0 0 -1
    outer loop
      vertex 0.669637 -23.6273 0
      vertex 8 -19.75 0
      vertex 0.777817 -23.7222 0
    endloop
  endfacet
  facet normal 0 0 -1
    outer loop
      vertex 0.549999 -23.5474 0
      vertex 8 -19.75 0
      vertex 0.669637 -23.6273 0
    endloop
  endfacet
  facet normal 0 0 -1
    outer loop
      vertex 0.420951 -23.4837 0
      vertex 8 -19.75 0
      vertex 0.549999 -23.5474 0
    endloop
  endfacet
  facet normal -0 0 -1
    outer loop
      vertex 8 -19.75 0
      vertex 0.420951 -23.4837 0
      vertex 8 -16.25 0
    endloop
  endfacet
  facet normal 0 0 -1
    outer loop
      vertex 0.2847 -23.4375 0
      vertex 8 -16.25 0
      vertex 0.420951 -23.4837 0
    endloop
  endfacet
  facet normal 0 0 -1
    outer loop
      vertex 0.143579 -23.4094 0
      vertex 8 -16.25 0
      vertex 0.2847 -23.4375 0
    endloop
  endfacet
  facet normal 0 0 -1
    outer loop
      vertex 0 -23.4 0
      vertex 8 -16.25 0
      vertex 0.143579 -23.4094 0
    endloop
  endfacet
  facet normal 0 0 -1
    outer loop
      vertex -0.143579 -23.4094 0
      vertex 8 -16.25 0
      vertex 0 -23.4 0
    endloop
  endfacet
  facet normal -0 0 -1
    outer loop
      vertex 8 -16.25 0
      vertex -0.143579 -23.4094 0
      vertex 6.66987 -9.5 0
    endloop
  endfacet
  facet normal 0 0 -1
    outer loop
      vertex -8 -7 0
      vertex 6.66987 -9.5 0
      vertex -0.143579 -23.4094 0
    endloop
  endfacet
  facet normal 0 0 -1
    outer loop
      vertex -8 -7 0
      vertex -0.143579 -23.4094 0
      vertex -0.2847 -23.4375 0
    endloop
  endfacet
  facet normal 0 0 -1
    outer loop
      vertex -8 -7 0
      vertex -0.2847 -23.4375 0
      vertex -0.420951 -23.4837 0
    endloop
  endfacet
  facet normal 0 0 -1
    outer loop
      vertex -8 -7 0
      vertex -0.420951 -23.4837 0
      vertex -0.549999 -23.5474 0
    endloop
  endfacet
  facet normal 0 0 -1
    outer loop
      vertex -8 -7 0
      vertex -0.549999 -23.5474 0
      vertex -0.669637 -23.6273 0
    endloop
  endfacet
  facet normal 0 0 -1
    outer loop
      vertex -8 -7 0
      vertex -0.669637 -23.6273 0
      vertex -0.777817 -23.7222 0
    endloop
  endfacet
  facet normal 0 0 -1
    outer loop
      vertex -14.9837 -24.079 0
      vertex -1.01627 -24.079 0
      vertex -14.9375 -24.2153 0
    endloop
  endfacet
  facet normal 0 0 -1
    outer loop
      vertex -1.06252 -24.2153 0
      vertex -14.9375 -24.2153 0
      vertex -1.01627 -24.079 0
    endloop
  endfacet
  facet normal 0 0 -1
    outer loop
      vertex -14.9375 -24.2153 0
      vertex -1.06252 -24.2153 0
      vertex -14.9094 -24.3564 0
    endloop
  endfacet
  facet normal 0 0 -1
    outer loop
      vertex 6.66987 -9.5 0
      vertex -8 -7 0
      vertex 6.66987 -7 0
    endloop
  endfacet
  facet normal 0 0 -1
    outer loop
      vertex -1.09059 -24.3564 0
      vertex -14.9094 -24.3564 0
      vertex -1.06252 -24.2153 0
    endloop
  endfacet
  facet normal 0 0 -1
    outer loop
      vertex -14.9094 -24.3564 0
      vertex -1.09059 -24.3564 0
      vertex -14.9 -24.5 0
    endloop
  endfacet
  facet normal 0 0 -1
    outer loop
      vertex -14.9 -24.5 0
      vertex -1.09059 -24.3564 0
      vertex -1.1 -24.5 0
    endloop
  endfacet
  facet normal 0 0 -1
    outer loop
      vertex 11 -2 0
      vertex 15.3301 4.5 0
      vertex 15.3301 -4.5 0
    endloop
  endfacet
  facet normal 0 0 -1
    outer loop
      vertex 15.3301 4.5 0
      vertex 11 -2 0
      vertex 11 2 0
    endloop
  endfacet
  facet normal 0 0 -1
    outer loop
      vertex 8 19.75 0
      vertex 15.5 32 0
      vertex 22 19.75 0
    endloop
  endfacet
  facet normal 0 0 -1
    outer loop
      vertex 8 16.25 0
      vertex 1.1 24.5 0
      vertex 8 19.75 0
    endloop
  endfacet
  facet normal 0 0 -1
    outer loop
      vertex 1.09059 24.6436 0
      vertex 8 19.75 0
      vertex 1.1 24.5 0
    endloop
  endfacet
  facet normal 0 0 -1
    outer loop
      vertex 1.06252 24.7847 0
      vertex 8 19.75 0
      vertex 1.09059 24.6436 0
    endloop
  endfacet
  facet normal 0 0 -1
    outer loop
      vertex 1.01627 24.921 0
      vertex 8 19.75 0
      vertex 1.06252 24.7847 0
    endloop
  endfacet
  facet normal 0 0 -1
    outer loop
      vertex 8 19.75 0
      vertex 1.01627 24.921 0
      vertex 15.5 32 0
    endloop
  endfacet
  facet normal 0 0 -1
    outer loop
      vertex 0.952627 25.05 0
      vertex 15.5 32 0
      vertex 1.01627 24.921 0
    endloop
  endfacet
  facet normal 0 0 -1
    outer loop
      vertex 0.872688 25.1696 0
      vertex 15.5 32 0
      vertex 0.952627 25.05 0
    endloop
  endfacet
  facet normal 0 0 -1
    outer loop
      vertex 0.777817 25.2778 0
      vertex 15.5 32 0
      vertex 0.872688 25.1696 0
    endloop
  endfacet
  facet normal 0 0 -1
    outer loop
      vertex 0.669637 25.3727 0
      vertex 15.5 32 0
      vertex 0.777817 25.2778 0
    endloop
  endfacet
  facet normal 0 0 -1
    outer loop
      vertex 0.549999 25.4526 0
      vertex 15.5 32 0
      vertex 0.669637 25.3727 0
    endloop
  endfacet
  facet normal 0 0 -1
    outer loop
      vertex 0.420951 25.5163 0
      vertex 15.5 32 0
      vertex 0.549999 25.4526 0
    endloop
  endfacet
  facet normal 0 0 -1
    outer loop
      vertex 0.2847 25.5625 0
      vertex 15.5 32 0
      vertex 0.420951 25.5163 0
    endloop
  endfacet
  facet normal 0 0 -1
    outer loop
      vertex 0.143579 25.5906 0
      vertex 15.5 32 0
      vertex 0.2847 25.5625 0
    endloop
  endfacet
  facet normal 0 0 -1
    outer loop
      vertex 0 25.6 0
      vertex 15.5 32 0
      vertex 0.143579 25.5906 0
    endloop
  endfacet
  facet normal 0 0 -1
    outer loop
      vertex -0.143579 25.5906 0
      vertex 15.5 32 0
      vertex 0 25.6 0
    endloop
  endfacet
  facet normal 0 0 -1
    outer loop
      vertex -15.8564 25.5906 0
      vertex -0.143579 25.5906 0
      vertex -0.2847 25.5625 0
    endloop
  endfacet
  facet normal 0 0 -1
    outer loop
      vertex -15.7153 25.5625 0
      vertex -0.2847 25.5625 0
      vertex -0.420951 25.5163 0
    endloop
  endfacet
  facet normal 0 0 -1
    outer loop
      vertex -1.09059 24.3564 0
      vertex -14.9 24.5 0
      vertex -1.1 24.5 0
    endloop
  endfacet
  facet normal 0 0 -1
    outer loop
      vertex -1.1 24.5 0
      vertex -14.9 24.5 0
      vertex -1.09059 24.6436 0
    endloop
  endfacet
  facet normal 0 0 -1
    outer loop
      vertex -14.9094 24.6436 0
      vertex -1.09059 24.6436 0
      vertex -14.9 24.5 0
    endloop
  endfacet
  facet normal 0 0 -1
    outer loop
      vertex -14.9 24.5 0
      vertex -8 7 0
      vertex -8.39158 6.97433 0
    endloop
  endfacet
  facet normal 0 0 -1
    outer loop
      vertex -14.9 24.5 0
      vertex -8.39158 6.97433 0
      vertex -8.77646 6.89778 0
    endloop
  endfacet
  facet normal 0 0 -1
    outer loop
      vertex -14.9 24.5 0
      vertex -8.77646 6.89778 0
      vertex -9.14805 6.77164 0
    endloop
  endfacet
  facet normal 0 0 -1
    outer loop
      vertex -14.9 24.5 0
      vertex -9.14805 6.77164 0
      vertex -9.5 6.59808 0
    endloop
  endfacet
  facet normal 0 0 -1
    outer loop
      vertex -14.9 24.5 0
      vertex -9.5 6.59808 0
      vertex -9.82628 6.38006 0
    endloop
  endfacet
  facet normal 0 0 -1
    outer loop
      vertex -14.9 24.5 0
      vertex -9.82628 6.38006 0
      vertex -10.1213 6.12132 0
    endloop
  endfacet
  facet normal 0 0 -1
    outer loop
      vertex -14.9 24.5 0
      vertex -10.1213 6.12132 0
      vertex -10.3801 5.82628 0
    endloop
  endfacet
  facet normal 0 0 -1
    outer loop
      vertex -14.9 24.5 0
      vertex -10.3801 5.82628 0
      vertex -10.5981 5.5 0
    endloop
  endfacet
  facet normal 0 0 -1
    outer loop
      vertex -1.09059 24.6436 0
      vertex -14.9094 24.6436 0
      vertex -1.06252 24.7847 0
    endloop
  endfacet
  facet normal -0 0 -1
    outer loop
      vertex -10.3801 -5.82628 0
      vertex -18 -16.25 0
      vertex -10.5981 -5.5 0
    endloop
  endfacet
  facet normal 0 0 -1
    outer loop
      vertex -11 4 0
      vertex -14.9 24.5 0
      vertex -10.9743 4.39158 0
    endloop
  endfacet
  facet normal 0 0 -1
    outer loop
      vertex -14.9 24.5 0
      vertex -10.8978 4.77646 0
      vertex -10.9743 4.39158 0
    endloop
  endfacet
  facet normal 0 0 -1
    outer loop
      vertex -14.9 24.5 0
      vertex -10.7716 5.14805 0
      vertex -10.8978 4.77646 0
    endloop
  endfacet
  facet normal 0 0 -1
    outer loop
      vertex -14.9 24.5 0
      vertex -10.5981 5.5 0
      vertex -10.7716 5.14805 0
    endloop
  endfacet
  facet normal 0 0 -1
    outer loop
      vertex -14.9375 24.7847 0
      vertex -1.06252 24.7847 0
      vertex -14.9094 24.6436 0
    endloop
  endfacet
  facet normal 0 0 -1
    outer loop
      vertex -1.06252 24.7847 0
      vertex -14.9375 24.7847 0
      vertex -1.01627 24.921 0
    endloop
  endfacet
  facet normal 0 0 -1
    outer loop
      vertex -14.9837 24.921 0
      vertex -1.01627 24.921 0
      vertex -14.9375 24.7847 0
    endloop
  endfacet
  facet normal 0 0 -1
    outer loop
      vertex -1.01627 24.921 0
      vertex -14.9837 24.921 0
      vertex -0.952627 25.05 0
    endloop
  endfacet
  facet normal 0 0 -1
    outer loop
      vertex -15.0474 25.05 0
      vertex -0.952627 25.05 0
      vertex -14.9837 24.921 0
    endloop
  endfacet
  facet normal 0 0 -1
    outer loop
      vertex -0.952627 25.05 0
      vertex -15.0474 25.05 0
      vertex -0.872688 25.1696 0
    endloop
  endfacet
  facet normal 0 0 -1
    outer loop
      vertex -15.1273 25.1696 0
      vertex -0.872688 25.1696 0
      vertex -15.0474 25.05 0
    endloop
  endfacet
  facet normal 0 0 -1
    outer loop
      vertex -0.872688 25.1696 0
      vertex -15.1273 25.1696 0
      vertex -0.777817 25.2778 0
    endloop
  endfacet
  facet normal 0 0 -1
    outer loop
      vertex -15.2222 25.2778 0
      vertex -0.777817 25.2778 0
      vertex -15.1273 25.1696 0
    endloop
  endfacet
  facet normal 0 0 -1
    outer loop
      vertex -0.777817 25.2778 0
      vertex -15.2222 25.2778 0
      vertex -0.669637 25.3727 0
    endloop
  endfacet
  facet normal 0 0 -1
    outer loop
      vertex -15.3304 25.3727 0
      vertex -0.669637 25.3727 0
      vertex -15.2222 25.2778 0
    endloop
  endfacet
  facet normal 0 0 -1
    outer loop
      vertex -0.669637 25.3727 0
      vertex -15.3304 25.3727 0
      vertex -0.549999 25.4526 0
    endloop
  endfacet
  facet normal 0 0 -1
    outer loop
      vertex -15.45 25.4526 0
      vertex -0.549999 25.4526 0
      vertex -15.3304 25.3727 0
    endloop
  endfacet
  facet normal 0 0 -1
    outer loop
      vertex -0.549999 25.4526 0
      vertex -15.45 25.4526 0
      vertex -0.420951 25.5163 0
    endloop
  endfacet
  facet normal 0 0 -1
    outer loop
      vertex -15.579 25.5163 0
      vertex -0.420951 25.5163 0
      vertex -15.45 25.4526 0
    endloop
  endfacet
  facet normal 0 0 -1
    outer loop
      vertex -15.7153 25.5625 0
      vertex -0.420951 25.5163 0
      vertex -15.579 25.5163 0
    endloop
  endfacet
  facet normal 0 0 -1
    outer loop
      vertex -15.8564 25.5906 0
      vertex -0.2847 25.5625 0
      vertex -15.7153 25.5625 0
    endloop
  endfacet
  facet normal 0 0 -1
    outer loop
      vertex -0.143579 25.5906 0
      vertex -15.8564 25.5906 0
      vertex 15.5 32 0
    endloop
  endfacet
  facet normal 0 0 -1
    outer loop
      vertex -31.5 32 0
      vertex -15.8564 25.5906 0
      vertex -16 25.6 0
    endloop
  endfacet
  facet normal 0 0 -1
    outer loop
      vertex -31.5 32 0
      vertex -16 25.6 0
      vertex -16.1436 25.5906 0
    endloop
  endfacet
  facet normal 0 0 -1
    outer loop
      vertex -31.5 32 0
      vertex -16.1436 25.5906 0
      vertex -16.2847 25.5625 0
    endloop
  endfacet
  facet normal -0 0 -1
    outer loop
      vertex -17.0163 24.079 0
      vertex -18 19.75 0
      vertex -17.0625 24.2153 0
    endloop
  endfacet
  facet normal -0 0 -1
    outer loop
      vertex -17.0625 24.2153 0
      vertex -18 19.75 0
      vertex -17.0906 24.3564 0
    endloop
  endfacet
  facet normal 0 0 -1
    outer loop
      vertex -32 19.75 0
      vertex -17.0906 24.3564 0
      vertex -18 19.75 0
    endloop
  endfacet
  facet normal -0 0 -1
    outer loop
      vertex -17.0906 24.3564 0
      vertex -32 19.75 0
      vertex -17.1 24.5 0
    endloop
  endfacet
  facet normal 0 0 -1
    outer loop
      vertex -15.8564 25.5906 0
      vertex -31.5 32 0
      vertex 15.5 32 0
    endloop
  endfacet
  facet normal 0 0 -1
    outer loop
      vertex -16.421 25.5163 0
      vertex -31.5 32 0
      vertex -16.2847 25.5625 0
    endloop
  endfacet
  facet normal 0 0 -1
    outer loop
      vertex -16.55 25.4526 0
      vertex -31.5 32 0
      vertex -16.421 25.5163 0
    endloop
  endfacet
  facet normal 0 0 -1
    outer loop
      vertex -16.6696 25.3727 0
      vertex -31.5 32 0
      vertex -16.55 25.4526 0
    endloop
  endfacet
  facet normal 0 0 -1
    outer loop
      vertex -16.7778 25.2778 0
      vertex -31.5 32 0
      vertex -16.6696 25.3727 0
    endloop
  endfacet
  facet normal 0 0 -1
    outer loop
      vertex -16.8727 25.1696 0
      vertex -31.5 32 0
      vertex -16.7778 25.2778 0
    endloop
  endfacet
  facet normal 0 0 -1
    outer loop
      vertex -16.9526 25.05 0
      vertex -31.5 32 0
      vertex -16.8727 25.1696 0
    endloop
  endfacet
  facet normal 0 0 -1
    outer loop
      vertex -17.0163 24.921 0
      vertex -31.5 32 0
      vertex -16.9526 25.05 0
    endloop
  endfacet
  facet normal 0 0 -1
    outer loop
      vertex -17.0625 24.7847 0
      vertex -31.5 32 0
      vertex -17.0163 24.921 0
    endloop
  endfacet
  facet normal 0 0 -1
    outer loop
      vertex -17.0906 24.6436 0
      vertex -31.5 32 0
      vertex -17.0625 24.7847 0
    endloop
  endfacet
  facet normal -0 0 -1
    outer loop
      vertex -17.1 24.5 0
      vertex -32 19.75 0
      vertex -17.0906 24.6436 0
    endloop
  endfacet
  facet normal -0 0 -1
    outer loop
      vertex -17.0906 24.6436 0
      vertex -32 19.75 0
      vertex -31.5 32 0
    endloop
  endfacet
  facet normal 0 0 -1
    outer loop
      vertex -46.3641 37.7846 0
      vertex -31.5 32 0
      vertex -32 19.75 0
    endloop
  endfacet
  facet normal 0 0 -1
    outer loop
      vertex -41.7896 2.19996 0
      vertex -32 16.25 0
      vertex -41.5727 1.10947 0
    endloop
  endfacet
  facet normal 0 0 -1
    outer loop
      vertex -42.147 3.25281 0
      vertex -32 16.25 0
      vertex -41.7896 2.19996 0
    endloop
  endfacet
  facet normal 0 0 -1
    outer loop
      vertex -42.6388 4.25 0
      vertex -32 16.25 0
      vertex -42.147 3.25281 0
    endloop
  endfacet
  facet normal 0 0 -1
    outer loop
      vertex -43.2565 5.17447 0
      vertex -32 16.25 0
      vertex -42.6388 4.25 0
    endloop
  endfacet
  facet normal 0 0 -1
    outer loop
      vertex -43.9896 6.01041 0
      vertex -32 16.25 0
      vertex -43.2565 5.17447 0
    endloop
  endfacet
  facet normal 0 0 -1
    outer loop
      vertex -44.8255 6.7435 0
      vertex -32 16.25 0
      vertex -43.9896 6.01041 0
    endloop
  endfacet
  facet normal 0 0 -1
    outer loop
      vertex -45.75 7.36122 0
      vertex -32 16.25 0
      vertex -44.8255 6.7435 0
    endloop
  endfacet
  facet normal 0 0 -1
    outer loop
      vertex -48.5711 10.825 0
      vertex -32 16.25 0
      vertex -45.75 7.36122 0
    endloop
  endfacet
  facet normal 0 0 -1
    outer loop
      vertex -48.691 11.0045 0
      vertex -32 16.25 0
      vertex -48.5711 10.825 0
    endloop
  endfacet
  facet normal 0 0 -1
    outer loop
      vertex -46.3641 38.2154 0
      vertex -31.5 32 0
      vertex -46.35 38 0
    endloop
  endfacet
  facet normal 0 0 -1
    outer loop
      vertex -31.5 32 0
      vertex -46.3641 38.2154 0
      vertex -31.5 47 0
    endloop
  endfacet
  facet normal 0 0 -1
    outer loop
      vertex -46.4062 38.4271 0
      vertex -31.5 47 0
      vertex -46.3641 38.2154 0
    endloop
  endfacet
  facet normal 0 0 -1
    outer loop
      vertex -46.4756 38.6314 0
      vertex -31.5 47 0
      vertex -46.4062 38.4271 0
    endloop
  endfacet
  facet normal 0 0 -1
    outer loop
      vertex -46.5711 38.825 0
      vertex -31.5 47 0
      vertex -46.4756 38.6314 0
    endloop
  endfacet
  facet normal 0 0 -1
    outer loop
      vertex -46.691 39.0045 0
      vertex -31.5 47 0
      vertex -46.5711 38.825 0
    endloop
  endfacet
  facet normal 0 0 -1
    outer loop
      vertex -46.8333 39.1667 0
      vertex -31.5 47 0
      vertex -46.691 39.0045 0
    endloop
  endfacet
  facet normal 0 0 -1
    outer loop
      vertex -46.9955 39.309 0
      vertex -31.5 47 0
      vertex -46.8333 39.1667 0
    endloop
  endfacet
  facet normal 0 0 -1
    outer loop
      vertex -47.175 39.4289 0
      vertex -31.5 47 0
      vertex -46.9955 39.309 0
    endloop
  endfacet
  facet normal 0 0 -1
    outer loop
      vertex -47.3686 39.5244 0
      vertex -31.5 47 0
      vertex -47.175 39.4289 0
    endloop
  endfacet
  facet normal 0 0 -1
    outer loop
      vertex -47.5729 39.5938 0
      vertex -31.5 47 0
      vertex -47.3686 39.5244 0
    endloop
  endfacet
  facet normal 0 0 -1
    outer loop
      vertex -47.7846 39.6359 0
      vertex -31.5 47 0
      vertex -47.5729 39.5938 0
    endloop
  endfacet
  facet normal 0 0 -1
    outer loop
      vertex -60 47 0
      vertex -47.7846 39.6359 0
      vertex -48 39.65 0
    endloop
  endfacet
  facet normal 0 0 -1
    outer loop
      vertex -60 47 0
      vertex -48 39.65 0
      vertex -48.2154 39.6359 0
    endloop
  endfacet
  facet normal 0 0 -1
    outer loop
      vertex -60 47 0
      vertex -48.2154 39.6359 0
      vertex -48.4271 39.5938 0
    endloop
  endfacet
  facet normal 0 0 -1
    outer loop
      vertex -60 47 0
      vertex -48.4271 39.5938 0
      vertex -48.6314 39.5244 0
    endloop
  endfacet
  facet normal 0 0 -1
    outer loop
      vertex -49.1667 36.8333 0
      vertex -68 39 0
      vertex -49.309 36.9955 0
    endloop
  endfacet
  facet normal 0 0 -1
    outer loop
      vertex -49.309 36.9955 0
      vertex -68 39 0
      vertex -49.4289 37.175 0
    endloop
  endfacet
  facet normal 0 0 -1
    outer loop
      vertex -49.4289 37.175 0
      vertex -68 39 0
      vertex -49.5244 37.3686 0
    endloop
  endfacet
  facet normal 0 0 -1
    outer loop
      vertex -49.5244 37.3686 0
      vertex -68 39 0
      vertex -49.5938 37.5729 0
    endloop
  endfacet
  facet normal 0 0 -1
    outer loop
      vertex -49.5938 37.5729 0
      vertex -68 39 0
      vertex -49.6359 37.7846 0
    endloop
  endfacet
  facet normal -0 0 -1
    outer loop
      vertex -49.1667 36.8333 0
      vertex -51.0045 11.309 0
      vertex -68 39 0
    endloop
  endfacet
  facet normal 0 0 -1
    outer loop
      vertex -68 39 0
      vertex -51.0045 11.309 0
      vertex -51.1667 11.1667 0
    endloop
  endfacet
  facet normal 0 0 -1
    outer loop
      vertex -68 39 0
      vertex -51.1667 11.1667 0
      vertex -51.309 11.0045 0
    endloop
  endfacet
  facet normal 0 0 -1
    outer loop
      vertex -68 39 0
      vertex -51.309 11.0045 0
      vertex -51.4289 10.825 0
    endloop
  endfacet
  facet normal 0 0 -1
    outer loop
      vertex -55.1745 6.7435 0
      vertex -51.4289 10.825 0
      vertex -51.5244 10.6314 0
    endloop
  endfacet
  facet normal 0 0 -1
    outer loop
      vertex -49.6359 37.7846 0
      vertex -68 39 0
      vertex -49.65 38 0
    endloop
  endfacet
  facet normal 0 0 -1
    outer loop
      vertex -54.25 7.36122 0
      vertex -51.5244 10.6314 0
      vertex -51.5938 10.4271 0
    endloop
  endfacet
  facet normal 0 0 -1
    outer loop
      vertex -54.25 7.36122 0
      vertex -51.5938 10.4271 0
      vertex -51.6359 10.2154 0
    endloop
  endfacet
  facet normal -0 0 -1
    outer loop
      vertex -51.6359 9.78463 0
      vertex -53.2528 7.85298 0
      vertex -51.65 10 0
    endloop
  endfacet
  facet normal -0 0 -1
    outer loop
      vertex -51.65 10 0
      vertex -53.2528 7.85298 0
      vertex -51.6359 10.2154 0
    endloop
  endfacet
  facet normal 0 0 -1
    outer loop
      vertex -54.25 7.36122 0
      vertex -51.6359 10.2154 0
      vertex -53.2528 7.85298 0
    endloop
  endfacet
  facet normal 0 0 -1
    outer loop
      vertex -51.5244 10.6314 0
      vertex -54.25 7.36122 0
      vertex -55.1745 6.7435 0
    endloop
  endfacet
  facet normal -0 0 -1
    outer loop
      vertex -51.4289 10.825 0
      vertex -55.1745 6.7435 0
      vertex -68 39 0
    endloop
  endfacet
  facet normal 0 0 -1
    outer loop
      vertex -68 39 0
      vertex -55.1745 6.7435 0
      vertex -56.0104 6.01041 0
    endloop
  endfacet
  facet normal 0 0 -1
    outer loop
      vertex -68 39 0
      vertex -56.0104 6.01041 0
      vertex -56.7435 5.17447 0
    endloop
  endfacet
  facet normal 0 -0 -1
    outer loop
      vertex -60 47 0
      vertex -49.65 38 0
      vertex -68 39 0
    endloop
  endfacet
  facet normal 0 0 -1
    outer loop
      vertex -68 39 0
      vertex -56.7435 5.17447 0
      vertex -57.3612 4.25 0
    endloop
  endfacet
  facet normal 0 0 -1
    outer loop
      vertex -68 39 0
      vertex -57.3612 4.25 0
      vertex -57.853 3.25281 0
    endloop
  endfacet
  facet normal 0 0 -1
    outer loop
      vertex -68 39 0
      vertex -57.853 3.25281 0
      vertex -58.2104 2.19996 0
    endloop
  endfacet
  facet normal 0 0 -1
    outer loop
      vertex -47.7846 39.6359 0
      vertex -60 47 0
      vertex -31.5 47 0
    endloop
  endfacet
  facet normal 0 0 -1
    outer loop
      vertex -48.825 39.4289 0
      vertex -60 47 0
      vertex -48.6314 39.5244 0
    endloop
  endfacet
  facet normal 0 0 -1
    outer loop
      vertex -49.0045 39.309 0
      vertex -60 47 0
      vertex -48.825 39.4289 0
    endloop
  endfacet
  facet normal 0 0 -1
    outer loop
      vertex -49.1667 39.1667 0
      vertex -60 47 0
      vertex -49.0045 39.309 0
    endloop
  endfacet
  facet normal 0 0 -1
    outer loop
      vertex -49.309 39.0045 0
      vertex -60 47 0
      vertex -49.1667 39.1667 0
    endloop
  endfacet
  facet normal 0 0 -1
    outer loop
      vertex -49.4289 38.825 0
      vertex -60 47 0
      vertex -49.309 39.0045 0
    endloop
  endfacet
  facet normal 0 0 -1
    outer loop
      vertex -49.5244 38.6314 0
      vertex -60 47 0
      vertex -49.4289 38.825 0
    endloop
  endfacet
  facet normal 0 0 -1
    outer loop
      vertex -49.5938 38.4271 0
      vertex -60 47 0
      vertex -49.5244 38.6314 0
    endloop
  endfacet
  facet normal 0 0 -1
    outer loop
      vertex -49.65 38 0
      vertex -60 47 0
      vertex -49.6359 38.2154 0
    endloop
  endfacet
  facet normal 0 0 -1
    outer loop
      vertex -68 39 0
      vertex -58.2104 2.19996 0
      vertex -58.4273 1.10947 0
    endloop
  endfacet
  facet normal 0 0 -1
    outer loop
      vertex -68 39 0
      vertex -58.4273 1.10947 0
      vertex -58.5 0 0
    endloop
  endfacet
  facet normal -0 0 -1
    outer loop
      vertex -58.4273 -1.10947 0
      vertex -68 -39 0
      vertex -58.5 0 0
    endloop
  endfacet
  facet normal 0 0 -1
    outer loop
      vertex -68 -39 0
      vertex -60 -47 0
      vertex -61.0442 -46.9316 0
    endloop
  endfacet
  facet normal 0 0 -1
    outer loop
      vertex -68 39 0
      vertex -58.5 0 0
      vertex -68 -39 0
    endloop
  endfacet
  facet normal 0 0 -1
    outer loop
      vertex -68 -39 0
      vertex -61.0442 -46.9316 0
      vertex -62.0706 -46.7274 0
    endloop
  endfacet
  facet normal 0 0 -1
    outer loop
      vertex -49.6359 38.2154 0
      vertex -60 47 0
      vertex -49.5938 38.4271 0
    endloop
  endfacet
  facet normal 0 0 -1
    outer loop
      vertex -68 -39 0
      vertex -62.0706 -46.7274 0
      vertex -63.0615 -46.391 0
    endloop
  endfacet
  facet normal 0 0 -1
    outer loop
      vertex -60 47 0
      vertex -68 39 0
      vertex -61.0442 46.9316 0
    endloop
  endfacet
  facet normal 0 0 -1
    outer loop
      vertex -68 -39 0
      vertex -63.0615 -46.391 0
      vertex -64 -45.9282 0
    endloop
  endfacet
  facet normal 0 0 -1
    outer loop
      vertex -61.0442 46.9316 0
      vertex -68 39 0
      vertex -62.0706 46.7274 0
    endloop
  endfacet
  facet normal 0 0 -1
    outer loop
      vertex -68 -39 0
      vertex -64 -45.9282 0
      vertex -64.8701 -45.3468 0
    endloop
  endfacet
  facet normal 0 0 -1
    outer loop
      vertex -62.0706 46.7274 0
      vertex -68 39 0
      vertex -63.0615 46.391 0
    endloop
  endfacet
  facet normal 0 0 -1
    outer loop
      vertex -68 -39 0
      vertex -64.8701 -45.3468 0
      vertex -65.6569 -44.6569 0
    endloop
  endfacet
  facet normal 0 0 -1
    outer loop
      vertex -63.0615 46.391 0
      vertex -68 39 0
      vertex -64 45.9282 0
    endloop
  endfacet
  facet normal 0 0 -1
    outer loop
      vertex -68 -39 0
      vertex -65.6569 -44.6569 0
      vertex -66.3468 -43.8701 0
    endloop
  endfacet
  facet normal 0 0 -1
    outer loop
      vertex -64 45.9282 0
      vertex -68 39 0
      vertex -64.8701 45.3468 0
    endloop
  endfacet
  facet normal 0 0 -1
    outer loop
      vertex -68 -39 0
      vertex -66.3468 -43.8701 0
      vertex -66.9282 -43 0
    endloop
  endfacet
  facet normal 0 0 -1
    outer loop
      vertex -64.8701 45.3468 0
      vertex -68 39 0
      vertex -65.6569 44.6569 0
    endloop
  endfacet
  facet normal 0 0 -1
    outer loop
      vertex -68 -39 0
      vertex -66.9282 -43 0
      vertex -67.391 -42.0615 0
    endloop
  endfacet
  facet normal 0 0 -1
    outer loop
      vertex -65.6569 44.6569 0
      vertex -68 39 0
      vertex -66.3468 43.8701 0
    endloop
  endfacet
  facet normal 0 0 -1
    outer loop
      vertex -68 -39 0
      vertex -67.391 -42.0615 0
      vertex -67.7274 -41.0706 0
    endloop
  endfacet
  facet normal 0 0 -1
    outer loop
      vertex -66.3468 43.8701 0
      vertex -68 39 0
      vertex -66.9282 43 0
    endloop
  endfacet
  facet normal 0 0 -1
    outer loop
      vertex -68 -39 0
      vertex -67.7274 -41.0706 0
      vertex -67.9316 -40.0442 0
    endloop
  endfacet
  facet normal 0 0 -1
    outer loop
      vertex -66.9282 43 0
      vertex -68 39 0
      vertex -67.391 42.0615 0
    endloop
  endfacet
  facet normal 0 0 -1
    outer loop
      vertex -67.391 42.0615 0
      vertex -68 39 0
      vertex -67.7274 41.0706 0
    endloop
  endfacet
  facet normal 0 0 -1
    outer loop
      vertex -67.7274 41.0706 0
      vertex -68 39 0
      vertex -67.9316 40.0442 0
    endloop
  endfacet
  facet normal 0 0 -1
    outer loop
      vertex 20.6699 9.5 0
      vertex 22 16.25 0
      vertex 25 12 0
    endloop
  endfacet
  facet normal 0 0 -1
    outer loop
      vertex 15.3301 4.5 0
      vertex 20.6699 4.5 0
      vertex 15.3301 -4.5 0
    endloop
  endfacet
  facet normal 0 0 -1
    outer loop
      vertex 20.6699 4.5 0
      vertex 15.3301 4.5 0
      vertex 20.6699 9.5 0
    endloop
  endfacet
  facet normal 0 0 -1
    outer loop
      vertex 15.3301 9.5 0
      vertex 20.6699 9.5 0
      vertex 15.3301 4.5 0
    endloop
  endfacet
  facet normal 0 0 -1
    outer loop
      vertex 20.6699 9.5 0
      vertex 15.3301 9.5 0
      vertex 22 16.25 0
    endloop
  endfacet
  facet normal 0 0 -1
    outer loop
      vertex 11 12 0
      vertex 22 16.25 0
      vertex 15.3301 9.5 0
    endloop
  endfacet
  facet normal 0 0 -1
    outer loop
      vertex 11 12 0
      vertex 8 16.25 0
      vertex 22 16.25 0
    endloop
  endfacet
  facet normal 0 0 -1
    outer loop
      vertex 1.1 24.5 0
      vertex 8 16.25 0
      vertex 6.66987 9.5 0
    endloop
  endfacet
  facet normal 0 0 -1
    outer loop
      vertex 6.66987 9.5 0
      vertex 8 16.25 0
      vertex 11 12 0
    endloop
  endfacet
  facet normal 0 0 -1
    outer loop
      vertex 25 -2 0
      vertex 29.3301 4.5 0
      vertex 29.3301 -4.5 0
    endloop
  endfacet
  facet normal 0 0 -1
    outer loop
      vertex 25 -2 0
      vertex 25 2 0
      vertex 29.3301 4.5 0
    endloop
  endfacet
  facet normal 0 0 -1
    outer loop
      vertex 20.6699 -4.5 0
      vertex 25 2 0
      vertex 25 -2 0
    endloop
  endfacet
  facet normal -0 0 -1
    outer loop
      vertex 25 2 0
      vertex 20.6699 -4.5 0
      vertex 20.6699 4.5 0
    endloop
  endfacet
  facet normal 0 0 -1
    outer loop
      vertex 49.5244 -37.3686 0
      vertex 68 -39 0
      vertex 49.5938 -37.5729 0
    endloop
  endfacet
  facet normal 0 0 -1
    outer loop
      vertex 68 39 0
      vertex 49.6359 37.7846 0
      vertex 49.65 38 0
    endloop
  endfacet
  facet normal 0 0 -1
    outer loop
      vertex 49.4289 -37.175 0
      vertex 68 -39 0
      vertex 49.5244 -37.3686 0
    endloop
  endfacet
  facet normal 0 0 -1
    outer loop
      vertex 68 39 0
      vertex 49.5938 37.5729 0
      vertex 49.6359 37.7846 0
    endloop
  endfacet
  facet normal 0 0 -1
    outer loop
      vertex 49.309 -36.9955 0
      vertex 68 -39 0
      vertex 49.4289 -37.175 0
    endloop
  endfacet
  facet normal 0 0 -1
    outer loop
      vertex 68 39 0
      vertex 49.5244 37.3686 0
      vertex 49.5938 37.5729 0
    endloop
  endfacet
  facet normal 0 0 -1
    outer loop
      vertex 49.1667 -36.8333 0
      vertex 68 -39 0
      vertex 49.309 -36.9955 0
    endloop
  endfacet
  facet normal 0 0 -1
    outer loop
      vertex 68 39 0
      vertex 49.4289 37.175 0
      vertex 49.5244 37.3686 0
    endloop
  endfacet
  facet normal 0 0 -1
    outer loop
      vertex 49.0045 -36.691 0
      vertex 68 -39 0
      vertex 49.1667 -36.8333 0
    endloop
  endfacet
  facet normal 0 0 -1
    outer loop
      vertex 68 39 0
      vertex 49.309 36.9955 0
      vertex 49.4289 37.175 0
    endloop
  endfacet
  facet normal 0 0 -1
    outer loop
      vertex 48.825 -36.5711 0
      vertex 68 -39 0
      vertex 49.0045 -36.691 0
    endloop
  endfacet
  facet normal 0 0 -1
    outer loop
      vertex 68 39 0
      vertex 49.1667 36.8333 0
      vertex 49.309 36.9955 0
    endloop
  endfacet
  facet normal 0 0 -1
    outer loop
      vertex 48.6314 -36.4756 0
      vertex 68 -39 0
      vertex 48.825 -36.5711 0
    endloop
  endfacet
  facet normal 0 0 -1
    outer loop
      vertex 68 39 0
      vertex 49.0045 36.691 0
      vertex 49.1667 36.8333 0
    endloop
  endfacet
  facet normal 0 0 -1
    outer loop
      vertex 68 -39 0
      vertex 29.3301 -4.5 0
      vertex 68 39 0
    endloop
  endfacet
  facet normal 0 0 -1
    outer loop
      vertex 68 39 0
      vertex 48.825 36.5711 0
      vertex 49.0045 36.691 0
    endloop
  endfacet
  facet normal 0 0 -1
    outer loop
      vertex 68 -39 0
      vertex 48.6314 -36.4756 0
      vertex 29.3301 -4.5 0
    endloop
  endfacet
  facet normal 0 0 -1
    outer loop
      vertex 29.3301 4.5 0
      vertex 68 39 0
      vertex 29.3301 -4.5 0
    endloop
  endfacet
  facet normal 0 0 -1
    outer loop
      vertex 29.3301 -9.5 0
      vertex 48.6314 -36.4756 0
      vertex 48.4271 -36.4062 0
    endloop
  endfacet
  facet normal 0 -0 -1
    outer loop
      vertex 48.6314 36.4756 0
      vertex 68 39 0
      vertex 29.3301 4.5 0
    endloop
  endfacet
  facet normal 0 0 -1
    outer loop
      vertex 29.3301 -9.5 0
      vertex 48.4271 -36.4062 0
      vertex 48.2154 -36.3641 0
    endloop
  endfacet
  facet normal 0 0 -1
    outer loop
      vertex 68 39 0
      vertex 48.6314 36.4756 0
      vertex 48.825 36.5711 0
    endloop
  endfacet
  facet normal 0 0 -1
    outer loop
      vertex 29.3301 -9.5 0
      vertex 48.2154 -36.3641 0
      vertex 48 -36.35 0
    endloop
  endfacet
  facet normal 0 0 -1
    outer loop
      vertex 29.3301 9.5 0
      vertex 48.6314 36.4756 0
      vertex 29.3301 4.5 0
    endloop
  endfacet
  facet normal 0 0 -1
    outer loop
      vertex 29.3301 -9.5 0
      vertex 48 -36.35 0
      vertex 47.7846 -36.3641 0
    endloop
  endfacet
  facet normal 0 0 -1
    outer loop
      vertex 48.6314 36.4756 0
      vertex 29.3301 9.5 0
      vertex 48.4271 36.4062 0
    endloop
  endfacet
  facet normal 0 0 -1
    outer loop
      vertex 29.3301 -9.5 0
      vertex 47.7846 -36.3641 0
      vertex 47.5729 -36.4062 0
    endloop
  endfacet
  facet normal 0 0 -1
    outer loop
      vertex 48.4271 36.4062 0
      vertex 29.3301 9.5 0
      vertex 48.2154 36.3641 0
    endloop
  endfacet
  facet normal 0 0 -1
    outer loop
      vertex 29.3301 -9.5 0
      vertex 47.5729 -36.4062 0
      vertex 47.3686 -36.4756 0
    endloop
  endfacet
  facet normal 0 0 -1
    outer loop
      vertex 48.2154 36.3641 0
      vertex 29.3301 9.5 0
      vertex 48 36.35 0
    endloop
  endfacet
  facet normal 0 0 -1
    outer loop
      vertex 29.3301 -9.5 0
      vertex 47.3686 -36.4756 0
      vertex 47.175 -36.5711 0
    endloop
  endfacet
  facet normal -0 0 -1
    outer loop
      vertex 48 36.35 0
      vertex 29.3301 9.5 0
      vertex 47.7846 36.3641 0
    endloop
  endfacet
  facet normal 0 0 -1
    outer loop
      vertex 29.3301 -9.5 0
      vertex 47.175 -36.5711 0
      vertex 46.9955 -36.691 0
    endloop
  endfacet
  facet normal -0 0 -1
    outer loop
      vertex 47.7846 36.3641 0
      vertex 29.3301 9.5 0
      vertex 47.5729 36.4062 0
    endloop
  endfacet
  facet normal 0 0 -1
    outer loop
      vertex 22 -19.75 0
      vertex 46.9955 -36.691 0
      vertex 46.8333 -36.8333 0
    endloop
  endfacet
  facet normal -0 0 -1
    outer loop
      vertex 47.5729 36.4062 0
      vertex 29.3301 9.5 0
      vertex 47.3686 36.4756 0
    endloop
  endfacet
  facet normal 0 0 -1
    outer loop
      vertex 22 -19.75 0
      vertex 46.8333 -36.8333 0
      vertex 46.691 -36.9955 0
    endloop
  endfacet
  facet normal -0 0 -1
    outer loop
      vertex 47.3686 36.4756 0
      vertex 29.3301 9.5 0
      vertex 47.175 36.5711 0
    endloop
  endfacet
  facet normal 0 0 -1
    outer loop
      vertex 22 -19.75 0
      vertex 46.691 -36.9955 0
      vertex 46.5711 -37.175 0
    endloop
  endfacet
  facet normal -0 0 -1
    outer loop
      vertex 47.175 36.5711 0
      vertex 29.3301 9.5 0
      vertex 46.9955 36.691 0
    endloop
  endfacet
  facet normal 0 0 -1
    outer loop
      vertex 22 -19.75 0
      vertex 46.5711 -37.175 0
      vertex 46.4756 -37.3686 0
    endloop
  endfacet
  facet normal 0 0 -1
    outer loop
      vertex 22 19.75 0
      vertex 46.9955 36.691 0
      vertex 29.3301 9.5 0
    endloop
  endfacet
  facet normal 0 0 -1
    outer loop
      vertex 22 -19.75 0
      vertex 46.4756 -37.3686 0
      vertex 46.4062 -37.5729 0
    endloop
  endfacet
  facet normal -0 0 -1
    outer loop
      vertex 46.9955 36.691 0
      vertex 22 19.75 0
      vertex 46.8333 36.8333 0
    endloop
  endfacet
  facet normal 0 0 -1
    outer loop
      vertex 15.5 -32 0
      vertex 46.4062 -37.5729 0
      vertex 46.3641 -37.7846 0
    endloop
  endfacet
  facet normal -0 0 -1
    outer loop
      vertex 46.8333 36.8333 0
      vertex 22 19.75 0
      vertex 46.691 36.9955 0
    endloop
  endfacet
  facet normal 0 0 -1
    outer loop
      vertex 15.5 -32 0
      vertex 46.3641 -37.7846 0
      vertex 46.35 -38 0
    endloop
  endfacet
  facet normal -0 0 -1
    outer loop
      vertex 46.691 36.9955 0
      vertex 22 19.75 0
      vertex 46.5711 37.175 0
    endloop
  endfacet
  facet normal 0 0 -1
    outer loop
      vertex 60 -47 0
      vertex 68 -39 0
      vertex 67.9316 -40.0442 0
    endloop
  endfacet
  facet normal 0 0 -1
    outer loop
      vertex 49.6359 -37.7846 0
      vertex 68 -39 0
      vertex 49.65 -38 0
    endloop
  endfacet
  facet normal 0 0 -1
    outer loop
      vertex 60 -47 0
      vertex 67.9316 -40.0442 0
      vertex 67.7274 -41.0706 0
    endloop
  endfacet
  facet normal 0 0 -1
    outer loop
      vertex 49.5938 -37.5729 0
      vertex 68 -39 0
      vertex 49.6359 -37.7846 0
    endloop
  endfacet
  facet normal 0 0 -1
    outer loop
      vertex 60 -47 0
      vertex 67.7274 -41.0706 0
      vertex 67.391 -42.0615 0
    endloop
  endfacet
  facet normal 0 -0 -1
    outer loop
      vertex 60 47 0
      vertex 68 39 0
      vertex 49.65 38 0
    endloop
  endfacet
  facet normal 0 0 -1
    outer loop
      vertex 60 -47 0
      vertex 67.391 -42.0615 0
      vertex 66.9282 -43 0
    endloop
  endfacet
  facet normal 0 0 -1
    outer loop
      vertex 68 39 0
      vertex 60 47 0
      vertex 67.9316 40.0442 0
    endloop
  endfacet
  facet normal 0 0 -1
    outer loop
      vertex 60 -47 0
      vertex 66.9282 -43 0
      vertex 66.3468 -43.8701 0
    endloop
  endfacet
  facet normal 0 0 -1
    outer loop
      vertex 67.9316 40.0442 0
      vertex 60 47 0
      vertex 67.7274 41.0706 0
    endloop
  endfacet
  facet normal 0 0 -1
    outer loop
      vertex 60 -47 0
      vertex 66.3468 -43.8701 0
      vertex 65.6569 -44.6569 0
    endloop
  endfacet
  facet normal 0 0 -1
    outer loop
      vertex 67.7274 41.0706 0
      vertex 60 47 0
      vertex 67.391 42.0615 0
    endloop
  endfacet
  facet normal 0 0 -1
    outer loop
      vertex 60 -47 0
      vertex 65.6569 -44.6569 0
      vertex 64.8701 -45.3468 0
    endloop
  endfacet
  facet normal 0 0 -1
    outer loop
      vertex 67.391 42.0615 0
      vertex 60 47 0
      vertex 66.9282 43 0
    endloop
  endfacet
  facet normal 0 0 -1
    outer loop
      vertex 60 -47 0
      vertex 64.8701 -45.3468 0
      vertex 64 -45.9282 0
    endloop
  endfacet
  facet normal 0 0 -1
    outer loop
      vertex 66.9282 43 0
      vertex 60 47 0
      vertex 66.3468 43.8701 0
    endloop
  endfacet
  facet normal 0 0 -1
    outer loop
      vertex 60 -47 0
      vertex 64 -45.9282 0
      vertex 63.0615 -46.391 0
    endloop
  endfacet
  facet normal 0 0 -1
    outer loop
      vertex 66.3468 43.8701 0
      vertex 60 47 0
      vertex 65.6569 44.6569 0
    endloop
  endfacet
  facet normal 0 0 -1
    outer loop
      vertex 60 -47 0
      vertex 63.0615 -46.391 0
      vertex 62.0706 -46.7274 0
    endloop
  endfacet
  facet normal 0 0 -1
    outer loop
      vertex 65.6569 44.6569 0
      vertex 60 47 0
      vertex 64.8701 45.3468 0
    endloop
  endfacet
  facet normal 0 0 -1
    outer loop
      vertex 60 -47 0
      vertex 62.0706 -46.7274 0
      vertex 61.0442 -46.9316 0
    endloop
  endfacet
  facet normal 0 0 -1
    outer loop
      vertex 64.8701 45.3468 0
      vertex 60 47 0
      vertex 64 45.9282 0
    endloop
  endfacet
  facet normal -0 0 -1
    outer loop
      vertex 68 -39 0
      vertex 60 -47 0
      vertex 49.65 -38 0
    endloop
  endfacet
  facet normal 0 0 -1
    outer loop
      vertex 64 45.9282 0
      vertex 60 47 0
      vertex 63.0615 46.391 0
    endloop
  endfacet
  facet normal 0 0 -1
    outer loop
      vertex 63.0615 46.391 0
      vertex 60 47 0
      vertex 62.0706 46.7274 0
    endloop
  endfacet
  facet normal 0 0 -1
    outer loop
      vertex 60 -47 0
      vertex 49.6359 -38.2154 0
      vertex 49.65 -38 0
    endloop
  endfacet
  facet normal 0 0 -1
    outer loop
      vertex 60 -47 0
      vertex 49.5938 -38.4271 0
      vertex 49.6359 -38.2154 0
    endloop
  endfacet
  facet normal 0 0 -1
    outer loop
      vertex 60 -47 0
      vertex 49.5244 -38.6314 0
      vertex 49.5938 -38.4271 0
    endloop
  endfacet
  facet normal 0 0 -1
    outer loop
      vertex 60 -47 0
      vertex 49.4289 -38.825 0
      vertex 49.5244 -38.6314 0
    endloop
  endfacet
  facet normal 0 0 -1
    outer loop
      vertex 60 -47 0
      vertex 49.309 -39.0045 0
      vertex 49.4289 -38.825 0
    endloop
  endfacet
  facet normal 0 0 -1
    outer loop
      vertex 60 -47 0
      vertex 49.1667 -39.1667 0
      vertex 49.309 -39.0045 0
    endloop
  endfacet
  facet normal 0 0 -1
    outer loop
      vertex 60 -47 0
      vertex 49.0045 -39.309 0
      vertex 49.1667 -39.1667 0
    endloop
  endfacet
  facet normal 0 0 -1
    outer loop
      vertex 60 -47 0
      vertex 48.825 -39.4289 0
      vertex 49.0045 -39.309 0
    endloop
  endfacet
  facet normal 0 0 -1
    outer loop
      vertex 60 -47 0
      vertex 48.6314 -39.5244 0
      vertex 48.825 -39.4289 0
    endloop
  endfacet
  facet normal 0 0 -1
    outer loop
      vertex 60 -47 0
      vertex 48.4271 -39.5938 0
      vertex 48.6314 -39.5244 0
    endloop
  endfacet
  facet normal 0 0 -1
    outer loop
      vertex 60 -47 0
      vertex 48.2154 -39.6359 0
      vertex 48.4271 -39.5938 0
    endloop
  endfacet
  facet normal 0 0 -1
    outer loop
      vertex 60 -47 0
      vertex 48 -39.65 0
      vertex 48.2154 -39.6359 0
    endloop
  endfacet
  facet normal 0 0 -1
    outer loop
      vertex 60 -47 0
      vertex 47.7846 -39.6359 0
      vertex 48 -39.65 0
    endloop
  endfacet
  facet normal 0 0 -1
    outer loop
      vertex 60 -47 0
      vertex 47.5729 -39.5938 0
      vertex 47.7846 -39.6359 0
    endloop
  endfacet
  facet normal 0 0 -1
    outer loop
      vertex 15.5 -47 0
      vertex 47.5729 -39.5938 0
      vertex 60 -47 0
    endloop
  endfacet
  facet normal -0 0 -1
    outer loop
      vertex 47.5729 -39.5938 0
      vertex 15.5 -47 0
      vertex 47.3686 -39.5244 0
    endloop
  endfacet
  facet normal 0 0 -1
    outer loop
      vertex 48.6314 -36.4756 0
      vertex 29.3301 -9.5 0
      vertex 29.3301 -4.5 0
    endloop
  endfacet
  facet normal 0 0 -1
    outer loop
      vertex 15.5 -32 0
      vertex 46.35 -38 0
      vertex 46.3641 -38.2154 0
    endloop
  endfacet
  facet normal 0 0 -1
    outer loop
      vertex 15.5 -47 0
      vertex 46.3641 -38.2154 0
      vertex 46.4062 -38.4271 0
    endloop
  endfacet
  facet normal 0 0 -1
    outer loop
      vertex 15.5 -47 0
      vertex 46.4062 -38.4271 0
      vertex 46.4756 -38.6314 0
    endloop
  endfacet
  facet normal 0 0 -1
    outer loop
      vertex 15.5 -47 0
      vertex 46.4756 -38.6314 0
      vertex 46.5711 -38.825 0
    endloop
  endfacet
  facet normal 0 0 -1
    outer loop
      vertex 46.9955 -36.691 0
      vertex 22 -19.75 0
      vertex 29.3301 -9.5 0
    endloop
  endfacet
  facet normal 0 0 -1
    outer loop
      vertex 15.5 -47 0
      vertex 46.5711 -38.825 0
      vertex 46.691 -39.0045 0
    endloop
  endfacet
  facet normal 0 0 -1
    outer loop
      vertex 29.3301 -9.5 0
      vertex 22 -19.75 0
      vertex 25 -12 0
    endloop
  endfacet
  facet normal 0 0 -1
    outer loop
      vertex 15.5 -47 0
      vertex 46.691 -39.0045 0
      vertex 46.8333 -39.1667 0
    endloop
  endfacet
  facet normal 0 0 -1
    outer loop
      vertex 15.5 -47 0
      vertex 46.8333 -39.1667 0
      vertex 46.9955 -39.309 0
    endloop
  endfacet
  facet normal -0 0 -1
    outer loop
      vertex 47.3686 -39.5244 0
      vertex 15.5 -47 0
      vertex 47.175 -39.4289 0
    endloop
  endfacet
  facet normal 0 0 -1
    outer loop
      vertex 15.5 -47 0
      vertex 46.9955 -39.309 0
      vertex 47.175 -39.4289 0
    endloop
  endfacet
  facet normal -0 0 -1
    outer loop
      vertex 46.3641 -38.2154 0
      vertex 15.5 -47 0
      vertex 15.5 -32 0
    endloop
  endfacet
  facet normal 0 0 -1
    outer loop
      vertex 46.4062 -37.5729 0
      vertex 15.5 -32 0
      vertex 22 -19.75 0
    endloop
  endfacet
  facet normal 0 0 -1
    outer loop
      vertex 15.5 -32 0
      vertex 8 -19.75 0
      vertex 22 -19.75 0
    endloop
  endfacet
  facet normal 0 0 -1
    outer loop
      vertex 1.09059 -24.3564 0
      vertex 8 -19.75 0
      vertex 1.1 -24.5 0
    endloop
  endfacet
  facet normal 0 0 -1
    outer loop
      vertex 1.01627 -24.079 0
      vertex 8 -19.75 0
      vertex 1.06252 -24.2153 0
    endloop
  endfacet
  facet normal 0 0 -1
    outer loop
      vertex 1.06252 -24.2153 0
      vertex 8 -19.75 0
      vertex 1.09059 -24.3564 0
    endloop
  endfacet
  facet normal 0 0 -1
    outer loop
      vertex 1.01627 -24.921 0
      vertex 8 -19.75 0
      vertex 15.5 -32 0
    endloop
  endfacet
  facet normal 0 0 -1
    outer loop
      vertex 8 -19.75 0
      vertex 1.09059 -24.6436 0
      vertex 1.1 -24.5 0
    endloop
  endfacet
  facet normal 0 0 -1
    outer loop
      vertex 8 -19.75 0
      vertex 1.06252 -24.7847 0
      vertex 1.09059 -24.6436 0
    endloop
  endfacet
  facet normal 0 0 -1
    outer loop
      vertex 8 -19.75 0
      vertex 1.01627 -24.921 0
      vertex 1.06252 -24.7847 0
    endloop
  endfacet
  facet normal 0 0 -1
    outer loop
      vertex 15.5 -32 0
      vertex 0.952627 -25.05 0
      vertex 1.01627 -24.921 0
    endloop
  endfacet
  facet normal 0 0 -1
    outer loop
      vertex 15.5 -32 0
      vertex 0.872688 -25.1696 0
      vertex 0.952627 -25.05 0
    endloop
  endfacet
  facet normal 0 0 -1
    outer loop
      vertex 15.5 -32 0
      vertex 0.777817 -25.2778 0
      vertex 0.872688 -25.1696 0
    endloop
  endfacet
  facet normal 0 0 -1
    outer loop
      vertex 15.5 -32 0
      vertex 0.669637 -25.3727 0
      vertex 0.777817 -25.2778 0
    endloop
  endfacet
  facet normal 0 0 -1
    outer loop
      vertex 15.5 -32 0
      vertex 0.549999 -25.4526 0
      vertex 0.669637 -25.3727 0
    endloop
  endfacet
  facet normal 0 0 -1
    outer loop
      vertex 15.5 -32 0
      vertex 0.420951 -25.5163 0
      vertex 0.549999 -25.4526 0
    endloop
  endfacet
  facet normal 0 0 -1
    outer loop
      vertex 15.5 -32 0
      vertex 0.2847 -25.5625 0
      vertex 0.420951 -25.5163 0
    endloop
  endfacet
  facet normal 0 0 -1
    outer loop
      vertex 15.5 -32 0
      vertex 0.143579 -25.5906 0
      vertex 0.2847 -25.5625 0
    endloop
  endfacet
  facet normal 0 0 -1
    outer loop
      vertex 15.5 -32 0
      vertex 0 -25.6 0
      vertex 0.143579 -25.5906 0
    endloop
  endfacet
  facet normal 0 0 -1
    outer loop
      vertex 15.5 -32 0
      vertex -0.143579 -25.5906 0
      vertex 0 -25.6 0
    endloop
  endfacet
  facet normal 0 0 -1
    outer loop
      vertex -15.8564 -25.5906 0
      vertex -0.143579 -25.5906 0
      vertex 15.5 -32 0
    endloop
  endfacet
  facet normal 0 0 -1
    outer loop
      vertex -0.143579 -25.5906 0
      vertex -15.8564 -25.5906 0
      vertex -0.2847 -25.5625 0
    endloop
  endfacet
  facet normal 0 0 -1
    outer loop
      vertex -14.9 -24.5 0
      vertex -1.1 -24.5 0
      vertex -1.09059 -24.6436 0
    endloop
  endfacet
  facet normal 0 0 -1
    outer loop
      vertex -14.9094 -24.6436 0
      vertex -1.09059 -24.6436 0
      vertex -1.06252 -24.7847 0
    endloop
  endfacet
  facet normal 0 0 -1
    outer loop
      vertex -14.9375 -24.7847 0
      vertex -1.06252 -24.7847 0
      vertex -1.01627 -24.921 0
    endloop
  endfacet
  facet normal 0 0 -1
    outer loop
      vertex -1.01627 -24.079 0
      vertex -14.9837 -24.079 0
      vertex -0.952627 -23.95 0
    endloop
  endfacet
  facet normal 0 0 -1
    outer loop
      vertex -15.0474 -23.95 0
      vertex -0.952627 -23.95 0
      vertex -14.9837 -24.079 0
    endloop
  endfacet
  facet normal 0 0 -1
    outer loop
      vertex -0.952627 -23.95 0
      vertex -15.0474 -23.95 0
      vertex -0.872688 -23.8304 0
    endloop
  endfacet
  facet normal 0 0 -1
    outer loop
      vertex -15.1273 -23.8304 0
      vertex -0.872688 -23.8304 0
      vertex -15.0474 -23.95 0
    endloop
  endfacet
  facet normal 0 0 -1
    outer loop
      vertex -0.872688 -23.8304 0
      vertex -15.1273 -23.8304 0
      vertex -0.777817 -23.7222 0
    endloop
  endfacet
  facet normal -0 0 -1
    outer loop
      vertex -0.777817 -23.7222 0
      vertex -15.1273 -23.8304 0
      vertex -8 -7 0
    endloop
  endfacet
  facet normal 0 0 -1
    outer loop
      vertex -18 -16.25 0
      vertex -8 -7 0
      vertex -15.1273 -23.8304 0
    endloop
  endfacet
  facet normal -0 0 -1
    outer loop
      vertex -8 -7 0
      vertex -18 -16.25 0
      vertex -8.39158 -6.97433 0
    endloop
  endfacet
  facet normal 0 0 -1
    outer loop
      vertex -14.9837 -24.921 0
      vertex -1.01627 -24.921 0
      vertex -0.952627 -25.05 0
    endloop
  endfacet
  facet normal -0 0 -1
    outer loop
      vertex -10.1213 -6.12132 0
      vertex -18 -16.25 0
      vertex -10.3801 -5.82628 0
    endloop
  endfacet
  facet normal -0 0 -1
    outer loop
      vertex -9.82628 -6.38006 0
      vertex -18 -16.25 0
      vertex -10.1213 -6.12132 0
    endloop
  endfacet
  facet normal -0 0 -1
    outer loop
      vertex -9.5 -6.59808 0
      vertex -18 -16.25 0
      vertex -9.82628 -6.38006 0
    endloop
  endfacet
  facet normal -0 0 -1
    outer loop
      vertex -9.14805 -6.77164 0
      vertex -18 -16.25 0
      vertex -9.5 -6.59808 0
    endloop
  endfacet
  facet normal -0 0 -1
    outer loop
      vertex -8.77646 -6.89778 0
      vertex -18 -16.25 0
      vertex -9.14805 -6.77164 0
    endloop
  endfacet
  facet normal -0 0 -1
    outer loop
      vertex -8.39158 -6.97433 0
      vertex -18 -16.25 0
      vertex -8.77646 -6.89778 0
    endloop
  endfacet
  facet normal 0 0 -1
    outer loop
      vertex -15.0474 -25.05 0
      vertex -0.952627 -25.05 0
      vertex -0.872688 -25.1696 0
    endloop
  endfacet
  facet normal 0 0 -1
    outer loop
      vertex -15.1273 -25.1696 0
      vertex -0.872688 -25.1696 0
      vertex -0.777817 -25.2778 0
    endloop
  endfacet
  facet normal 0 0 -1
    outer loop
      vertex -15.2222 -25.2778 0
      vertex -0.777817 -25.2778 0
      vertex -0.669637 -25.3727 0
    endloop
  endfacet
  facet normal 0 0 -1
    outer loop
      vertex -15.3304 -25.3727 0
      vertex -0.669637 -25.3727 0
      vertex -0.549999 -25.4526 0
    endloop
  endfacet
  facet normal 0 0 -1
    outer loop
      vertex -15.45 -25.4526 0
      vertex -0.549999 -25.4526 0
      vertex -0.420951 -25.5163 0
    endloop
  endfacet
  facet normal 0 0 -1
    outer loop
      vertex -0.2847 -25.5625 0
      vertex -15.7153 -25.5625 0
      vertex -0.420951 -25.5163 0
    endloop
  endfacet
  facet normal 0 0 -1
    outer loop
      vertex -1.09059 -24.6436 0
      vertex -14.9094 -24.6436 0
      vertex -14.9 -24.5 0
    endloop
  endfacet
  facet normal 0 0 -1
    outer loop
      vertex -1.06252 -24.7847 0
      vertex -14.9375 -24.7847 0
      vertex -14.9094 -24.6436 0
    endloop
  endfacet
  facet normal 0 0 -1
    outer loop
      vertex -1.01627 -24.921 0
      vertex -14.9837 -24.921 0
      vertex -14.9375 -24.7847 0
    endloop
  endfacet
  facet normal 0 0 -1
    outer loop
      vertex -0.952627 -25.05 0
      vertex -15.0474 -25.05 0
      vertex -14.9837 -24.921 0
    endloop
  endfacet
  facet normal 0 0 -1
    outer loop
      vertex -0.872688 -25.1696 0
      vertex -15.1273 -25.1696 0
      vertex -15.0474 -25.05 0
    endloop
  endfacet
  facet normal 0 0 -1
    outer loop
      vertex -0.777817 -25.2778 0
      vertex -15.2222 -25.2778 0
      vertex -15.1273 -25.1696 0
    endloop
  endfacet
  facet normal 0 0 -1
    outer loop
      vertex -0.669637 -25.3727 0
      vertex -15.3304 -25.3727 0
      vertex -15.2222 -25.2778 0
    endloop
  endfacet
  facet normal 0 0 -1
    outer loop
      vertex -0.549999 -25.4526 0
      vertex -15.45 -25.4526 0
      vertex -15.3304 -25.3727 0
    endloop
  endfacet
  facet normal 0 0 -1
    outer loop
      vertex -0.420951 -25.5163 0
      vertex -15.579 -25.5163 0
      vertex -15.45 -25.4526 0
    endloop
  endfacet
  facet normal -0 0 -1
    outer loop
      vertex -0.420951 -25.5163 0
      vertex -15.7153 -25.5625 0
      vertex -15.579 -25.5163 0
    endloop
  endfacet
  facet normal -0 0 -1
    outer loop
      vertex -0.2847 -25.5625 0
      vertex -15.8564 -25.5906 0
      vertex -15.7153 -25.5625 0
    endloop
  endfacet
  facet normal 0 0 -1
    outer loop
      vertex -31.5 -32 0
      vertex -15.8564 -25.5906 0
      vertex 15.5 -32 0
    endloop
  endfacet
  facet normal 0 0 -1
    outer loop
      vertex -15.8564 -25.5906 0
      vertex -31.5 -32 0
      vertex -16 -25.6 0
    endloop
  endfacet
  facet normal -0 0 -1
    outer loop
      vertex -16 -25.6 0
      vertex -31.5 -32 0
      vertex -16.1436 -25.5906 0
    endloop
  endfacet
  facet normal 0 0 -1
    outer loop
      vertex -15.3304 -23.6273 0
      vertex -18 -19.75 0
      vertex -18 -16.25 0
    endloop
  endfacet
  facet normal 0 0 -1
    outer loop
      vertex -32 -19.75 0
      vertex -17.1 -24.5 0
      vertex -17.0906 -24.6436 0
    endloop
  endfacet
  facet normal -0 0 -1
    outer loop
      vertex -16.1436 -25.5906 0
      vertex -31.5 -32 0
      vertex -16.2847 -25.5625 0
    endloop
  endfacet
  facet normal 0 0 -1
    outer loop
      vertex -31.5 -32 0
      vertex -16.421 -25.5163 0
      vertex -16.2847 -25.5625 0
    endloop
  endfacet
  facet normal 0 0 -1
    outer loop
      vertex -31.5 -32 0
      vertex -16.55 -25.4526 0
      vertex -16.421 -25.5163 0
    endloop
  endfacet
  facet normal 0 0 -1
    outer loop
      vertex -31.5 -32 0
      vertex -16.6696 -25.3727 0
      vertex -16.55 -25.4526 0
    endloop
  endfacet
  facet normal 0 0 -1
    outer loop
      vertex -31.5 -32 0
      vertex -16.7778 -25.2778 0
      vertex -16.6696 -25.3727 0
    endloop
  endfacet
  facet normal 0 0 -1
    outer loop
      vertex -31.5 -32 0
      vertex -16.8727 -25.1696 0
      vertex -16.7778 -25.2778 0
    endloop
  endfacet
  facet normal 0 0 -1
    outer loop
      vertex -31.5 -32 0
      vertex -16.9526 -25.05 0
      vertex -16.8727 -25.1696 0
    endloop
  endfacet
  facet normal 0 0 -1
    outer loop
      vertex -31.5 -32 0
      vertex -17.0163 -24.921 0
      vertex -16.9526 -25.05 0
    endloop
  endfacet
  facet normal 0 0 -1
    outer loop
      vertex -31.5 -32 0
      vertex -17.0625 -24.7847 0
      vertex -17.0163 -24.921 0
    endloop
  endfacet
  facet normal 0 0 -1
    outer loop
      vertex -31.5 -32 0
      vertex -17.0906 -24.6436 0
      vertex -17.0625 -24.7847 0
    endloop
  endfacet
  facet normal 0 0 -1
    outer loop
      vertex -32 -19.75 0
      vertex -17.0906 -24.6436 0
      vertex -31.5 -32 0
    endloop
  endfacet
  facet normal 0 0 -1
    outer loop
      vertex -17.0906 -24.3564 0
      vertex -32 -19.75 0
      vertex -18 -19.75 0
    endloop
  endfacet
  facet normal 0 0 -1
    outer loop
      vertex 62.0706 46.7274 0
      vertex 60 47 0
      vertex 61.0442 46.9316 0
    endloop
  endfacet
  facet normal 0 0 -1
    outer loop
      vertex 49.6359 38.2154 0
      vertex 60 47 0
      vertex 49.65 38 0
    endloop
  endfacet
  facet normal 0 0 -1
    outer loop
      vertex 49.5938 38.4271 0
      vertex 60 47 0
      vertex 49.6359 38.2154 0
    endloop
  endfacet
  facet normal 0 0 -1
    outer loop
      vertex 49.5244 38.6314 0
      vertex 60 47 0
      vertex 49.5938 38.4271 0
    endloop
  endfacet
  facet normal 0 0 -1
    outer loop
      vertex 49.4289 38.825 0
      vertex 60 47 0
      vertex 49.5244 38.6314 0
    endloop
  endfacet
  facet normal 0 0 -1
    outer loop
      vertex 49.309 39.0045 0
      vertex 60 47 0
      vertex 49.4289 38.825 0
    endloop
  endfacet
  facet normal 0 0 -1
    outer loop
      vertex 49.1667 39.1667 0
      vertex 60 47 0
      vertex 49.309 39.0045 0
    endloop
  endfacet
  facet normal 0 0 -1
    outer loop
      vertex 49.0045 39.309 0
      vertex 60 47 0
      vertex 49.1667 39.1667 0
    endloop
  endfacet
  facet normal 0 0 -1
    outer loop
      vertex 48.825 39.4289 0
      vertex 60 47 0
      vertex 49.0045 39.309 0
    endloop
  endfacet
  facet normal 0 0 -1
    outer loop
      vertex 48.6314 39.5244 0
      vertex 60 47 0
      vertex 48.825 39.4289 0
    endloop
  endfacet
  facet normal 0 0 -1
    outer loop
      vertex 48.4271 39.5938 0
      vertex 60 47 0
      vertex 48.6314 39.5244 0
    endloop
  endfacet
  facet normal 0 0 -1
    outer loop
      vertex 48.2154 39.6359 0
      vertex 60 47 0
      vertex 48.4271 39.5938 0
    endloop
  endfacet
  facet normal 0 0 -1
    outer loop
      vertex 48 39.65 0
      vertex 60 47 0
      vertex 48.2154 39.6359 0
    endloop
  endfacet
  facet normal 0 0 -1
    outer loop
      vertex 47.7846 39.6359 0
      vertex 60 47 0
      vertex 48 39.65 0
    endloop
  endfacet
  facet normal 0 0 -1
    outer loop
      vertex 47.5729 39.5938 0
      vertex 60 47 0
      vertex 47.7846 39.6359 0
    endloop
  endfacet
  facet normal 0 0 -1
    outer loop
      vertex 15.5 47 0
      vertex 47.5729 39.5938 0
      vertex 47.3686 39.5244 0
    endloop
  endfacet
  facet normal 0 0 -1
    outer loop
      vertex 15.5 47 0
      vertex 47.3686 39.5244 0
      vertex 47.175 39.4289 0
    endloop
  endfacet
  facet normal -0 0 -1
    outer loop
      vertex 46.5711 37.175 0
      vertex 22 19.75 0
      vertex 46.4756 37.3686 0
    endloop
  endfacet
  facet normal -0 0 -1
    outer loop
      vertex 46.4756 37.3686 0
      vertex 22 19.75 0
      vertex 46.4062 37.5729 0
    endloop
  endfacet
  facet normal 0 0 -1
    outer loop
      vertex 15.5 32 0
      vertex 46.4062 37.5729 0
      vertex 22 19.75 0
    endloop
  endfacet
  facet normal -0 0 -1
    outer loop
      vertex 46.4062 37.5729 0
      vertex 15.5 32 0
      vertex 46.3641 37.7846 0
    endloop
  endfacet
  facet normal -0 0 -1
    outer loop
      vertex 46.3641 37.7846 0
      vertex 15.5 32 0
      vertex 46.35 38 0
    endloop
  endfacet
  facet normal -0 0 -1
    outer loop
      vertex 46.35 38 0
      vertex 15.5 32 0
      vertex 46.3641 38.2154 0
    endloop
  endfacet
  facet normal 0 0 -1
    outer loop
      vertex 15.5 47 0
      vertex 46.3641 38.2154 0
      vertex 15.5 32 0
    endloop
  endfacet
  facet normal 0 0 -1
    outer loop
      vertex 22 19.75 0
      vertex 29.3301 9.5 0
      vertex 25 12 0
    endloop
  endfacet
  facet normal 0 0 -1
    outer loop
      vertex 46.3641 38.2154 0
      vertex 15.5 47 0
      vertex 46.4062 38.4271 0
    endloop
  endfacet
  facet normal 0 0 -1
    outer loop
      vertex 22 19.75 0
      vertex 25 12 0
      vertex 22 16.25 0
    endloop
  endfacet
  facet normal 0 0 -1
    outer loop
      vertex 46.4062 38.4271 0
      vertex 15.5 47 0
      vertex 46.4756 38.6314 0
    endloop
  endfacet
  facet normal 0 0 -1
    outer loop
      vertex 46.4756 38.6314 0
      vertex 15.5 47 0
      vertex 46.5711 38.825 0
    endloop
  endfacet
  facet normal 0 0 -1
    outer loop
      vertex 46.5711 38.825 0
      vertex 15.5 47 0
      vertex 46.691 39.0045 0
    endloop
  endfacet
  facet normal 0 0 -1
    outer loop
      vertex 46.691 39.0045 0
      vertex 15.5 47 0
      vertex 46.8333 39.1667 0
    endloop
  endfacet
  facet normal 0 0 -1
    outer loop
      vertex 46.8333 39.1667 0
      vertex 15.5 47 0
      vertex 46.9955 39.309 0
    endloop
  endfacet
  facet normal 0 0 -1
    outer loop
      vertex 46.9955 39.309 0
      vertex 15.5 47 0
      vertex 47.175 39.4289 0
    endloop
  endfacet
  facet normal 0 0 -1
    outer loop
      vertex 47.5729 39.5938 0
      vertex 15.5 47 0
      vertex 60 47 0
    endloop
  endfacet
  facet normal 0 0 -1
    outer loop
      vertex 22 -16.25 0
      vertex 25 -12 0
      vertex 22 -19.75 0
    endloop
  endfacet
  facet normal 0 0 -1
    outer loop
      vertex 22 -16.25 0
      vertex 20.6699 -9.5 0
      vertex 25 -12 0
    endloop
  endfacet
  facet normal 0 0 -1
    outer loop
      vertex 15.3301 -9.5 0
      vertex 20.6699 -4.5 0
      vertex 20.6699 -9.5 0
    endloop
  endfacet
  facet normal 0 0 -1
    outer loop
      vertex 15.3301 -4.5 0
      vertex 20.6699 -4.5 0
      vertex 15.3301 -9.5 0
    endloop
  endfacet
  facet normal 0 0 -1
    outer loop
      vertex 20.6699 -4.5 0
      vertex 15.3301 -4.5 0
      vertex 20.6699 4.5 0
    endloop
  endfacet
  facet normal 0 0 -1
    outer loop
      vertex 22 -16.25 0
      vertex 15.3301 -9.5 0
      vertex 20.6699 -9.5 0
    endloop
  endfacet
  facet normal 0 0 -1
    outer loop
      vertex 22 -16.25 0
      vertex 11 -12 0
      vertex 15.3301 -9.5 0
    endloop
  endfacet
  facet normal 0 0 -1
    outer loop
      vertex 8 -16.25 0
      vertex 11 -12 0
      vertex 22 -16.25 0
    endloop
  endfacet
  facet normal -0 0 -1
    outer loop
      vertex 11 -12 0
      vertex 8 -16.25 0
      vertex 6.66987 -9.5 0
    endloop
  endfacet
  facet normal 0 0 -1
    outer loop
      vertex -46.3641 -38.2154 0
      vertex -46.3641 -37.7846 0
      vertex -46.35 -38 0
    endloop
  endfacet
  facet normal 0 0 -1
    outer loop
      vertex -46.4062 -38.4271 0
      vertex -46.3641 -37.7846 0
      vertex -46.3641 -38.2154 0
    endloop
  endfacet
  facet normal 0 0 -1
    outer loop
      vertex -46.4062 -38.4271 0
      vertex -46.4062 -37.5729 0
      vertex -46.3641 -37.7846 0
    endloop
  endfacet
  facet normal 0 0 -1
    outer loop
      vertex -46.4756 -38.6314 0
      vertex -46.4062 -37.5729 0
      vertex -46.4062 -38.4271 0
    endloop
  endfacet
  facet normal 0 0 -1
    outer loop
      vertex -46.4756 -38.6314 0
      vertex -46.4756 -37.3686 0
      vertex -46.4062 -37.5729 0
    endloop
  endfacet
  facet normal 0 0 -1
    outer loop
      vertex -46.5711 -38.825 0
      vertex -46.4756 -37.3686 0
      vertex -46.4756 -38.6314 0
    endloop
  endfacet
  facet normal 0 0 -1
    outer loop
      vertex -46.5711 -38.825 0
      vertex -46.5711 -37.175 0
      vertex -46.4756 -37.3686 0
    endloop
  endfacet
  facet normal 0 0 -1
    outer loop
      vertex -46.691 -39.0045 0
      vertex -46.5711 -37.175 0
      vertex -46.5711 -38.825 0
    endloop
  endfacet
  facet normal 0 0 -1
    outer loop
      vertex -46.691 -39.0045 0
      vertex -46.691 -36.9955 0
      vertex -46.5711 -37.175 0
    endloop
  endfacet
  facet normal 0 0 -1
    outer loop
      vertex -46.8333 -39.1667 0
      vertex -46.691 -36.9955 0
      vertex -46.691 -39.0045 0
    endloop
  endfacet
  facet normal 0 0 -1
    outer loop
      vertex -46.8333 -39.1667 0
      vertex -46.8333 -36.8333 0
      vertex -46.691 -36.9955 0
    endloop
  endfacet
  facet normal 0 0 -1
    outer loop
      vertex -46.9955 -39.309 0
      vertex -46.8333 -36.8333 0
      vertex -46.8333 -39.1667 0
    endloop
  endfacet
  facet normal 0 0 -1
    outer loop
      vertex -46.9955 -39.309 0
      vertex -46.9955 -36.691 0
      vertex -46.8333 -36.8333 0
    endloop
  endfacet
  facet normal 0 0 -1
    outer loop
      vertex -47.175 -39.4289 0
      vertex -46.9955 -36.691 0
      vertex -46.9955 -39.309 0
    endloop
  endfacet
  facet normal 0 0 -1
    outer loop
      vertex -47.175 -39.4289 0
      vertex -47.175 -36.5711 0
      vertex -46.9955 -36.691 0
    endloop
  endfacet
  facet normal 0 0 -1
    outer loop
      vertex -47.3686 -39.5244 0
      vertex -47.175 -36.5711 0
      vertex -47.175 -39.4289 0
    endloop
  endfacet
  facet normal 0 0 -1
    outer loop
      vertex -47.3686 -39.5244 0
      vertex -47.3686 -36.4756 0
      vertex -47.175 -36.5711 0
    endloop
  endfacet
  facet normal 0 0 -1
    outer loop
      vertex -47.5729 -39.5938 0
      vertex -47.3686 -36.4756 0
      vertex -47.3686 -39.5244 0
    endloop
  endfacet
  facet normal 0 0 -1
    outer loop
      vertex -47.5729 -39.5938 0
      vertex -47.5729 -36.4062 0
      vertex -47.3686 -36.4756 0
    endloop
  endfacet
  facet normal 0 0 -1
    outer loop
      vertex -47.7846 -39.6359 0
      vertex -47.5729 -36.4062 0
      vertex -47.5729 -39.5938 0
    endloop
  endfacet
  facet normal 0 0 -1
    outer loop
      vertex -47.7846 -39.6359 0
      vertex -47.7846 -36.3641 0
      vertex -47.5729 -36.4062 0
    endloop
  endfacet
  facet normal 0 0 -1
    outer loop
      vertex -48 -39.65 0
      vertex -47.7846 -36.3641 0
      vertex -47.7846 -39.6359 0
    endloop
  endfacet
  facet normal 0 0 -1
    outer loop
      vertex -48 -39.65 0
      vertex -48 -36.35 0
      vertex -47.7846 -36.3641 0
    endloop
  endfacet
  facet normal 0 0 -1
    outer loop
      vertex -48.2154 -39.6359 0
      vertex -48 -36.35 0
      vertex -48 -39.65 0
    endloop
  endfacet
  facet normal 0 0 -1
    outer loop
      vertex -48.2154 -39.6359 0
      vertex -48.2154 -36.3641 0
      vertex -48 -36.35 0
    endloop
  endfacet
  facet normal 0 0 -1
    outer loop
      vertex -48.4271 -39.5938 0
      vertex -48.2154 -36.3641 0
      vertex -48.2154 -39.6359 0
    endloop
  endfacet
  facet normal 0 0 -1
    outer loop
      vertex -48.4271 -39.5938 0
      vertex -48.4271 -36.4062 0
      vertex -48.2154 -36.3641 0
    endloop
  endfacet
  facet normal 0 0 -1
    outer loop
      vertex -48.6314 -39.5244 0
      vertex -48.4271 -36.4062 0
      vertex -48.4271 -39.5938 0
    endloop
  endfacet
  facet normal 0 0 -1
    outer loop
      vertex -48.6314 -39.5244 0
      vertex -48.6314 -36.4756 0
      vertex -48.4271 -36.4062 0
    endloop
  endfacet
  facet normal 0 0 -1
    outer loop
      vertex -48.825 -39.4289 0
      vertex -48.6314 -36.4756 0
      vertex -48.6314 -39.5244 0
    endloop
  endfacet
  facet normal 0 0 -1
    outer loop
      vertex -48.825 -39.4289 0
      vertex -48.825 -36.5711 0
      vertex -48.6314 -36.4756 0
    endloop
  endfacet
  facet normal 0 0 -1
    outer loop
      vertex -49.0045 -39.309 0
      vertex -48.825 -36.5711 0
      vertex -48.825 -39.4289 0
    endloop
  endfacet
  facet normal 0 0 -1
    outer loop
      vertex -49.0045 -39.309 0
      vertex -49.0045 -36.691 0
      vertex -48.825 -36.5711 0
    endloop
  endfacet
  facet normal 0 0 -1
    outer loop
      vertex -49.1667 -39.1667 0
      vertex -49.0045 -36.691 0
      vertex -49.0045 -39.309 0
    endloop
  endfacet
  facet normal 0 0 -1
    outer loop
      vertex -49.1667 -39.1667 0
      vertex -49.1667 -36.8333 0
      vertex -49.0045 -36.691 0
    endloop
  endfacet
  facet normal 0 0 -1
    outer loop
      vertex -49.309 -39.0045 0
      vertex -49.1667 -36.8333 0
      vertex -49.1667 -39.1667 0
    endloop
  endfacet
  facet normal 0 0 -1
    outer loop
      vertex -49.309 -39.0045 0
      vertex -49.309 -36.9955 0
      vertex -49.1667 -36.8333 0
    endloop
  endfacet
  facet normal 0 0 -1
    outer loop
      vertex -49.4289 -38.825 0
      vertex -49.309 -36.9955 0
      vertex -49.309 -39.0045 0
    endloop
  endfacet
  facet normal 0 0 -1
    outer loop
      vertex -49.4289 -38.825 0
      vertex -49.4289 -37.175 0
      vertex -49.309 -36.9955 0
    endloop
  endfacet
  facet normal 0 0 -1
    outer loop
      vertex -49.5244 -38.6314 0
      vertex -49.4289 -37.175 0
      vertex -49.4289 -38.825 0
    endloop
  endfacet
  facet normal 0 0 -1
    outer loop
      vertex -49.5244 -38.6314 0
      vertex -49.5244 -37.3686 0
      vertex -49.4289 -37.175 0
    endloop
  endfacet
  facet normal 0 0 -1
    outer loop
      vertex -49.5938 -38.4271 0
      vertex -49.5244 -37.3686 0
      vertex -49.5244 -38.6314 0
    endloop
  endfacet
  facet normal 0 0 -1
    outer loop
      vertex -49.5938 -38.4271 0
      vertex -49.5938 -37.5729 0
      vertex -49.5244 -37.3686 0
    endloop
  endfacet
  facet normal 0 0 -1
    outer loop
      vertex -49.6359 -38.2154 0
      vertex -49.5938 -37.5729 0
      vertex -49.5938 -38.4271 0
    endloop
  endfacet
  facet normal 0 0 -1
    outer loop
      vertex -49.6359 -38.2154 0
      vertex -49.6359 -37.7846 0
      vertex -49.5938 -37.5729 0
    endloop
  endfacet
  facet normal 0 -0 -1
    outer loop
      vertex -49.6359 -37.7846 0
      vertex -49.6359 -38.2154 0
      vertex -49.65 -38 0
    endloop
  endfacet
  facet normal 0 0 -1
    outer loop
      vertex -46.3641 37.7846 0
      vertex -46.3641 38.2154 0
      vertex -46.35 38 0
    endloop
  endfacet
  facet normal 0 0 -1
    outer loop
      vertex -46.4062 37.5729 0
      vertex -46.3641 38.2154 0
      vertex -46.3641 37.7846 0
    endloop
  endfacet
  facet normal 0 0 -1
    outer loop
      vertex -46.4062 37.5729 0
      vertex -46.4062 38.4271 0
      vertex -46.3641 38.2154 0
    endloop
  endfacet
  facet normal 0 0 -1
    outer loop
      vertex -46.4756 37.3686 0
      vertex -46.4062 38.4271 0
      vertex -46.4062 37.5729 0
    endloop
  endfacet
  facet normal 0 0 -1
    outer loop
      vertex -46.4756 37.3686 0
      vertex -46.4756 38.6314 0
      vertex -46.4062 38.4271 0
    endloop
  endfacet
  facet normal 0 0 -1
    outer loop
      vertex -46.5711 37.175 0
      vertex -46.4756 38.6314 0
      vertex -46.4756 37.3686 0
    endloop
  endfacet
  facet normal 0 0 -1
    outer loop
      vertex -46.5711 37.175 0
      vertex -46.5711 38.825 0
      vertex -46.4756 38.6314 0
    endloop
  endfacet
  facet normal 0 0 -1
    outer loop
      vertex -46.691 36.9955 0
      vertex -46.5711 38.825 0
      vertex -46.5711 37.175 0
    endloop
  endfacet
  facet normal 0 0 -1
    outer loop
      vertex -46.691 36.9955 0
      vertex -46.691 39.0045 0
      vertex -46.5711 38.825 0
    endloop
  endfacet
  facet normal 0 0 -1
    outer loop
      vertex -46.8333 36.8333 0
      vertex -46.691 39.0045 0
      vertex -46.691 36.9955 0
    endloop
  endfacet
  facet normal 0 0 -1
    outer loop
      vertex -46.8333 36.8333 0
      vertex -46.8333 39.1667 0
      vertex -46.691 39.0045 0
    endloop
  endfacet
  facet normal 0 0 -1
    outer loop
      vertex -46.9955 36.691 0
      vertex -46.8333 39.1667 0
      vertex -46.8333 36.8333 0
    endloop
  endfacet
  facet normal 0 0 -1
    outer loop
      vertex -46.9955 36.691 0
      vertex -46.9955 39.309 0
      vertex -46.8333 39.1667 0
    endloop
  endfacet
  facet normal 0 0 -1
    outer loop
      vertex -47.175 36.5711 0
      vertex -46.9955 39.309 0
      vertex -46.9955 36.691 0
    endloop
  endfacet
  facet normal 0 0 -1
    outer loop
      vertex -47.175 36.5711 0
      vertex -47.175 39.4289 0
      vertex -46.9955 39.309 0
    endloop
  endfacet
  facet normal 0 0 -1
    outer loop
      vertex -47.3686 36.4756 0
      vertex -47.175 39.4289 0
      vertex -47.175 36.5711 0
    endloop
  endfacet
  facet normal 0 0 -1
    outer loop
      vertex -47.3686 36.4756 0
      vertex -47.3686 39.5244 0
      vertex -47.175 39.4289 0
    endloop
  endfacet
  facet normal 0 0 -1
    outer loop
      vertex -47.5729 36.4062 0
      vertex -47.3686 39.5244 0
      vertex -47.3686 36.4756 0
    endloop
  endfacet
  facet normal 0 0 -1
    outer loop
      vertex -47.5729 36.4062 0
      vertex -47.5729 39.5938 0
      vertex -47.3686 39.5244 0
    endloop
  endfacet
  facet normal 0 0 -1
    outer loop
      vertex -47.7846 36.3641 0
      vertex -47.5729 39.5938 0
      vertex -47.5729 36.4062 0
    endloop
  endfacet
  facet normal 0 0 -1
    outer loop
      vertex -47.7846 36.3641 0
      vertex -47.7846 39.6359 0
      vertex -47.5729 39.5938 0
    endloop
  endfacet
  facet normal 0 0 -1
    outer loop
      vertex -48 36.35 0
      vertex -47.7846 39.6359 0
      vertex -47.7846 36.3641 0
    endloop
  endfacet
  facet normal 0 0 -1
    outer loop
      vertex -48 36.35 0
      vertex -48 39.65 0
      vertex -47.7846 39.6359 0
    endloop
  endfacet
  facet normal 0 0 -1
    outer loop
      vertex -48.2154 36.3641 0
      vertex -48 39.65 0
      vertex -48 36.35 0
    endloop
  endfacet
  facet normal 0 0 -1
    outer loop
      vertex -48.2154 36.3641 0
      vertex -48.2154 39.6359 0
      vertex -48 39.65 0
    endloop
  endfacet
  facet normal 0 0 -1
    outer loop
      vertex -48.4271 36.4062 0
      vertex -48.2154 39.6359 0
      vertex -48.2154 36.3641 0
    endloop
  endfacet
  facet normal 0 0 -1
    outer loop
      vertex -48.4271 36.4062 0
      vertex -48.4271 39.5938 0
      vertex -48.2154 39.6359 0
    endloop
  endfacet
  facet normal 0 0 -1
    outer loop
      vertex -48.6314 36.4756 0
      vertex -48.4271 39.5938 0
      vertex -48.4271 36.4062 0
    endloop
  endfacet
  facet normal 0 0 -1
    outer loop
      vertex -48.6314 36.4756 0
      vertex -48.6314 39.5244 0
      vertex -48.4271 39.5938 0
    endloop
  endfacet
  facet normal 0 0 -1
    outer loop
      vertex -48.825 36.5711 0
      vertex -48.6314 39.5244 0
      vertex -48.6314 36.4756 0
    endloop
  endfacet
  facet normal 0 0 -1
    outer loop
      vertex -48.825 36.5711 0
      vertex -48.825 39.4289 0
      vertex -48.6314 39.5244 0
    endloop
  endfacet
  facet normal 0 0 -1
    outer loop
      vertex -49.0045 36.691 0
      vertex -48.825 39.4289 0
      vertex -48.825 36.5711 0
    endloop
  endfacet
  facet normal 0 0 -1
    outer loop
      vertex -49.0045 36.691 0
      vertex -49.0045 39.309 0
      vertex -48.825 39.4289 0
    endloop
  endfacet
  facet normal 0 0 -1
    outer loop
      vertex -49.1667 36.8333 0
      vertex -49.0045 39.309 0
      vertex -49.0045 36.691 0
    endloop
  endfacet
  facet normal 0 0 -1
    outer loop
      vertex -49.1667 36.8333 0
      vertex -49.1667 39.1667 0
      vertex -49.0045 39.309 0
    endloop
  endfacet
  facet normal 0 0 -1
    outer loop
      vertex -49.309 36.9955 0
      vertex -49.1667 39.1667 0
      vertex -49.1667 36.8333 0
    endloop
  endfacet
  facet normal 0 0 -1
    outer loop
      vertex -49.309 36.9955 0
      vertex -49.309 39.0045 0
      vertex -49.1667 39.1667 0
    endloop
  endfacet
  facet normal 0 0 -1
    outer loop
      vertex -49.4289 37.175 0
      vertex -49.309 39.0045 0
      vertex -49.309 36.9955 0
    endloop
  endfacet
  facet normal 0 0 -1
    outer loop
      vertex -49.4289 37.175 0
      vertex -49.4289 38.825 0
      vertex -49.309 39.0045 0
    endloop
  endfacet
  facet normal 0 0 -1
    outer loop
      vertex -49.5244 37.3686 0
      vertex -49.4289 38.825 0
      vertex -49.4289 37.175 0
    endloop
  endfacet
  facet normal 0 0 -1
    outer loop
      vertex -49.5244 37.3686 0
      vertex -49.5244 38.6314 0
      vertex -49.4289 38.825 0
    endloop
  endfacet
  facet normal 0 0 -1
    outer loop
      vertex -49.5938 37.5729 0
      vertex -49.5244 38.6314 0
      vertex -49.5244 37.3686 0
    endloop
  endfacet
  facet normal 0 0 -1
    outer loop
      vertex -49.5938 37.5729 0
      vertex -49.5938 38.4271 0
      vertex -49.5244 38.6314 0
    endloop
  endfacet
  facet normal 0 0 -1
    outer loop
      vertex -49.6359 37.7846 0
      vertex -49.5938 38.4271 0
      vertex -49.5938 37.5729 0
    endloop
  endfacet
  facet normal 0 0 -1
    outer loop
      vertex -49.6359 37.7846 0
      vertex -49.6359 38.2154 0
      vertex -49.5938 38.4271 0
    endloop
  endfacet
  facet normal 0 -0 -1
    outer loop
      vertex -49.6359 38.2154 0
      vertex -49.6359 37.7846 0
      vertex -49.65 38 0
    endloop
  endfacet
  facet normal 0 0 -1
    outer loop
      vertex 49.6359 -38.2154 0
      vertex 49.6359 -37.7846 0
      vertex 49.65 -38 0
    endloop
  endfacet
  facet normal 0 0 -1
    outer loop
      vertex 49.5938 -38.4271 0
      vertex 49.6359 -37.7846 0
      vertex 49.6359 -38.2154 0
    endloop
  endfacet
  facet normal 0 0 -1
    outer loop
      vertex 49.5938 -38.4271 0
      vertex 49.5938 -37.5729 0
      vertex 49.6359 -37.7846 0
    endloop
  endfacet
  facet normal 0 0 -1
    outer loop
      vertex 49.5244 -38.6314 0
      vertex 49.5938 -37.5729 0
      vertex 49.5938 -38.4271 0
    endloop
  endfacet
  facet normal 0 0 -1
    outer loop
      vertex 49.5244 -38.6314 0
      vertex 49.5244 -37.3686 0
      vertex 49.5938 -37.5729 0
    endloop
  endfacet
  facet normal 0 0 -1
    outer loop
      vertex 49.4289 -38.825 0
      vertex 49.5244 -37.3686 0
      vertex 49.5244 -38.6314 0
    endloop
  endfacet
  facet normal 0 0 -1
    outer loop
      vertex 49.4289 -38.825 0
      vertex 49.4289 -37.175 0
      vertex 49.5244 -37.3686 0
    endloop
  endfacet
  facet normal 0 0 -1
    outer loop
      vertex 49.309 -39.0045 0
      vertex 49.4289 -37.175 0
      vertex 49.4289 -38.825 0
    endloop
  endfacet
  facet normal 0 0 -1
    outer loop
      vertex 49.309 -39.0045 0
      vertex 49.309 -36.9955 0
      vertex 49.4289 -37.175 0
    endloop
  endfacet
  facet normal 0 0 -1
    outer loop
      vertex 49.1667 -39.1667 0
      vertex 49.309 -36.9955 0
      vertex 49.309 -39.0045 0
    endloop
  endfacet
  facet normal 0 0 -1
    outer loop
      vertex 49.1667 -39.1667 0
      vertex 49.1667 -36.8333 0
      vertex 49.309 -36.9955 0
    endloop
  endfacet
  facet normal 0 0 -1
    outer loop
      vertex 49.0045 -39.309 0
      vertex 49.1667 -36.8333 0
      vertex 49.1667 -39.1667 0
    endloop
  endfacet
  facet normal 0 0 -1
    outer loop
      vertex 49.0045 -39.309 0
      vertex 49.0045 -36.691 0
      vertex 49.1667 -36.8333 0
    endloop
  endfacet
  facet normal 0 0 -1
    outer loop
      vertex 48.825 -39.4289 0
      vertex 49.0045 -36.691 0
      vertex 49.0045 -39.309 0
    endloop
  endfacet
  facet normal 0 0 -1
    outer loop
      vertex 48.825 -39.4289 0
      vertex 48.825 -36.5711 0
      vertex 49.0045 -36.691 0
    endloop
  endfacet
  facet normal 0 0 -1
    outer loop
      vertex 48.6314 -39.5244 0
      vertex 48.825 -36.5711 0
      vertex 48.825 -39.4289 0
    endloop
  endfacet
  facet normal 0 0 -1
    outer loop
      vertex 48.6314 -39.5244 0
      vertex 48.6314 -36.4756 0
      vertex 48.825 -36.5711 0
    endloop
  endfacet
  facet normal 0 0 -1
    outer loop
      vertex 48.4271 -39.5938 0
      vertex 48.6314 -36.4756 0
      vertex 48.6314 -39.5244 0
    endloop
  endfacet
  facet normal 0 0 -1
    outer loop
      vertex 48.4271 -39.5938 0
      vertex 48.4271 -36.4062 0
      vertex 48.6314 -36.4756 0
    endloop
  endfacet
  facet normal 0 0 -1
    outer loop
      vertex 48.2154 -39.6359 0
      vertex 48.4271 -36.4062 0
      vertex 48.4271 -39.5938 0
    endloop
  endfacet
  facet normal 0 0 -1
    outer loop
      vertex 48.2154 -39.6359 0
      vertex 48.2154 -36.3641 0
      vertex 48.4271 -36.4062 0
    endloop
  endfacet
  facet normal 0 0 -1
    outer loop
      vertex 48 -39.65 0
      vertex 48.2154 -36.3641 0
      vertex 48.2154 -39.6359 0
    endloop
  endfacet
  facet normal 0 0 -1
    outer loop
      vertex 48 -39.65 0
      vertex 48 -36.35 0
      vertex 48.2154 -36.3641 0
    endloop
  endfacet
  facet normal 0 0 -1
    outer loop
      vertex 47.7846 -39.6359 0
      vertex 48 -36.35 0
      vertex 48 -39.65 0
    endloop
  endfacet
  facet normal 0 0 -1
    outer loop
      vertex 47.7846 -39.6359 0
      vertex 47.7846 -36.3641 0
      vertex 48 -36.35 0
    endloop
  endfacet
  facet normal 0 0 -1
    outer loop
      vertex 47.5729 -39.5938 0
      vertex 47.7846 -36.3641 0
      vertex 47.7846 -39.6359 0
    endloop
  endfacet
  facet normal 0 0 -1
    outer loop
      vertex 47.5729 -39.5938 0
      vertex 47.5729 -36.4062 0
      vertex 47.7846 -36.3641 0
    endloop
  endfacet
  facet normal 0 0 -1
    outer loop
      vertex 47.3686 -39.5244 0
      vertex 47.5729 -36.4062 0
      vertex 47.5729 -39.5938 0
    endloop
  endfacet
  facet normal 0 0 -1
    outer loop
      vertex 47.3686 -39.5244 0
      vertex 47.3686 -36.4756 0
      vertex 47.5729 -36.4062 0
    endloop
  endfacet
  facet normal 0 0 -1
    outer loop
      vertex 47.175 -39.4289 0
      vertex 47.3686 -36.4756 0
      vertex 47.3686 -39.5244 0
    endloop
  endfacet
  facet normal 0 0 -1
    outer loop
      vertex 47.175 -39.4289 0
      vertex 47.175 -36.5711 0
      vertex 47.3686 -36.4756 0
    endloop
  endfacet
  facet normal 0 0 -1
    outer loop
      vertex 46.9955 -39.309 0
      vertex 47.175 -36.5711 0
      vertex 47.175 -39.4289 0
    endloop
  endfacet
  facet normal 0 0 -1
    outer loop
      vertex 46.9955 -39.309 0
      vertex 46.9955 -36.691 0
      vertex 47.175 -36.5711 0
    endloop
  endfacet
  facet normal 0 0 -1
    outer loop
      vertex 46.8333 -39.1667 0
      vertex 46.9955 -36.691 0
      vertex 46.9955 -39.309 0
    endloop
  endfacet
  facet normal 0 0 -1
    outer loop
      vertex 46.8333 -39.1667 0
      vertex 46.8333 -36.8333 0
      vertex 46.9955 -36.691 0
    endloop
  endfacet
  facet normal 0 0 -1
    outer loop
      vertex 46.691 -39.0045 0
      vertex 46.8333 -36.8333 0
      vertex 46.8333 -39.1667 0
    endloop
  endfacet
  facet normal 0 0 -1
    outer loop
      vertex 46.691 -39.0045 0
      vertex 46.691 -36.9955 0
      vertex 46.8333 -36.8333 0
    endloop
  endfacet
  facet normal 0 0 -1
    outer loop
      vertex 46.5711 -38.825 0
      vertex 46.691 -36.9955 0
      vertex 46.691 -39.0045 0
    endloop
  endfacet
  facet normal 0 0 -1
    outer loop
      vertex 46.5711 -38.825 0
      vertex 46.5711 -37.175 0
      vertex 46.691 -36.9955 0
    endloop
  endfacet
  facet normal 0 0 -1
    outer loop
      vertex 46.4756 -38.6314 0
      vertex 46.5711 -37.175 0
      vertex 46.5711 -38.825 0
    endloop
  endfacet
  facet normal 0 0 -1
    outer loop
      vertex 46.4756 -38.6314 0
      vertex 46.4756 -37.3686 0
      vertex 46.5711 -37.175 0
    endloop
  endfacet
  facet normal 0 0 -1
    outer loop
      vertex 46.4062 -38.4271 0
      vertex 46.4756 -37.3686 0
      vertex 46.4756 -38.6314 0
    endloop
  endfacet
  facet normal 0 0 -1
    outer loop
      vertex 46.4062 -38.4271 0
      vertex 46.4062 -37.5729 0
      vertex 46.4756 -37.3686 0
    endloop
  endfacet
  facet normal 0 0 -1
    outer loop
      vertex 46.3641 -38.2154 0
      vertex 46.4062 -37.5729 0
      vertex 46.4062 -38.4271 0
    endloop
  endfacet
  facet normal 0 0 -1
    outer loop
      vertex 46.3641 -38.2154 0
      vertex 46.3641 -37.7846 0
      vertex 46.4062 -37.5729 0
    endloop
  endfacet
  facet normal 0 -0 -1
    outer loop
      vertex 46.3641 -37.7846 0
      vertex 46.3641 -38.2154 0
      vertex 46.35 -38 0
    endloop
  endfacet
  facet normal 0 0 -1
    outer loop
      vertex 49.6359 37.7846 0
      vertex 49.6359 38.2154 0
      vertex 49.65 38 0
    endloop
  endfacet
  facet normal 0 0 -1
    outer loop
      vertex 49.5938 37.5729 0
      vertex 49.6359 38.2154 0
      vertex 49.6359 37.7846 0
    endloop
  endfacet
  facet normal 0 0 -1
    outer loop
      vertex 49.5938 37.5729 0
      vertex 49.5938 38.4271 0
      vertex 49.6359 38.2154 0
    endloop
  endfacet
  facet normal 0 0 -1
    outer loop
      vertex 49.5244 37.3686 0
      vertex 49.5938 38.4271 0
      vertex 49.5938 37.5729 0
    endloop
  endfacet
  facet normal 0 0 -1
    outer loop
      vertex 49.5244 37.3686 0
      vertex 49.5244 38.6314 0
      vertex 49.5938 38.4271 0
    endloop
  endfacet
  facet normal 0 0 -1
    outer loop
      vertex 49.4289 37.175 0
      vertex 49.5244 38.6314 0
      vertex 49.5244 37.3686 0
    endloop
  endfacet
  facet normal 0 0 -1
    outer loop
      vertex 49.4289 37.175 0
      vertex 49.4289 38.825 0
      vertex 49.5244 38.6314 0
    endloop
  endfacet
  facet normal 0 0 -1
    outer loop
      vertex 49.309 36.9955 0
      vertex 49.4289 38.825 0
      vertex 49.4289 37.175 0
    endloop
  endfacet
  facet normal 0 0 -1
    outer loop
      vertex 49.309 36.9955 0
      vertex 49.309 39.0045 0
      vertex 49.4289 38.825 0
    endloop
  endfacet
  facet normal 0 0 -1
    outer loop
      vertex 49.1667 36.8333 0
      vertex 49.309 39.0045 0
      vertex 49.309 36.9955 0
    endloop
  endfacet
  facet normal 0 0 -1
    outer loop
      vertex 49.1667 36.8333 0
      vertex 49.1667 39.1667 0
      vertex 49.309 39.0045 0
    endloop
  endfacet
  facet normal 0 0 -1
    outer loop
      vertex 49.0045 36.691 0
      vertex 49.1667 39.1667 0
      vertex 49.1667 36.8333 0
    endloop
  endfacet
  facet normal 0 0 -1
    outer loop
      vertex 49.0045 36.691 0
      vertex 49.0045 39.309 0
      vertex 49.1667 39.1667 0
    endloop
  endfacet
  facet normal 0 0 -1
    outer loop
      vertex 48.825 36.5711 0
      vertex 49.0045 39.309 0
      vertex 49.0045 36.691 0
    endloop
  endfacet
  facet normal 0 0 -1
    outer loop
      vertex 48.825 36.5711 0
      vertex 48.825 39.4289 0
      vertex 49.0045 39.309 0
    endloop
  endfacet
  facet normal 0 0 -1
    outer loop
      vertex 48.6314 36.4756 0
      vertex 48.825 39.4289 0
      vertex 48.825 36.5711 0
    endloop
  endfacet
  facet normal 0 0 -1
    outer loop
      vertex 48.6314 36.4756 0
      vertex 48.6314 39.5244 0
      vertex 48.825 39.4289 0
    endloop
  endfacet
  facet normal 0 0 -1
    outer loop
      vertex 48.4271 36.4062 0
      vertex 48.6314 39.5244 0
      vertex 48.6314 36.4756 0
    endloop
  endfacet
  facet normal 0 0 -1
    outer loop
      vertex 48.4271 36.4062 0
      vertex 48.4271 39.5938 0
      vertex 48.6314 39.5244 0
    endloop
  endfacet
  facet normal 0 0 -1
    outer loop
      vertex 48.2154 36.3641 0
      vertex 48.4271 39.5938 0
      vertex 48.4271 36.4062 0
    endloop
  endfacet
  facet normal 0 0 -1
    outer loop
      vertex 48.2154 36.3641 0
      vertex 48.2154 39.6359 0
      vertex 48.4271 39.5938 0
    endloop
  endfacet
  facet normal 0 0 -1
    outer loop
      vertex 48 36.35 0
      vertex 48.2154 39.6359 0
      vertex 48.2154 36.3641 0
    endloop
  endfacet
  facet normal 0 0 -1
    outer loop
      vertex 48 36.35 0
      vertex 48 39.65 0
      vertex 48.2154 39.6359 0
    endloop
  endfacet
  facet normal 0 0 -1
    outer loop
      vertex 47.7846 36.3641 0
      vertex 48 39.65 0
      vertex 48 36.35 0
    endloop
  endfacet
  facet normal 0 0 -1
    outer loop
      vertex 47.7846 36.3641 0
      vertex 47.7846 39.6359 0
      vertex 48 39.65 0
    endloop
  endfacet
  facet normal 0 0 -1
    outer loop
      vertex 47.5729 36.4062 0
      vertex 47.7846 39.6359 0
      vertex 47.7846 36.3641 0
    endloop
  endfacet
  facet normal 0 0 -1
    outer loop
      vertex 47.5729 36.4062 0
      vertex 47.5729 39.5938 0
      vertex 47.7846 39.6359 0
    endloop
  endfacet
  facet normal 0 0 -1
    outer loop
      vertex 47.3686 36.4756 0
      vertex 47.5729 39.5938 0
      vertex 47.5729 36.4062 0
    endloop
  endfacet
  facet normal 0 0 -1
    outer loop
      vertex 47.3686 36.4756 0
      vertex 47.3686 39.5244 0
      vertex 47.5729 39.5938 0
    endloop
  endfacet
  facet normal 0 0 -1
    outer loop
      vertex 47.175 36.5711 0
      vertex 47.3686 39.5244 0
      vertex 47.3686 36.4756 0
    endloop
  endfacet
  facet normal 0 0 -1
    outer loop
      vertex 47.175 36.5711 0
      vertex 47.175 39.4289 0
      vertex 47.3686 39.5244 0
    endloop
  endfacet
  facet normal 0 0 -1
    outer loop
      vertex 46.9955 36.691 0
      vertex 47.175 39.4289 0
      vertex 47.175 36.5711 0
    endloop
  endfacet
  facet normal 0 0 -1
    outer loop
      vertex 46.9955 36.691 0
      vertex 46.9955 39.309 0
      vertex 47.175 39.4289 0
    endloop
  endfacet
  facet normal 0 0 -1
    outer loop
      vertex 46.8333 36.8333 0
      vertex 46.9955 39.309 0
      vertex 46.9955 36.691 0
    endloop
  endfacet
  facet normal 0 0 -1
    outer loop
      vertex 46.8333 36.8333 0
      vertex 46.8333 39.1667 0
      vertex 46.9955 39.309 0
    endloop
  endfacet
  facet normal 0 0 -1
    outer loop
      vertex 46.691 36.9955 0
      vertex 46.8333 39.1667 0
      vertex 46.8333 36.8333 0
    endloop
  endfacet
  facet normal 0 0 -1
    outer loop
      vertex 46.691 36.9955 0
      vertex 46.691 39.0045 0
      vertex 46.8333 39.1667 0
    endloop
  endfacet
  facet normal 0 0 -1
    outer loop
      vertex 46.5711 37.175 0
      vertex 46.691 39.0045 0
      vertex 46.691 36.9955 0
    endloop
  endfacet
  facet normal 0 0 -1
    outer loop
      vertex 46.5711 37.175 0
      vertex 46.5711 38.825 0
      vertex 46.691 39.0045 0
    endloop
  endfacet
  facet normal 0 0 -1
    outer loop
      vertex 46.4756 37.3686 0
      vertex 46.5711 38.825 0
      vertex 46.5711 37.175 0
    endloop
  endfacet
  facet normal 0 0 -1
    outer loop
      vertex 46.4756 37.3686 0
      vertex 46.4756 38.6314 0
      vertex 46.5711 38.825 0
    endloop
  endfacet
  facet normal 0 0 -1
    outer loop
      vertex 46.4062 37.5729 0
      vertex 46.4756 38.6314 0
      vertex 46.4756 37.3686 0
    endloop
  endfacet
  facet normal 0 0 -1
    outer loop
      vertex 46.4062 37.5729 0
      vertex 46.4062 38.4271 0
      vertex 46.4756 38.6314 0
    endloop
  endfacet
  facet normal 0 0 -1
    outer loop
      vertex 46.3641 37.7846 0
      vertex 46.4062 38.4271 0
      vertex 46.4062 37.5729 0
    endloop
  endfacet
  facet normal 0 0 -1
    outer loop
      vertex 46.3641 37.7846 0
      vertex 46.3641 38.2154 0
      vertex 46.4062 38.4271 0
    endloop
  endfacet
  facet normal 0 -0 -1
    outer loop
      vertex 46.3641 38.2154 0
      vertex 46.3641 37.7846 0
      vertex 46.35 38 0
    endloop
  endfacet
  facet normal -0.980779 -0.195124 0
    outer loop
      vertex -67.7274 -41.0706 0
      vertex -67.9316 -40.0442 3.2
      vertex -67.9316 -40.0442 0
    endloop
  endfacet
  facet normal -0.980779 -0.195124 0
    outer loop
      vertex -67.9316 -40.0442 3.2
      vertex -67.7274 -41.0706 0
      vertex -67.7274 -41.0706 3.2
    endloop
  endfacet
  facet normal -1 0 0
    outer loop
      vertex -68 -39 0
      vertex -68 39 3.2
      vertex -68 39 0
    endloop
  endfacet
  facet normal -1 -0 0
    outer loop
      vertex -68 39 3.2
      vertex -68 -39 0
      vertex -68 -39 3.2
    endloop
  endfacet
  facet normal 0.997861 0.0653646 0
    outer loop
      vertex 68 39 3.2
      vertex 67.9316 40.0442 0
      vertex 67.9316 40.0442 3.2
    endloop
  endfacet
  facet normal 0.997861 0.0653646 0
    outer loop
      vertex 67.9316 40.0442 0
      vertex 68 39 3.2
      vertex 68 39 0
    endloop
  endfacet
  facet normal -0.997861 -0.0653646 0
    outer loop
      vertex -67.9316 -40.0442 0
      vertex -68 -39 3.2
      vertex -68 -39 0
    endloop
  endfacet
  facet normal -0.997861 -0.0653646 0
    outer loop
      vertex -68 -39 3.2
      vertex -67.9316 -40.0442 0
      vertex -67.9316 -40.0442 3.2
    endloop
  endfacet
  facet normal -0.442276 0.896879 0
    outer loop
      vertex -63.0615 46.391 0
      vertex -64 45.9282 3.2
      vertex -63.0615 46.391 3.2
    endloop
  endfacet
  facet normal -0.442276 0.896879 0
    outer loop
      vertex -64 45.9282 3.2
      vertex -63.0615 46.391 0
      vertex -64 45.9282 0
    endloop
  endfacet
  facet normal 0 0 1
    outer loop
      vertex -51.1095 -8.42728 3.2
      vertex -50.6314 -8.4756 3.2
      vertex -50.5895 -8.46136 3.2
    endloop
  endfacet
  facet normal 0 0 1
    outer loop
      vertex -51.1095 -8.42728 3.2
      vertex -50.825 -8.57106 3.2
      vertex -50.6314 -8.4756 3.2
    endloop
  endfacet
  facet normal 0 0 1
    outer loop
      vertex -51.1095 -8.42728 3.2
      vertex -51.0045 -8.69097 3.2
      vertex -50.825 -8.57106 3.2
    endloop
  endfacet
  facet normal 0 0 1
    outer loop
      vertex -51.1095 -8.42728 3.2
      vertex -51.1667 -8.83327 3.2
      vertex -51.0045 -8.69097 3.2
    endloop
  endfacet
  facet normal 0 0 1
    outer loop
      vertex -51.1095 -8.42728 3.2
      vertex -51.309 -8.99554 3.2
      vertex -51.1667 -8.83327 3.2
    endloop
  endfacet
  facet normal 0 0 1
    outer loop
      vertex -52.2 -8.21037 3.2
      vertex -51.309 -8.99554 3.2
      vertex -51.1095 -8.42728 3.2
    endloop
  endfacet
  facet normal 0 0 1
    outer loop
      vertex -51.309 -8.99554 3.2
      vertex -52.2 -8.21037 3.2
      vertex -51.4289 -9.175 3.2
    endloop
  endfacet
  facet normal 0 0 1
    outer loop
      vertex -53.2528 -7.85298 3.2
      vertex -51.6359 -9.78463 3.2
      vertex -52.2 -8.21037 3.2
    endloop
  endfacet
  facet normal 0 0 1
    outer loop
      vertex -51.5938 -9.57295 3.2
      vertex -52.2 -8.21037 3.2
      vertex -51.6359 -9.78463 3.2
    endloop
  endfacet
  facet normal 0 0 1
    outer loop
      vertex -51.5244 -9.36857 3.2
      vertex -52.2 -8.21037 3.2
      vertex -51.5938 -9.57295 3.2
    endloop
  endfacet
  facet normal 0 0 1
    outer loop
      vertex -51.4289 -9.175 3.2
      vertex -52.2 -8.21037 3.2
      vertex -51.5244 -9.36857 3.2
    endloop
  endfacet
  facet normal 0 0 1
    outer loop
      vertex -46.7472 -7.85298 3.2
      vertex -48.3641 -9.78463 3.2
      vertex -48.35 -10 3.2
    endloop
  endfacet
  facet normal 0 0 1
    outer loop
      vertex -47.8 -8.21037 3.2
      vertex -48.4062 -9.57295 3.2
      vertex -48.3641 -9.78463 3.2
    endloop
  endfacet
  facet normal 0 0 1
    outer loop
      vertex -47.8 -8.21037 3.2
      vertex -48.4756 -9.36857 3.2
      vertex -48.4062 -9.57295 3.2
    endloop
  endfacet
  facet normal 0 0 1
    outer loop
      vertex -47.8 -8.21037 3.2
      vertex -48.5711 -9.175 3.2
      vertex -48.4756 -9.36857 3.2
    endloop
  endfacet
  facet normal 0 0 1
    outer loop
      vertex -47.8 -8.21037 3.2
      vertex -48.691 -8.99554 3.2
      vertex -48.5711 -9.175 3.2
    endloop
  endfacet
  facet normal -0 0 1
    outer loop
      vertex -48.8905 -8.42728 3.2
      vertex -48.691 -8.99554 3.2
      vertex -47.8 -8.21037 3.2
    endloop
  endfacet
  facet normal 0 0 1
    outer loop
      vertex -48.691 -8.99554 3.2
      vertex -48.8905 -8.42728 3.2
      vertex -48.8333 -8.83327 3.2
    endloop
  endfacet
  facet normal 0 0 1
    outer loop
      vertex -48.8905 -8.42728 3.2
      vertex -48.9955 -8.69097 3.2
      vertex -48.8333 -8.83327 3.2
    endloop
  endfacet
  facet normal 0 0 1
    outer loop
      vertex -48.8905 -8.42728 3.2
      vertex -49.175 -8.57106 3.2
      vertex -48.9955 -8.69097 3.2
    endloop
  endfacet
  facet normal 0 0 1
    outer loop
      vertex -48.8905 -8.42728 3.2
      vertex -49.3686 -8.4756 3.2
      vertex -49.175 -8.57106 3.2
    endloop
  endfacet
  facet normal 0 -0 1
    outer loop
      vertex -49.3686 -8.4756 3.2
      vertex -48.8905 -8.42728 3.2
      vertex -49.4105 -8.46136 3.2
    endloop
  endfacet
  facet normal 0 0 1
    outer loop
      vertex -46.7472 7.85298 3.2
      vertex -48.3641 9.78463 3.2
      vertex -47.8 8.21037 3.2
    endloop
  endfacet
  facet normal -0 0 1
    outer loop
      vertex -48.4062 9.57295 3.2
      vertex -47.8 8.21037 3.2
      vertex -48.3641 9.78463 3.2
    endloop
  endfacet
  facet normal -0 0 1
    outer loop
      vertex -48.4756 9.36857 3.2
      vertex -47.8 8.21037 3.2
      vertex -48.4062 9.57295 3.2
    endloop
  endfacet
  facet normal -0 0 1
    outer loop
      vertex -48.5711 9.175 3.2
      vertex -47.8 8.21037 3.2
      vertex -48.4756 9.36857 3.2
    endloop
  endfacet
  facet normal -0 0 1
    outer loop
      vertex -48.691 8.99554 3.2
      vertex -47.8 8.21037 3.2
      vertex -48.5711 9.175 3.2
    endloop
  endfacet
  facet normal 0 0 1
    outer loop
      vertex -48.8905 8.42728 3.2
      vertex -48.691 8.99554 3.2
      vertex -48.8333 8.83327 3.2
    endloop
  endfacet
  facet normal 0 0 1
    outer loop
      vertex -48.691 8.99554 3.2
      vertex -48.8905 8.42728 3.2
      vertex -47.8 8.21037 3.2
    endloop
  endfacet
  facet normal -0 0 1
    outer loop
      vertex -48.9955 8.69097 3.2
      vertex -48.8905 8.42728 3.2
      vertex -48.8333 8.83327 3.2
    endloop
  endfacet
  facet normal -0 0 1
    outer loop
      vertex -49.175 8.57106 3.2
      vertex -48.8905 8.42728 3.2
      vertex -48.9955 8.69097 3.2
    endloop
  endfacet
  facet normal -0 0 1
    outer loop
      vertex -49.3686 8.4756 3.2
      vertex -48.8905 8.42728 3.2
      vertex -49.175 8.57106 3.2
    endloop
  endfacet
  facet normal 0 0 1
    outer loop
      vertex -48.8905 8.42728 3.2
      vertex -49.3686 8.4756 3.2
      vertex -49.4105 8.46136 3.2
    endloop
  endfacet
  facet normal 0 0 1
    outer loop
      vertex -50.6314 8.4756 3.2
      vertex -51.1095 8.42728 3.2
      vertex -50.5895 8.46136 3.2
    endloop
  endfacet
  facet normal 0 0 1
    outer loop
      vertex -50.825 8.57106 3.2
      vertex -51.1095 8.42728 3.2
      vertex -50.6314 8.4756 3.2
    endloop
  endfacet
  facet normal 0 0 1
    outer loop
      vertex -51.0045 8.69097 3.2
      vertex -51.1095 8.42728 3.2
      vertex -50.825 8.57106 3.2
    endloop
  endfacet
  facet normal 0 0 1
    outer loop
      vertex -51.1667 8.83327 3.2
      vertex -51.1095 8.42728 3.2
      vertex -51.0045 8.69097 3.2
    endloop
  endfacet
  facet normal 0 0 1
    outer loop
      vertex -51.309 8.99554 3.2
      vertex -51.1095 8.42728 3.2
      vertex -51.1667 8.83327 3.2
    endloop
  endfacet
  facet normal 0 0 1
    outer loop
      vertex -52.2 8.21037 3.2
      vertex -51.309 8.99554 3.2
      vertex -51.4289 9.175 3.2
    endloop
  endfacet
  facet normal 0 0 1
    outer loop
      vertex -52.2 8.21037 3.2
      vertex -51.4289 9.175 3.2
      vertex -51.5244 9.36857 3.2
    endloop
  endfacet
  facet normal 0 0 1
    outer loop
      vertex -51.309 8.99554 3.2
      vertex -52.2 8.21037 3.2
      vertex -51.1095 8.42728 3.2
    endloop
  endfacet
  facet normal 0 0 1
    outer loop
      vertex -51.5938 9.57295 3.2
      vertex -52.2 8.21037 3.2
      vertex -51.5244 9.36857 3.2
    endloop
  endfacet
  facet normal 0 0 1
    outer loop
      vertex -51.6359 9.78463 3.2
      vertex -52.2 8.21037 3.2
      vertex -51.5938 9.57295 3.2
    endloop
  endfacet
  facet normal 0 0 1
    outer loop
      vertex -53.2528 7.85298 3.2
      vertex -51.6359 9.78463 3.2
      vertex -51.65 10 3.2
    endloop
  endfacet
  facet normal 0 0 1
    outer loop
      vertex -11 4 3.2
      vertex -41.5 0 3.2
      vertex -11 -4 3.2
    endloop
  endfacet
  facet normal -0 0 1
    outer loop
      vertex -41.5727 -1.10947 3.2
      vertex -11 -4 3.2
      vertex -41.5 0 3.2
    endloop
  endfacet
  facet normal 0 0 1
    outer loop
      vertex -10.5981 5.5 3.2
      vertex -18 16.25 3.2
      vertex -10.7716 5.14805 3.2
    endloop
  endfacet
  facet normal 0 0 1
    outer loop
      vertex -11 -4 3.2
      vertex -14.9094 -24.3564 3.2
      vertex -14.9 -24.5 3.2
    endloop
  endfacet
  facet normal 0 0 1
    outer loop
      vertex -10.7716 5.14805 3.2
      vertex -18 16.25 3.2
      vertex -10.8978 4.77646 3.2
    endloop
  endfacet
  facet normal 0 0 1
    outer loop
      vertex -11 -4 3.2
      vertex -14.9375 -24.2153 3.2
      vertex -14.9094 -24.3564 3.2
    endloop
  endfacet
  facet normal 0 0 1
    outer loop
      vertex -10.8978 4.77646 3.2
      vertex -18 16.25 3.2
      vertex -10.9743 4.39158 3.2
    endloop
  endfacet
  facet normal 0 0 1
    outer loop
      vertex -11 -4 3.2
      vertex -14.9837 -24.079 3.2
      vertex -14.9375 -24.2153 3.2
    endloop
  endfacet
  facet normal -0 0 1
    outer loop
      vertex -32 16.25 3.2
      vertex -11 4 3.2
      vertex -18 16.25 3.2
    endloop
  endfacet
  facet normal 0 0 1
    outer loop
      vertex -41.5 0 3.2
      vertex -11 4 3.2
      vertex -32 16.25 3.2
    endloop
  endfacet
  facet normal 0 0 1
    outer loop
      vertex -10.9743 4.39158 3.2
      vertex -18 16.25 3.2
      vertex -11 4 3.2
    endloop
  endfacet
  facet normal 0 -0 1
    outer loop
      vertex -15.1273 -23.8304 3.2
      vertex -11 -4 3.2
      vertex -18 -16.25 3.2
    endloop
  endfacet
  facet normal 0 0 1
    outer loop
      vertex -18 16.25 3.2
      vertex -15.1273 23.8304 3.2
      vertex -15.2222 23.7222 3.2
    endloop
  endfacet
  facet normal 0 0 1
    outer loop
      vertex -11 -4 3.2
      vertex -15.0474 -23.95 3.2
      vertex -14.9837 -24.079 3.2
    endloop
  endfacet
  facet normal 0 0 1
    outer loop
      vertex -18 16.25 3.2
      vertex -15.2222 23.7222 3.2
      vertex -15.3304 23.6273 3.2
    endloop
  endfacet
  facet normal 0 0 1
    outer loop
      vertex -11 -4 3.2
      vertex -15.1273 -23.8304 3.2
      vertex -15.0474 -23.95 3.2
    endloop
  endfacet
  facet normal 0 0 1
    outer loop
      vertex -18 19.75 3.2
      vertex -15.3304 23.6273 3.2
      vertex -15.45 23.5474 3.2
    endloop
  endfacet
  facet normal 0 0 1
    outer loop
      vertex -15.1273 -23.8304 3.2
      vertex -18 -16.25 3.2
      vertex -15.2222 -23.7222 3.2
    endloop
  endfacet
  facet normal 0 0 1
    outer loop
      vertex -18 19.75 3.2
      vertex -15.45 23.5474 3.2
      vertex -15.579 23.4837 3.2
    endloop
  endfacet
  facet normal 0 0 1
    outer loop
      vertex -15.2222 -23.7222 3.2
      vertex -18 -16.25 3.2
      vertex -15.3304 -23.6273 3.2
    endloop
  endfacet
  facet normal 0 0 1
    outer loop
      vertex -18 19.75 3.2
      vertex -15.579 23.4837 3.2
      vertex -15.7153 23.4375 3.2
    endloop
  endfacet
  facet normal -0 0 1
    outer loop
      vertex -18 -19.75 3.2
      vertex -15.3304 -23.6273 3.2
      vertex -18 -16.25 3.2
    endloop
  endfacet
  facet normal 0 0 1
    outer loop
      vertex -18 19.75 3.2
      vertex -15.7153 23.4375 3.2
      vertex -15.8564 23.4094 3.2
    endloop
  endfacet
  facet normal 0 0 1
    outer loop
      vertex -15.3304 -23.6273 3.2
      vertex -18 -19.75 3.2
      vertex -15.45 -23.5474 3.2
    endloop
  endfacet
  facet normal 0 0 1
    outer loop
      vertex -18 19.75 3.2
      vertex -15.8564 23.4094 3.2
      vertex -16 23.4 3.2
    endloop
  endfacet
  facet normal 0 0 1
    outer loop
      vertex -15.45 -23.5474 3.2
      vertex -18 -19.75 3.2
      vertex -15.579 -23.4837 3.2
    endloop
  endfacet
  facet normal 0 0 1
    outer loop
      vertex -18 19.75 3.2
      vertex -16 23.4 3.2
      vertex -16.1436 23.4094 3.2
    endloop
  endfacet
  facet normal 0 0 1
    outer loop
      vertex -15.579 -23.4837 3.2
      vertex -18 -19.75 3.2
      vertex -15.7153 -23.4375 3.2
    endloop
  endfacet
  facet normal 0 0 1
    outer loop
      vertex -18 19.75 3.2
      vertex -16.1436 23.4094 3.2
      vertex -16.2847 23.4375 3.2
    endloop
  endfacet
  facet normal 0 0 1
    outer loop
      vertex -15.7153 -23.4375 3.2
      vertex -18 -19.75 3.2
      vertex -15.8564 -23.4094 3.2
    endloop
  endfacet
  facet normal 0 0 1
    outer loop
      vertex -18 19.75 3.2
      vertex -16.2847 23.4375 3.2
      vertex -16.421 23.4837 3.2
    endloop
  endfacet
  facet normal 0 0 1
    outer loop
      vertex -15.8564 -23.4094 3.2
      vertex -18 -19.75 3.2
      vertex -16 -23.4 3.2
    endloop
  endfacet
  facet normal 0 0 1
    outer loop
      vertex -18 19.75 3.2
      vertex -16.421 23.4837 3.2
      vertex -16.55 23.5474 3.2
    endloop
  endfacet
  facet normal 0 0 1
    outer loop
      vertex -16 -23.4 3.2
      vertex -18 -19.75 3.2
      vertex -16.1436 -23.4094 3.2
    endloop
  endfacet
  facet normal 0 0 1
    outer loop
      vertex -18 19.75 3.2
      vertex -16.55 23.5474 3.2
      vertex -16.6696 23.6273 3.2
    endloop
  endfacet
  facet normal 0 0 1
    outer loop
      vertex -16.1436 -23.4094 3.2
      vertex -18 -19.75 3.2
      vertex -16.2847 -23.4375 3.2
    endloop
  endfacet
  facet normal 0 0 1
    outer loop
      vertex -18 19.75 3.2
      vertex -16.6696 23.6273 3.2
      vertex -16.7778 23.7222 3.2
    endloop
  endfacet
  facet normal 0 0 1
    outer loop
      vertex -16.2847 -23.4375 3.2
      vertex -18 -19.75 3.2
      vertex -16.421 -23.4837 3.2
    endloop
  endfacet
  facet normal 0 0 1
    outer loop
      vertex -18 19.75 3.2
      vertex -16.7778 23.7222 3.2
      vertex -16.8727 23.8304 3.2
    endloop
  endfacet
  facet normal 0 0 1
    outer loop
      vertex -16.421 -23.4837 3.2
      vertex -18 -19.75 3.2
      vertex -16.55 -23.5474 3.2
    endloop
  endfacet
  facet normal 0 0 1
    outer loop
      vertex -18 19.75 3.2
      vertex -16.8727 23.8304 3.2
      vertex -16.9526 23.95 3.2
    endloop
  endfacet
  facet normal 0 0 1
    outer loop
      vertex -16.55 -23.5474 3.2
      vertex -18 -19.75 3.2
      vertex -16.6696 -23.6273 3.2
    endloop
  endfacet
  facet normal 0 0 1
    outer loop
      vertex -18 19.75 3.2
      vertex -16.9526 23.95 3.2
      vertex -17.0163 24.079 3.2
    endloop
  endfacet
  facet normal 0 0 1
    outer loop
      vertex -16.6696 -23.6273 3.2
      vertex -18 -19.75 3.2
      vertex -16.7778 -23.7222 3.2
    endloop
  endfacet
  facet normal 0 0 1
    outer loop
      vertex -21.5 26.5 3.2
      vertex -17.0163 24.079 3.2
      vertex -17.0625 24.2153 3.2
    endloop
  endfacet
  facet normal 0 0 1
    outer loop
      vertex -16.7778 -23.7222 3.2
      vertex -18 -19.75 3.2
      vertex -16.8727 -23.8304 3.2
    endloop
  endfacet
  facet normal 0 0 1
    outer loop
      vertex -21.5 26.5 3.2
      vertex -17.0625 24.2153 3.2
      vertex -17.0906 24.3564 3.2
    endloop
  endfacet
  facet normal 0 0 1
    outer loop
      vertex -16.8727 -23.8304 3.2
      vertex -18 -19.75 3.2
      vertex -16.9526 -23.95 3.2
    endloop
  endfacet
  facet normal 0 0 1
    outer loop
      vertex -21.5 26.5 3.2
      vertex -17.0906 24.3564 3.2
      vertex -17.1 24.5 3.2
    endloop
  endfacet
  facet normal 0 0 1
    outer loop
      vertex -16.9526 -23.95 3.2
      vertex -18 -19.75 3.2
      vertex -17.0163 -24.079 3.2
    endloop
  endfacet
  facet normal 0 0 1
    outer loop
      vertex 5.5 -41.7 3.2
      vertex 1.09059 -43.5564 3.2
      vertex 1.1 -43.7 3.2
    endloop
  endfacet
  facet normal 0 0 1
    outer loop
      vertex 5.5 -41.7 3.2
      vertex 1.06252 -43.4153 3.2
      vertex 1.09059 -43.5564 3.2
    endloop
  endfacet
  facet normal 0 0 1
    outer loop
      vertex 5.5 -41.7 3.2
      vertex 1.01627 -43.279 3.2
      vertex 1.06252 -43.4153 3.2
    endloop
  endfacet
  facet normal 0 0 1
    outer loop
      vertex 5.5 -41.7 3.2
      vertex 0.952627 -43.15 3.2
      vertex 1.01627 -43.279 3.2
    endloop
  endfacet
  facet normal 0 0 1
    outer loop
      vertex 5.5 -41.7 3.2
      vertex 0.872688 -43.0304 3.2
      vertex 0.952627 -43.15 3.2
    endloop
  endfacet
  facet normal 0 0 1
    outer loop
      vertex 5.5 -41.7 3.2
      vertex 0.777817 -42.9222 3.2
      vertex 0.872688 -43.0304 3.2
    endloop
  endfacet
  facet normal 0 0 1
    outer loop
      vertex 5.5 -41.7 3.2
      vertex 0.669637 -42.8273 3.2
      vertex 0.777817 -42.9222 3.2
    endloop
  endfacet
  facet normal 0 0 1
    outer loop
      vertex 5.5 -41.7 3.2
      vertex 0.549999 -42.7474 3.2
      vertex 0.669637 -42.8273 3.2
    endloop
  endfacet
  facet normal 0 0 1
    outer loop
      vertex 5.5 -41.7 3.2
      vertex 0.420951 -42.6837 3.2
      vertex 0.549999 -42.7474 3.2
    endloop
  endfacet
  facet normal 0 0 1
    outer loop
      vertex 5.5 -41.7 3.2
      vertex 0.2847 -42.6375 3.2
      vertex 0.420951 -42.6837 3.2
    endloop
  endfacet
  facet normal 0 0 1
    outer loop
      vertex 5.5 -41.7 3.2
      vertex 0.143579 -42.6094 3.2
      vertex 0.2847 -42.6375 3.2
    endloop
  endfacet
  facet normal 0 0 1
    outer loop
      vertex 5.5 -41.7 3.2
      vertex 0 -42.6 3.2
      vertex 0.143579 -42.6094 3.2
    endloop
  endfacet
  facet normal 0 0 1
    outer loop
      vertex 5.5 -41.7 3.2
      vertex -0.143579 -42.6094 3.2
      vertex 0 -42.6 3.2
    endloop
  endfacet
  facet normal 0 0 1
    outer loop
      vertex -1.09059 -43.5564 3.2
      vertex -14.9 -43.7 3.2
      vertex -1.1 -43.7 3.2
    endloop
  endfacet
  facet normal 0 0 1
    outer loop
      vertex -14.9094 -43.5564 3.2
      vertex -1.09059 -43.5564 3.2
      vertex -1.06252 -43.4153 3.2
    endloop
  endfacet
  facet normal 0 0 1
    outer loop
      vertex -14.9375 -43.4153 3.2
      vertex -1.06252 -43.4153 3.2
      vertex -1.01627 -43.279 3.2
    endloop
  endfacet
  facet normal 0 0 1
    outer loop
      vertex -14.9837 -43.279 3.2
      vertex -1.01627 -43.279 3.2
      vertex -0.952627 -43.15 3.2
    endloop
  endfacet
  facet normal 0 0 1
    outer loop
      vertex -15.0474 -43.15 3.2
      vertex -0.952627 -43.15 3.2
      vertex -0.872688 -43.0304 3.2
    endloop
  endfacet
  facet normal 0 0 1
    outer loop
      vertex -15.1273 -43.0304 3.2
      vertex -0.872688 -43.0304 3.2
      vertex -0.777817 -42.9222 3.2
    endloop
  endfacet
  facet normal 0 0 1
    outer loop
      vertex -15.2222 -42.9222 3.2
      vertex -0.777817 -42.9222 3.2
      vertex -0.669637 -42.8273 3.2
    endloop
  endfacet
  facet normal 0 0 1
    outer loop
      vertex -15.3304 -42.8273 3.2
      vertex -0.669637 -42.8273 3.2
      vertex -0.549999 -42.7474 3.2
    endloop
  endfacet
  facet normal 0 0 1
    outer loop
      vertex -15.45 -42.7474 3.2
      vertex -0.549999 -42.7474 3.2
      vertex -0.420951 -42.6837 3.2
    endloop
  endfacet
  facet normal 0 0 1
    outer loop
      vertex -15.579 -42.6837 3.2
      vertex -0.420951 -42.6837 3.2
      vertex -0.2847 -42.6375 3.2
    endloop
  endfacet
  facet normal 0 0 1
    outer loop
      vertex -15.7153 -42.6375 3.2
      vertex -0.2847 -42.6375 3.2
      vertex -0.143579 -42.6094 3.2
    endloop
  endfacet
  facet normal 0 0 1
    outer loop
      vertex -15.8564 -42.6094 3.2
      vertex -0.143579 -42.6094 3.2
      vertex 5.5 -41.7 3.2
    endloop
  endfacet
  facet normal 0 0 1
    outer loop
      vertex -1.09059 -43.5564 3.2
      vertex -14.9094 -43.5564 3.2
      vertex -14.9 -43.7 3.2
    endloop
  endfacet
  facet normal 0 0 1
    outer loop
      vertex -1.06252 -43.4153 3.2
      vertex -14.9375 -43.4153 3.2
      vertex -14.9094 -43.5564 3.2
    endloop
  endfacet
  facet normal 0 0 1
    outer loop
      vertex -1.01627 -43.279 3.2
      vertex -14.9837 -43.279 3.2
      vertex -14.9375 -43.4153 3.2
    endloop
  endfacet
  facet normal 0 0 1
    outer loop
      vertex -0.952627 -43.15 3.2
      vertex -15.0474 -43.15 3.2
      vertex -14.9837 -43.279 3.2
    endloop
  endfacet
  facet normal 0 0 1
    outer loop
      vertex -0.872688 -43.0304 3.2
      vertex -15.1273 -43.0304 3.2
      vertex -15.0474 -43.15 3.2
    endloop
  endfacet
  facet normal 0 0 1
    outer loop
      vertex -0.777817 -42.9222 3.2
      vertex -15.2222 -42.9222 3.2
      vertex -15.1273 -43.0304 3.2
    endloop
  endfacet
  facet normal 0 0 1
    outer loop
      vertex -0.669637 -42.8273 3.2
      vertex -15.3304 -42.8273 3.2
      vertex -15.2222 -42.9222 3.2
    endloop
  endfacet
  facet normal 0 0 1
    outer loop
      vertex -0.549999 -42.7474 3.2
      vertex -15.45 -42.7474 3.2
      vertex -15.3304 -42.8273 3.2
    endloop
  endfacet
  facet normal 0 0 1
    outer loop
      vertex -0.420951 -42.6837 3.2
      vertex -15.579 -42.6837 3.2
      vertex -15.45 -42.7474 3.2
    endloop
  endfacet
  facet normal 0 0 1
    outer loop
      vertex -0.2847 -42.6375 3.2
      vertex -15.7153 -42.6375 3.2
      vertex -15.579 -42.6837 3.2
    endloop
  endfacet
  facet normal 0 0 1
    outer loop
      vertex -0.143579 -42.6094 3.2
      vertex -15.8564 -42.6094 3.2
      vertex -15.7153 -42.6375 3.2
    endloop
  endfacet
  facet normal -0 0 1
    outer loop
      vertex -21.5 -41.7 3.2
      vertex -15.8564 -42.6094 3.2
      vertex 5.5 -41.7 3.2
    endloop
  endfacet
  facet normal 0 0 1
    outer loop
      vertex -17.0906 -43.5564 3.2
      vertex -21.5 -41.7 3.2
      vertex -17.1 -43.7 3.2
    endloop
  endfacet
  facet normal 0 0 1
    outer loop
      vertex -17.0625 -43.4153 3.2
      vertex -21.5 -41.7 3.2
      vertex -17.0906 -43.5564 3.2
    endloop
  endfacet
  facet normal 0 0 1
    outer loop
      vertex -17.0163 -43.279 3.2
      vertex -21.5 -41.7 3.2
      vertex -17.0625 -43.4153 3.2
    endloop
  endfacet
  facet normal 0 0 1
    outer loop
      vertex -16.9526 -43.15 3.2
      vertex -21.5 -41.7 3.2
      vertex -17.0163 -43.279 3.2
    endloop
  endfacet
  facet normal 0 0 1
    outer loop
      vertex -16.8727 -43.0304 3.2
      vertex -21.5 -41.7 3.2
      vertex -16.9526 -43.15 3.2
    endloop
  endfacet
  facet normal 0 0 1
    outer loop
      vertex -16.7778 -42.9222 3.2
      vertex -21.5 -41.7 3.2
      vertex -16.8727 -43.0304 3.2
    endloop
  endfacet
  facet normal 0 0 1
    outer loop
      vertex -16.6696 -42.8273 3.2
      vertex -21.5 -41.7 3.2
      vertex -16.7778 -42.9222 3.2
    endloop
  endfacet
  facet normal 0 0 1
    outer loop
      vertex -16.55 -42.7474 3.2
      vertex -21.5 -41.7 3.2
      vertex -16.6696 -42.8273 3.2
    endloop
  endfacet
  facet normal 0 0 1
    outer loop
      vertex -16.421 -42.6837 3.2
      vertex -21.5 -41.7 3.2
      vertex -16.55 -42.7474 3.2
    endloop
  endfacet
  facet normal 0 0 1
    outer loop
      vertex -16.2847 -42.6375 3.2
      vertex -21.5 -41.7 3.2
      vertex -16.421 -42.6837 3.2
    endloop
  endfacet
  facet normal 0 0 1
    outer loop
      vertex -16.1436 -42.6094 3.2
      vertex -21.5 -41.7 3.2
      vertex -16.2847 -42.6375 3.2
    endloop
  endfacet
  facet normal 0 0 1
    outer loop
      vertex -16 -42.6 3.2
      vertex -21.5 -41.7 3.2
      vertex -16.1436 -42.6094 3.2
    endloop
  endfacet
  facet normal 0 0 1
    outer loop
      vertex -15.8564 -42.6094 3.2
      vertex -21.5 -41.7 3.2
      vertex -16 -42.6 3.2
    endloop
  endfacet
  facet normal 0 0 1
    outer loop
      vertex 5.5 26.5 3.2
      vertex 1.09059 24.6436 3.2
      vertex 1.1 24.5 3.2
    endloop
  endfacet
  facet normal 0 0 1
    outer loop
      vertex 5.5 26.5 3.2
      vertex 1.06252 24.7847 3.2
      vertex 1.09059 24.6436 3.2
    endloop
  endfacet
  facet normal 0 0 1
    outer loop
      vertex 5.5 26.5 3.2
      vertex 1.01627 24.921 3.2
      vertex 1.06252 24.7847 3.2
    endloop
  endfacet
  facet normal 0 0 1
    outer loop
      vertex 5.5 26.5 3.2
      vertex 0.952627 25.05 3.2
      vertex 1.01627 24.921 3.2
    endloop
  endfacet
  facet normal 0 0 1
    outer loop
      vertex 5.5 26.5 3.2
      vertex 0.872688 25.1696 3.2
      vertex 0.952627 25.05 3.2
    endloop
  endfacet
  facet normal 0 0 1
    outer loop
      vertex 5.5 26.5 3.2
      vertex 0.777817 25.2778 3.2
      vertex 0.872688 25.1696 3.2
    endloop
  endfacet
  facet normal 0 0 1
    outer loop
      vertex 5.5 26.5 3.2
      vertex 0.669637 25.3727 3.2
      vertex 0.777817 25.2778 3.2
    endloop
  endfacet
  facet normal 0 0 1
    outer loop
      vertex 5.5 26.5 3.2
      vertex 0.549999 25.4526 3.2
      vertex 0.669637 25.3727 3.2
    endloop
  endfacet
  facet normal 0 0 1
    outer loop
      vertex 5.5 26.5 3.2
      vertex 0.420951 25.5163 3.2
      vertex 0.549999 25.4526 3.2
    endloop
  endfacet
  facet normal 0 0 1
    outer loop
      vertex 5.5 26.5 3.2
      vertex 0.2847 25.5625 3.2
      vertex 0.420951 25.5163 3.2
    endloop
  endfacet
  facet normal 0 0 1
    outer loop
      vertex 5.5 26.5 3.2
      vertex 0.143579 25.5906 3.2
      vertex 0.2847 25.5625 3.2
    endloop
  endfacet
  facet normal 0 0 1
    outer loop
      vertex 5.5 26.5 3.2
      vertex 0 25.6 3.2
      vertex 0.143579 25.5906 3.2
    endloop
  endfacet
  facet normal 0 0 1
    outer loop
      vertex 5.5 26.5 3.2
      vertex -0.143579 25.5906 3.2
      vertex 0 25.6 3.2
    endloop
  endfacet
  facet normal 0 0 1
    outer loop
      vertex -14.9 24.5 3.2
      vertex -1.1 24.5 3.2
      vertex -1.09059 24.6436 3.2
    endloop
  endfacet
  facet normal 0 0 1
    outer loop
      vertex -14.9094 24.6436 3.2
      vertex -1.09059 24.6436 3.2
      vertex -1.06252 24.7847 3.2
    endloop
  endfacet
  facet normal 0 0 1
    outer loop
      vertex -14.9375 24.7847 3.2
      vertex -1.06252 24.7847 3.2
      vertex -1.01627 24.921 3.2
    endloop
  endfacet
  facet normal 0 0 1
    outer loop
      vertex -14.9094 24.3564 3.2
      vertex -1.1 24.5 3.2
      vertex -14.9 24.5 3.2
    endloop
  endfacet
  facet normal 0 0 1
    outer loop
      vertex -15.0474 23.95 3.2
      vertex -0.952627 23.95 3.2
      vertex -14.9837 24.079 3.2
    endloop
  endfacet
  facet normal 0 0 1
    outer loop
      vertex -0.952627 23.95 3.2
      vertex -15.0474 23.95 3.2
      vertex -0.872688 23.8304 3.2
    endloop
  endfacet
  facet normal 0 0 1
    outer loop
      vertex -15.1273 23.8304 3.2
      vertex -0.872688 23.8304 3.2
      vertex -15.0474 23.95 3.2
    endloop
  endfacet
  facet normal 0 0 1
    outer loop
      vertex -0.872688 23.8304 3.2
      vertex -15.1273 23.8304 3.2
      vertex -0.777817 23.7222 3.2
    endloop
  endfacet
  facet normal 0 0 1
    outer loop
      vertex -0.777817 23.7222 3.2
      vertex -15.1273 23.8304 3.2
      vertex -8 7 3.2
    endloop
  endfacet
  facet normal -0 0 1
    outer loop
      vertex -18 16.25 3.2
      vertex -8 7 3.2
      vertex -15.1273 23.8304 3.2
    endloop
  endfacet
  facet normal 0 0 1
    outer loop
      vertex -8 7 3.2
      vertex -18 16.25 3.2
      vertex -8.39158 6.97433 3.2
    endloop
  endfacet
  facet normal 0 0 1
    outer loop
      vertex -14.9837 24.921 3.2
      vertex -1.01627 24.921 3.2
      vertex -0.952627 25.05 3.2
    endloop
  endfacet
  facet normal 0 0 1
    outer loop
      vertex -10.1213 6.12132 3.2
      vertex -18 16.25 3.2
      vertex -10.3801 5.82628 3.2
    endloop
  endfacet
  facet normal 0 0 1
    outer loop
      vertex -9.82628 6.38006 3.2
      vertex -18 16.25 3.2
      vertex -10.1213 6.12132 3.2
    endloop
  endfacet
  facet normal 0 0 1
    outer loop
      vertex -9.5 6.59808 3.2
      vertex -18 16.25 3.2
      vertex -9.82628 6.38006 3.2
    endloop
  endfacet
  facet normal 0 0 1
    outer loop
      vertex -9.14805 6.77164 3.2
      vertex -18 16.25 3.2
      vertex -9.5 6.59808 3.2
    endloop
  endfacet
  facet normal 0 0 1
    outer loop
      vertex -8.77646 6.89778 3.2
      vertex -18 16.25 3.2
      vertex -9.14805 6.77164 3.2
    endloop
  endfacet
  facet normal 0 0 1
    outer loop
      vertex -8.39158 6.97433 3.2
      vertex -18 16.25 3.2
      vertex -8.77646 6.89778 3.2
    endloop
  endfacet
  facet normal 0 0 1
    outer loop
      vertex -15.0474 25.05 3.2
      vertex -0.952627 25.05 3.2
      vertex -0.872688 25.1696 3.2
    endloop
  endfacet
  facet normal 0 0 1
    outer loop
      vertex -15.1273 25.1696 3.2
      vertex -0.872688 25.1696 3.2
      vertex -0.777817 25.2778 3.2
    endloop
  endfacet
  facet normal 0 0 1
    outer loop
      vertex -15.2222 25.2778 3.2
      vertex -0.777817 25.2778 3.2
      vertex -0.669637 25.3727 3.2
    endloop
  endfacet
  facet normal 0 0 1
    outer loop
      vertex -15.3304 25.3727 3.2
      vertex -0.669637 25.3727 3.2
      vertex -0.549999 25.4526 3.2
    endloop
  endfacet
  facet normal 0 0 1
    outer loop
      vertex -15.45 25.4526 3.2
      vertex -0.549999 25.4526 3.2
      vertex -0.420951 25.5163 3.2
    endloop
  endfacet
  facet normal 0 0 1
    outer loop
      vertex -15.579 25.5163 3.2
      vertex -0.420951 25.5163 3.2
      vertex -0.2847 25.5625 3.2
    endloop
  endfacet
  facet normal 0 0 1
    outer loop
      vertex -15.7153 25.5625 3.2
      vertex -0.2847 25.5625 3.2
      vertex -0.143579 25.5906 3.2
    endloop
  endfacet
  facet normal 0 0 1
    outer loop
      vertex -15.8564 25.5906 3.2
      vertex -0.143579 25.5906 3.2
      vertex 5.5 26.5 3.2
    endloop
  endfacet
  facet normal 0 0 1
    outer loop
      vertex -1.09059 24.6436 3.2
      vertex -14.9094 24.6436 3.2
      vertex -14.9 24.5 3.2
    endloop
  endfacet
  facet normal 0 0 1
    outer loop
      vertex -1.06252 24.7847 3.2
      vertex -14.9375 24.7847 3.2
      vertex -14.9094 24.6436 3.2
    endloop
  endfacet
  facet normal 0 0 1
    outer loop
      vertex -1.01627 24.921 3.2
      vertex -14.9837 24.921 3.2
      vertex -14.9375 24.7847 3.2
    endloop
  endfacet
  facet normal 0 0 1
    outer loop
      vertex -0.952627 25.05 3.2
      vertex -15.0474 25.05 3.2
      vertex -14.9837 24.921 3.2
    endloop
  endfacet
  facet normal 0 0 1
    outer loop
      vertex -0.872688 25.1696 3.2
      vertex -15.1273 25.1696 3.2
      vertex -15.0474 25.05 3.2
    endloop
  endfacet
  facet normal 0 0 1
    outer loop
      vertex -0.777817 25.2778 3.2
      vertex -15.2222 25.2778 3.2
      vertex -15.1273 25.1696 3.2
    endloop
  endfacet
  facet normal 0 0 1
    outer loop
      vertex -0.669637 25.3727 3.2
      vertex -15.3304 25.3727 3.2
      vertex -15.2222 25.2778 3.2
    endloop
  endfacet
  facet normal 0 0 1
    outer loop
      vertex -0.549999 25.4526 3.2
      vertex -15.45 25.4526 3.2
      vertex -15.3304 25.3727 3.2
    endloop
  endfacet
  facet normal 0 0 1
    outer loop
      vertex -0.420951 25.5163 3.2
      vertex -15.579 25.5163 3.2
      vertex -15.45 25.4526 3.2
    endloop
  endfacet
  facet normal 0 0 1
    outer loop
      vertex -0.2847 25.5625 3.2
      vertex -15.7153 25.5625 3.2
      vertex -15.579 25.5163 3.2
    endloop
  endfacet
  facet normal 0 0 1
    outer loop
      vertex -0.143579 25.5906 3.2
      vertex -15.8564 25.5906 3.2
      vertex -15.7153 25.5625 3.2
    endloop
  endfacet
  facet normal -0 0 1
    outer loop
      vertex -21.5 26.5 3.2
      vertex -15.8564 25.5906 3.2
      vertex 5.5 26.5 3.2
    endloop
  endfacet
  facet normal 0 0 1
    outer loop
      vertex -15.3304 23.6273 3.2
      vertex -18 19.75 3.2
      vertex -18 16.25 3.2
    endloop
  endfacet
  facet normal 0 0 1
    outer loop
      vertex -21.5 26.5 3.2
      vertex -17.1 24.5 3.2
      vertex -17.0906 24.6436 3.2
    endloop
  endfacet
  facet normal 0 0 1
    outer loop
      vertex -15.8564 25.5906 3.2
      vertex -21.5 26.5 3.2
      vertex -16 25.6 3.2
    endloop
  endfacet
  facet normal 0 0 1
    outer loop
      vertex -21.5 26.5 3.2
      vertex -16.1436 25.5906 3.2
      vertex -16 25.6 3.2
    endloop
  endfacet
  facet normal 0 0 1
    outer loop
      vertex -21.5 26.5 3.2
      vertex -16.2847 25.5625 3.2
      vertex -16.1436 25.5906 3.2
    endloop
  endfacet
  facet normal 0 0 1
    outer loop
      vertex -21.5 26.5 3.2
      vertex -16.421 25.5163 3.2
      vertex -16.2847 25.5625 3.2
    endloop
  endfacet
  facet normal 0 0 1
    outer loop
      vertex -21.5 26.5 3.2
      vertex -16.55 25.4526 3.2
      vertex -16.421 25.5163 3.2
    endloop
  endfacet
  facet normal 0 0 1
    outer loop
      vertex -21.5 26.5 3.2
      vertex -16.6696 25.3727 3.2
      vertex -16.55 25.4526 3.2
    endloop
  endfacet
  facet normal 0 0 1
    outer loop
      vertex -21.5 26.5 3.2
      vertex -16.7778 25.2778 3.2
      vertex -16.6696 25.3727 3.2
    endloop
  endfacet
  facet normal 0 0 1
    outer loop
      vertex -21.5 26.5 3.2
      vertex -16.8727 25.1696 3.2
      vertex -16.7778 25.2778 3.2
    endloop
  endfacet
  facet normal 0 0 1
    outer loop
      vertex -21.5 26.5 3.2
      vertex -16.9526 25.05 3.2
      vertex -16.8727 25.1696 3.2
    endloop
  endfacet
  facet normal 0 0 1
    outer loop
      vertex -21.5 26.5 3.2
      vertex -17.0163 24.921 3.2
      vertex -16.9526 25.05 3.2
    endloop
  endfacet
  facet normal 0 0 1
    outer loop
      vertex -21.5 26.5 3.2
      vertex -17.0625 24.7847 3.2
      vertex -17.0163 24.921 3.2
    endloop
  endfacet
  facet normal 0 0 1
    outer loop
      vertex -21.5 26.5 3.2
      vertex -17.0906 24.6436 3.2
      vertex -17.0625 24.7847 3.2
    endloop
  endfacet
  facet normal 0 0 1
    outer loop
      vertex -17.0163 24.079 3.2
      vertex -21.5 26.5 3.2
      vertex -18 19.75 3.2
    endloop
  endfacet
  facet normal 0 0 1
    outer loop
      vertex -18 19.75 3.2
      vertex -21.5 26.5 3.2
      vertex -32 19.75 3.2
    endloop
  endfacet
  facet normal -0 0 1
    outer loop
      vertex -21.5 -28 3.2
      vertex 5.5 -40.2 3.2
      vertex 5.5 -28 3.2
    endloop
  endfacet
  facet normal 0 0 1
    outer loop
      vertex 5.5 -40.2 3.2
      vertex -21.5 -28 3.2
      vertex -21.5 -40.2 3.2
    endloop
  endfacet
  facet normal -0 0 1
    outer loop
      vertex -8 -7 3.2
      vertex 6.66987 -9.5 3.2
      vertex 6.66987 -7 3.2
    endloop
  endfacet
  facet normal 0 0 1
    outer loop
      vertex 6.66987 -9.5 3.2
      vertex 0.777817 -23.7222 3.2
      vertex 5.5 -26.5 3.2
    endloop
  endfacet
  facet normal 0 0 1
    outer loop
      vertex 5.5 -26.5 3.2
      vertex 1.09059 -24.3564 3.2
      vertex 1.1 -24.5 3.2
    endloop
  endfacet
  facet normal 0 0 1
    outer loop
      vertex 5.5 -26.5 3.2
      vertex 1.06252 -24.2153 3.2
      vertex 1.09059 -24.3564 3.2
    endloop
  endfacet
  facet normal 0 0 1
    outer loop
      vertex 5.5 -26.5 3.2
      vertex 1.01627 -24.079 3.2
      vertex 1.06252 -24.2153 3.2
    endloop
  endfacet
  facet normal 0 0 1
    outer loop
      vertex 5.5 -26.5 3.2
      vertex 0.952627 -23.95 3.2
      vertex 1.01627 -24.079 3.2
    endloop
  endfacet
  facet normal 0 0 1
    outer loop
      vertex 5.5 -26.5 3.2
      vertex 0.872688 -23.8304 3.2
      vertex 0.952627 -23.95 3.2
    endloop
  endfacet
  facet normal 0 0 1
    outer loop
      vertex 5.5 -26.5 3.2
      vertex 0.777817 -23.7222 3.2
      vertex 0.872688 -23.8304 3.2
    endloop
  endfacet
  facet normal 0 0 1
    outer loop
      vertex 6.66987 -9.5 3.2
      vertex 0.669637 -23.6273 3.2
      vertex 0.777817 -23.7222 3.2
    endloop
  endfacet
  facet normal 0 0 1
    outer loop
      vertex 6.66987 -9.5 3.2
      vertex 0.549999 -23.5474 3.2
      vertex 0.669637 -23.6273 3.2
    endloop
  endfacet
  facet normal 0 0 1
    outer loop
      vertex 6.66987 -9.5 3.2
      vertex 0.420951 -23.4837 3.2
      vertex 0.549999 -23.5474 3.2
    endloop
  endfacet
  facet normal 0 0 1
    outer loop
      vertex 6.66987 -9.5 3.2
      vertex 0.2847 -23.4375 3.2
      vertex 0.420951 -23.4837 3.2
    endloop
  endfacet
  facet normal 0 0 1
    outer loop
      vertex 6.66987 -9.5 3.2
      vertex 0.143579 -23.4094 3.2
      vertex 0.2847 -23.4375 3.2
    endloop
  endfacet
  facet normal 0 0 1
    outer loop
      vertex 6.66987 -9.5 3.2
      vertex 0 -23.4 3.2
      vertex 0.143579 -23.4094 3.2
    endloop
  endfacet
  facet normal 0 0 1
    outer loop
      vertex 6.66987 -9.5 3.2
      vertex -0.143579 -23.4094 3.2
      vertex 0 -23.4 3.2
    endloop
  endfacet
  facet normal 0 0 1
    outer loop
      vertex 6.66987 -9.5 3.2
      vertex -8 -7 3.2
      vertex -0.143579 -23.4094 3.2
    endloop
  endfacet
  facet normal 0 0 1
    outer loop
      vertex -0.143579 -23.4094 3.2
      vertex -8 -7 3.2
      vertex -0.2847 -23.4375 3.2
    endloop
  endfacet
  facet normal 0 0 1
    outer loop
      vertex -0.2847 -23.4375 3.2
      vertex -8 -7 3.2
      vertex -0.420951 -23.4837 3.2
    endloop
  endfacet
  facet normal 0 0 1
    outer loop
      vertex -0.420951 -23.4837 3.2
      vertex -8 -7 3.2
      vertex -0.549999 -23.5474 3.2
    endloop
  endfacet
  facet normal 0 0 1
    outer loop
      vertex -0.549999 -23.5474 3.2
      vertex -8 -7 3.2
      vertex -0.669637 -23.6273 3.2
    endloop
  endfacet
  facet normal 0 0 1
    outer loop
      vertex -0.669637 -23.6273 3.2
      vertex -8 -7 3.2
      vertex -0.777817 -23.7222 3.2
    endloop
  endfacet
  facet normal 0 0 1
    outer loop
      vertex -14.9 -24.5 3.2
      vertex -0.777817 -23.7222 3.2
      vertex -8 -7 3.2
    endloop
  endfacet
  facet normal 0 0 1
    outer loop
      vertex -0.777817 -23.7222 3.2
      vertex -14.9 -24.5 3.2
      vertex -0.872688 -23.8304 3.2
    endloop
  endfacet
  facet normal 0 0 1
    outer loop
      vertex -1.06252 -24.2153 3.2
      vertex -14.9 -24.5 3.2
      vertex -1.09059 -24.3564 3.2
    endloop
  endfacet
  facet normal 0 0 1
    outer loop
      vertex -1.01627 -24.079 3.2
      vertex -14.9 -24.5 3.2
      vertex -1.06252 -24.2153 3.2
    endloop
  endfacet
  facet normal 0 0 1
    outer loop
      vertex -0.952627 -23.95 3.2
      vertex -14.9 -24.5 3.2
      vertex -1.01627 -24.079 3.2
    endloop
  endfacet
  facet normal 0 0 1
    outer loop
      vertex -0.872688 -23.8304 3.2
      vertex -14.9 -24.5 3.2
      vertex -0.952627 -23.95 3.2
    endloop
  endfacet
  facet normal -0 0 1
    outer loop
      vertex -21.5 40.2 3.2
      vertex 5.5 28 3.2
      vertex 5.5 40.2 3.2
    endloop
  endfacet
  facet normal 0 0 1
    outer loop
      vertex 5.5 28 3.2
      vertex -21.5 40.2 3.2
      vertex -21.5 28 3.2
    endloop
  endfacet
  facet normal -0 0 1
    outer loop
      vertex 1.01627 24.079 3.2
      vertex 8 19.75 3.2
      vertex 5.5 26.5 3.2
    endloop
  endfacet
  facet normal -0 0 1
    outer loop
      vertex 0.872688 23.8304 3.2
      vertex 8 19.75 3.2
      vertex 0.952627 23.95 3.2
    endloop
  endfacet
  facet normal -0 0 1
    outer loop
      vertex 0.549999 23.5474 3.2
      vertex 8 19.75 3.2
      vertex 0.669637 23.6273 3.2
    endloop
  endfacet
  facet normal 0 0 1
    outer loop
      vertex 1.09059 24.3564 3.2
      vertex 5.5 26.5 3.2
      vertex 1.1 24.5 3.2
    endloop
  endfacet
  facet normal 0 0 1
    outer loop
      vertex 1.06252 24.2153 3.2
      vertex 5.5 26.5 3.2
      vertex 1.09059 24.3564 3.2
    endloop
  endfacet
  facet normal 0 0 1
    outer loop
      vertex 1.01627 24.079 3.2
      vertex 5.5 26.5 3.2
      vertex 1.06252 24.2153 3.2
    endloop
  endfacet
  facet normal 0 0 1
    outer loop
      vertex 8 19.75 3.2
      vertex 1.01627 24.079 3.2
      vertex 0.952627 23.95 3.2
    endloop
  endfacet
  facet normal -0 0 1
    outer loop
      vertex 0.777817 23.7222 3.2
      vertex 8 19.75 3.2
      vertex 0.872688 23.8304 3.2
    endloop
  endfacet
  facet normal -0 0 1
    outer loop
      vertex 0.669637 23.6273 3.2
      vertex 8 19.75 3.2
      vertex 0.777817 23.7222 3.2
    endloop
  endfacet
  facet normal -0 0 1
    outer loop
      vertex 0.420951 23.4837 3.2
      vertex 8 19.75 3.2
      vertex 0.549999 23.5474 3.2
    endloop
  endfacet
  facet normal 0 0 1
    outer loop
      vertex 8 19.75 3.2
      vertex 0.420951 23.4837 3.2
      vertex 8 16.25 3.2
    endloop
  endfacet
  facet normal -0 0 1
    outer loop
      vertex 0.2847 23.4375 3.2
      vertex 8 16.25 3.2
      vertex 0.420951 23.4837 3.2
    endloop
  endfacet
  facet normal -0 0 1
    outer loop
      vertex 0.143579 23.4094 3.2
      vertex 8 16.25 3.2
      vertex 0.2847 23.4375 3.2
    endloop
  endfacet
  facet normal -0 0 1
    outer loop
      vertex 0 23.4 3.2
      vertex 8 16.25 3.2
      vertex 0.143579 23.4094 3.2
    endloop
  endfacet
  facet normal 0 0 1
    outer loop
      vertex -0.143579 23.4094 3.2
      vertex 8 16.25 3.2
      vertex 0 23.4 3.2
    endloop
  endfacet
  facet normal 0 0 1
    outer loop
      vertex 8 16.25 3.2
      vertex -0.143579 23.4094 3.2
      vertex 6.66987 9.5 3.2
    endloop
  endfacet
  facet normal 0 0 1
    outer loop
      vertex -8 7 3.2
      vertex 6.66987 9.5 3.2
      vertex -0.143579 23.4094 3.2
    endloop
  endfacet
  facet normal 0 0 1
    outer loop
      vertex -8 7 3.2
      vertex -0.143579 23.4094 3.2
      vertex -0.2847 23.4375 3.2
    endloop
  endfacet
  facet normal 0 0 1
    outer loop
      vertex -8 7 3.2
      vertex -0.2847 23.4375 3.2
      vertex -0.420951 23.4837 3.2
    endloop
  endfacet
  facet normal 0 0 1
    outer loop
      vertex -8 7 3.2
      vertex -0.420951 23.4837 3.2
      vertex -0.549999 23.5474 3.2
    endloop
  endfacet
  facet normal 0 0 1
    outer loop
      vertex -8 7 3.2
      vertex -0.549999 23.5474 3.2
      vertex -0.669637 23.6273 3.2
    endloop
  endfacet
  facet normal 0 0 1
    outer loop
      vertex -8 7 3.2
      vertex -0.669637 23.6273 3.2
      vertex -0.777817 23.7222 3.2
    endloop
  endfacet
  facet normal 0 0 1
    outer loop
      vertex -1.01627 24.079 3.2
      vertex -14.9837 24.079 3.2
      vertex -0.952627 23.95 3.2
    endloop
  endfacet
  facet normal 0 0 1
    outer loop
      vertex -14.9837 24.079 3.2
      vertex -1.01627 24.079 3.2
      vertex -14.9375 24.2153 3.2
    endloop
  endfacet
  facet normal 0 0 1
    outer loop
      vertex -1.06252 24.2153 3.2
      vertex -14.9375 24.2153 3.2
      vertex -1.01627 24.079 3.2
    endloop
  endfacet
  facet normal 0 0 1
    outer loop
      vertex 6.66987 9.5 3.2
      vertex -8 7 3.2
      vertex 6.66987 7 3.2
    endloop
  endfacet
  facet normal 0 0 1
    outer loop
      vertex -14.9375 24.2153 3.2
      vertex -1.06252 24.2153 3.2
      vertex -14.9094 24.3564 3.2
    endloop
  endfacet
  facet normal -0 0 1
    outer loop
      vertex -14.9094 24.3564 3.2
      vertex -1.06252 24.2153 3.2
      vertex -1.09059 24.3564 3.2
    endloop
  endfacet
  facet normal 0 0 1
    outer loop
      vertex -14.9094 24.3564 3.2
      vertex -1.09059 24.3564 3.2
      vertex -1.1 24.5 3.2
    endloop
  endfacet
  facet normal -0 0 1
    outer loop
      vertex 1.09059 43.5564 3.2
      vertex 5.5 41.7 3.2
      vertex 1.1 43.7 3.2
    endloop
  endfacet
  facet normal -0 0 1
    outer loop
      vertex 1.06252 43.4153 3.2
      vertex 5.5 41.7 3.2
      vertex 1.09059 43.5564 3.2
    endloop
  endfacet
  facet normal -0 0 1
    outer loop
      vertex 1.01627 43.279 3.2
      vertex 5.5 41.7 3.2
      vertex 1.06252 43.4153 3.2
    endloop
  endfacet
  facet normal -0 0 1
    outer loop
      vertex 0.952627 43.15 3.2
      vertex 5.5 41.7 3.2
      vertex 1.01627 43.279 3.2
    endloop
  endfacet
  facet normal -0 0 1
    outer loop
      vertex 0.872688 43.0304 3.2
      vertex 5.5 41.7 3.2
      vertex 0.952627 43.15 3.2
    endloop
  endfacet
  facet normal -0 0 1
    outer loop
      vertex 0.777817 42.9222 3.2
      vertex 5.5 41.7 3.2
      vertex 0.872688 43.0304 3.2
    endloop
  endfacet
  facet normal -0 0 1
    outer loop
      vertex 0.669637 42.8273 3.2
      vertex 5.5 41.7 3.2
      vertex 0.777817 42.9222 3.2
    endloop
  endfacet
  facet normal -0 0 1
    outer loop
      vertex 0.549999 42.7474 3.2
      vertex 5.5 41.7 3.2
      vertex 0.669637 42.8273 3.2
    endloop
  endfacet
  facet normal -0 0 1
    outer loop
      vertex 0.420951 42.6837 3.2
      vertex 5.5 41.7 3.2
      vertex 0.549999 42.7474 3.2
    endloop
  endfacet
  facet normal -0 0 1
    outer loop
      vertex 0.2847 42.6375 3.2
      vertex 5.5 41.7 3.2
      vertex 0.420951 42.6837 3.2
    endloop
  endfacet
  facet normal -0 0 1
    outer loop
      vertex 0.143579 42.6094 3.2
      vertex 5.5 41.7 3.2
      vertex 0.2847 42.6375 3.2
    endloop
  endfacet
  facet normal -0 0 1
    outer loop
      vertex 0 42.6 3.2
      vertex 5.5 41.7 3.2
      vertex 0.143579 42.6094 3.2
    endloop
  endfacet
  facet normal 0 0 1
    outer loop
      vertex -0.143579 42.6094 3.2
      vertex 5.5 41.7 3.2
      vertex 0 42.6 3.2
    endloop
  endfacet
  facet normal -0 0 1
    outer loop
      vertex -14.9 43.7 3.2
      vertex -1.09059 43.5564 3.2
      vertex -1.1 43.7 3.2
    endloop
  endfacet
  facet normal 0 0 1
    outer loop
      vertex -14.9094 43.5564 3.2
      vertex -1.09059 43.5564 3.2
      vertex -14.9 43.7 3.2
    endloop
  endfacet
  facet normal 0 0 1
    outer loop
      vertex -1.09059 43.5564 3.2
      vertex -14.9094 43.5564 3.2
      vertex -1.06252 43.4153 3.2
    endloop
  endfacet
  facet normal 0 0 1
    outer loop
      vertex -14.9375 43.4153 3.2
      vertex -1.06252 43.4153 3.2
      vertex -14.9094 43.5564 3.2
    endloop
  endfacet
  facet normal 0 0 1
    outer loop
      vertex -1.06252 43.4153 3.2
      vertex -14.9375 43.4153 3.2
      vertex -1.01627 43.279 3.2
    endloop
  endfacet
  facet normal 0 0 1
    outer loop
      vertex -14.9837 43.279 3.2
      vertex -1.01627 43.279 3.2
      vertex -14.9375 43.4153 3.2
    endloop
  endfacet
  facet normal 0 0 1
    outer loop
      vertex -1.01627 43.279 3.2
      vertex -14.9837 43.279 3.2
      vertex -0.952627 43.15 3.2
    endloop
  endfacet
  facet normal 0 0 1
    outer loop
      vertex -15.0474 43.15 3.2
      vertex -0.952627 43.15 3.2
      vertex -14.9837 43.279 3.2
    endloop
  endfacet
  facet normal 0 0 1
    outer loop
      vertex -0.952627 43.15 3.2
      vertex -15.0474 43.15 3.2
      vertex -0.872688 43.0304 3.2
    endloop
  endfacet
  facet normal 0 0 1
    outer loop
      vertex -15.1273 43.0304 3.2
      vertex -0.872688 43.0304 3.2
      vertex -15.0474 43.15 3.2
    endloop
  endfacet
  facet normal 0 0 1
    outer loop
      vertex -0.872688 43.0304 3.2
      vertex -15.1273 43.0304 3.2
      vertex -0.777817 42.9222 3.2
    endloop
  endfacet
  facet normal 0 0 1
    outer loop
      vertex -15.2222 42.9222 3.2
      vertex -0.777817 42.9222 3.2
      vertex -15.1273 43.0304 3.2
    endloop
  endfacet
  facet normal 0 0 1
    outer loop
      vertex -0.777817 42.9222 3.2
      vertex -15.2222 42.9222 3.2
      vertex -0.669637 42.8273 3.2
    endloop
  endfacet
  facet normal 0 0 1
    outer loop
      vertex -15.3304 42.8273 3.2
      vertex -0.669637 42.8273 3.2
      vertex -15.2222 42.9222 3.2
    endloop
  endfacet
  facet normal 0 0 1
    outer loop
      vertex -0.669637 42.8273 3.2
      vertex -15.3304 42.8273 3.2
      vertex -0.549999 42.7474 3.2
    endloop
  endfacet
  facet normal 0 0 1
    outer loop
      vertex -15.45 42.7474 3.2
      vertex -0.549999 42.7474 3.2
      vertex -15.3304 42.8273 3.2
    endloop
  endfacet
  facet normal 0 0 1
    outer loop
      vertex -0.549999 42.7474 3.2
      vertex -15.45 42.7474 3.2
      vertex -0.420951 42.6837 3.2
    endloop
  endfacet
  facet normal 0 0 1
    outer loop
      vertex -15.579 42.6837 3.2
      vertex -0.420951 42.6837 3.2
      vertex -15.45 42.7474 3.2
    endloop
  endfacet
  facet normal 0 0 1
    outer loop
      vertex -0.420951 42.6837 3.2
      vertex -15.579 42.6837 3.2
      vertex -0.2847 42.6375 3.2
    endloop
  endfacet
  facet normal 0 0 1
    outer loop
      vertex -15.7153 42.6375 3.2
      vertex -0.2847 42.6375 3.2
      vertex -15.579 42.6837 3.2
    endloop
  endfacet
  facet normal 0 0 1
    outer loop
      vertex -0.2847 42.6375 3.2
      vertex -15.7153 42.6375 3.2
      vertex -0.143579 42.6094 3.2
    endloop
  endfacet
  facet normal 0 0 1
    outer loop
      vertex -15.8564 42.6094 3.2
      vertex -0.143579 42.6094 3.2
      vertex -15.7153 42.6375 3.2
    endloop
  endfacet
  facet normal 0 0 1
    outer loop
      vertex -0.143579 42.6094 3.2
      vertex -15.8564 42.6094 3.2
      vertex 5.5 41.7 3.2
    endloop
  endfacet
  facet normal 0 0 1
    outer loop
      vertex -21.5 41.7 3.2
      vertex -15.8564 42.6094 3.2
      vertex -16 42.6 3.2
    endloop
  endfacet
  facet normal 0 0 1
    outer loop
      vertex -15.8564 42.6094 3.2
      vertex -21.5 41.7 3.2
      vertex 5.5 41.7 3.2
    endloop
  endfacet
  facet normal 0 0 1
    outer loop
      vertex -16.1436 42.6094 3.2
      vertex -21.5 41.7 3.2
      vertex -16 42.6 3.2
    endloop
  endfacet
  facet normal 0 0 1
    outer loop
      vertex -16.2847 42.6375 3.2
      vertex -21.5 41.7 3.2
      vertex -16.1436 42.6094 3.2
    endloop
  endfacet
  facet normal 0 0 1
    outer loop
      vertex -16.421 42.6837 3.2
      vertex -21.5 41.7 3.2
      vertex -16.2847 42.6375 3.2
    endloop
  endfacet
  facet normal 0 0 1
    outer loop
      vertex -16.55 42.7474 3.2
      vertex -21.5 41.7 3.2
      vertex -16.421 42.6837 3.2
    endloop
  endfacet
  facet normal 0 0 1
    outer loop
      vertex -16.6696 42.8273 3.2
      vertex -21.5 41.7 3.2
      vertex -16.55 42.7474 3.2
    endloop
  endfacet
  facet normal 0 0 1
    outer loop
      vertex -16.7778 42.9222 3.2
      vertex -21.5 41.7 3.2
      vertex -16.6696 42.8273 3.2
    endloop
  endfacet
  facet normal 0 0 1
    outer loop
      vertex -16.8727 43.0304 3.2
      vertex -21.5 41.7 3.2
      vertex -16.7778 42.9222 3.2
    endloop
  endfacet
  facet normal 0 0 1
    outer loop
      vertex -16.9526 43.15 3.2
      vertex -21.5 41.7 3.2
      vertex -16.8727 43.0304 3.2
    endloop
  endfacet
  facet normal 0 0 1
    outer loop
      vertex -17.0163 43.279 3.2
      vertex -21.5 41.7 3.2
      vertex -16.9526 43.15 3.2
    endloop
  endfacet
  facet normal 0 0 1
    outer loop
      vertex -17.0625 43.4153 3.2
      vertex -21.5 41.7 3.2
      vertex -17.0163 43.279 3.2
    endloop
  endfacet
  facet normal 0 0 1
    outer loop
      vertex -17.0906 43.5564 3.2
      vertex -21.5 41.7 3.2
      vertex -17.0625 43.4153 3.2
    endloop
  endfacet
  facet normal 0 0 1
    outer loop
      vertex -21.5 41.7 3.2
      vertex -17.0906 43.5564 3.2
      vertex -17.1 43.7 3.2
    endloop
  endfacet
  facet normal -0 0 1
    outer loop
      vertex 1.09059 -24.6436 3.2
      vertex 5.5 -26.5 3.2
      vertex 1.1 -24.5 3.2
    endloop
  endfacet
  facet normal -0 0 1
    outer loop
      vertex 1.06252 -24.7847 3.2
      vertex 5.5 -26.5 3.2
      vertex 1.09059 -24.6436 3.2
    endloop
  endfacet
  facet normal -0 0 1
    outer loop
      vertex 1.01627 -24.921 3.2
      vertex 5.5 -26.5 3.2
      vertex 1.06252 -24.7847 3.2
    endloop
  endfacet
  facet normal -0 0 1
    outer loop
      vertex 0.952627 -25.05 3.2
      vertex 5.5 -26.5 3.2
      vertex 1.01627 -24.921 3.2
    endloop
  endfacet
  facet normal -0 0 1
    outer loop
      vertex 0.872688 -25.1696 3.2
      vertex 5.5 -26.5 3.2
      vertex 0.952627 -25.05 3.2
    endloop
  endfacet
  facet normal -0 0 1
    outer loop
      vertex 0.777817 -25.2778 3.2
      vertex 5.5 -26.5 3.2
      vertex 0.872688 -25.1696 3.2
    endloop
  endfacet
  facet normal -0 0 1
    outer loop
      vertex 0.669637 -25.3727 3.2
      vertex 5.5 -26.5 3.2
      vertex 0.777817 -25.2778 3.2
    endloop
  endfacet
  facet normal -0 0 1
    outer loop
      vertex 0.549999 -25.4526 3.2
      vertex 5.5 -26.5 3.2
      vertex 0.669637 -25.3727 3.2
    endloop
  endfacet
  facet normal -0 0 1
    outer loop
      vertex 0.420951 -25.5163 3.2
      vertex 5.5 -26.5 3.2
      vertex 0.549999 -25.4526 3.2
    endloop
  endfacet
  facet normal -0 0 1
    outer loop
      vertex 0.2847 -25.5625 3.2
      vertex 5.5 -26.5 3.2
      vertex 0.420951 -25.5163 3.2
    endloop
  endfacet
  facet normal -0 0 1
    outer loop
      vertex 0.143579 -25.5906 3.2
      vertex 5.5 -26.5 3.2
      vertex 0.2847 -25.5625 3.2
    endloop
  endfacet
  facet normal -0 0 1
    outer loop
      vertex 0 -25.6 3.2
      vertex 5.5 -26.5 3.2
      vertex 0.143579 -25.5906 3.2
    endloop
  endfacet
  facet normal 0 0 1
    outer loop
      vertex -0.143579 -25.5906 3.2
      vertex 5.5 -26.5 3.2
      vertex 0 -25.6 3.2
    endloop
  endfacet
  facet normal 0 0 1
    outer loop
      vertex -1.09059 -24.3564 3.2
      vertex -14.9 -24.5 3.2
      vertex -1.1 -24.5 3.2
    endloop
  endfacet
  facet normal 0 0 1
    outer loop
      vertex -1.1 -24.5 3.2
      vertex -14.9 -24.5 3.2
      vertex -1.09059 -24.6436 3.2
    endloop
  endfacet
  facet normal 0 0 1
    outer loop
      vertex -14.9094 -24.6436 3.2
      vertex -1.09059 -24.6436 3.2
      vertex -14.9 -24.5 3.2
    endloop
  endfacet
  facet normal 0 0 1
    outer loop
      vertex -14.9 -24.5 3.2
      vertex -8 -7 3.2
      vertex -8.39158 -6.97433 3.2
    endloop
  endfacet
  facet normal 0 0 1
    outer loop
      vertex -14.9 -24.5 3.2
      vertex -8.39158 -6.97433 3.2
      vertex -8.77646 -6.89778 3.2
    endloop
  endfacet
  facet normal 0 0 1
    outer loop
      vertex -14.9 -24.5 3.2
      vertex -8.77646 -6.89778 3.2
      vertex -9.14805 -6.77164 3.2
    endloop
  endfacet
  facet normal 0 0 1
    outer loop
      vertex -14.9 -24.5 3.2
      vertex -9.14805 -6.77164 3.2
      vertex -9.5 -6.59808 3.2
    endloop
  endfacet
  facet normal 0 0 1
    outer loop
      vertex -14.9 -24.5 3.2
      vertex -9.5 -6.59808 3.2
      vertex -9.82628 -6.38006 3.2
    endloop
  endfacet
  facet normal 0 0 1
    outer loop
      vertex -14.9 -24.5 3.2
      vertex -9.82628 -6.38006 3.2
      vertex -10.1213 -6.12132 3.2
    endloop
  endfacet
  facet normal 0 0 1
    outer loop
      vertex -14.9 -24.5 3.2
      vertex -10.1213 -6.12132 3.2
      vertex -10.3801 -5.82628 3.2
    endloop
  endfacet
  facet normal 0 0 1
    outer loop
      vertex -14.9 -24.5 3.2
      vertex -10.3801 -5.82628 3.2
      vertex -10.5981 -5.5 3.2
    endloop
  endfacet
  facet normal 0 0 1
    outer loop
      vertex -1.09059 -24.6436 3.2
      vertex -14.9094 -24.6436 3.2
      vertex -1.06252 -24.7847 3.2
    endloop
  endfacet
  facet normal 0 0 1
    outer loop
      vertex -10.3801 5.82628 3.2
      vertex -18 16.25 3.2
      vertex -10.5981 5.5 3.2
    endloop
  endfacet
  facet normal 0 0 1
    outer loop
      vertex -11 -4 3.2
      vertex -14.9 -24.5 3.2
      vertex -10.9743 -4.39158 3.2
    endloop
  endfacet
  facet normal 0 0 1
    outer loop
      vertex -14.9 -24.5 3.2
      vertex -10.8978 -4.77646 3.2
      vertex -10.9743 -4.39158 3.2
    endloop
  endfacet
  facet normal 0 0 1
    outer loop
      vertex -14.9 -24.5 3.2
      vertex -10.7716 -5.14805 3.2
      vertex -10.8978 -4.77646 3.2
    endloop
  endfacet
  facet normal 0 0 1
    outer loop
      vertex -14.9 -24.5 3.2
      vertex -10.5981 -5.5 3.2
      vertex -10.7716 -5.14805 3.2
    endloop
  endfacet
  facet normal 0 0 1
    outer loop
      vertex -14.9375 -24.7847 3.2
      vertex -1.06252 -24.7847 3.2
      vertex -14.9094 -24.6436 3.2
    endloop
  endfacet
  facet normal 0 0 1
    outer loop
      vertex -1.06252 -24.7847 3.2
      vertex -14.9375 -24.7847 3.2
      vertex -1.01627 -24.921 3.2
    endloop
  endfacet
  facet normal 0 0 1
    outer loop
      vertex -14.9837 -24.921 3.2
      vertex -1.01627 -24.921 3.2
      vertex -14.9375 -24.7847 3.2
    endloop
  endfacet
  facet normal 0 0 1
    outer loop
      vertex -1.01627 -24.921 3.2
      vertex -14.9837 -24.921 3.2
      vertex -0.952627 -25.05 3.2
    endloop
  endfacet
  facet normal 0 0 1
    outer loop
      vertex -15.0474 -25.05 3.2
      vertex -0.952627 -25.05 3.2
      vertex -14.9837 -24.921 3.2
    endloop
  endfacet
  facet normal 0 0 1
    outer loop
      vertex -0.952627 -25.05 3.2
      vertex -15.0474 -25.05 3.2
      vertex -0.872688 -25.1696 3.2
    endloop
  endfacet
  facet normal 0 0 1
    outer loop
      vertex -15.1273 -25.1696 3.2
      vertex -0.872688 -25.1696 3.2
      vertex -15.0474 -25.05 3.2
    endloop
  endfacet
  facet normal 0 0 1
    outer loop
      vertex -0.872688 -25.1696 3.2
      vertex -15.1273 -25.1696 3.2
      vertex -0.777817 -25.2778 3.2
    endloop
  endfacet
  facet normal 0 0 1
    outer loop
      vertex -15.2222 -25.2778 3.2
      vertex -0.777817 -25.2778 3.2
      vertex -15.1273 -25.1696 3.2
    endloop
  endfacet
  facet normal 0 0 1
    outer loop
      vertex -0.777817 -25.2778 3.2
      vertex -15.2222 -25.2778 3.2
      vertex -0.669637 -25.3727 3.2
    endloop
  endfacet
  facet normal 0 0 1
    outer loop
      vertex -15.3304 -25.3727 3.2
      vertex -0.669637 -25.3727 3.2
      vertex -15.2222 -25.2778 3.2
    endloop
  endfacet
  facet normal 0 0 1
    outer loop
      vertex -0.669637 -25.3727 3.2
      vertex -15.3304 -25.3727 3.2
      vertex -0.549999 -25.4526 3.2
    endloop
  endfacet
  facet normal 0 0 1
    outer loop
      vertex -15.45 -25.4526 3.2
      vertex -0.549999 -25.4526 3.2
      vertex -15.3304 -25.3727 3.2
    endloop
  endfacet
  facet normal 0 0 1
    outer loop
      vertex -0.549999 -25.4526 3.2
      vertex -15.45 -25.4526 3.2
      vertex -0.420951 -25.5163 3.2
    endloop
  endfacet
  facet normal 0 0 1
    outer loop
      vertex -15.579 -25.5163 3.2
      vertex -0.420951 -25.5163 3.2
      vertex -15.45 -25.4526 3.2
    endloop
  endfacet
  facet normal 0 0 1
    outer loop
      vertex -0.420951 -25.5163 3.2
      vertex -15.579 -25.5163 3.2
      vertex -0.2847 -25.5625 3.2
    endloop
  endfacet
  facet normal 0 0 1
    outer loop
      vertex -15.7153 -25.5625 3.2
      vertex -0.2847 -25.5625 3.2
      vertex -15.579 -25.5163 3.2
    endloop
  endfacet
  facet normal 0 0 1
    outer loop
      vertex -0.2847 -25.5625 3.2
      vertex -15.7153 -25.5625 3.2
      vertex -0.143579 -25.5906 3.2
    endloop
  endfacet
  facet normal 0 0 1
    outer loop
      vertex -15.8564 -25.5906 3.2
      vertex -0.143579 -25.5906 3.2
      vertex -15.7153 -25.5625 3.2
    endloop
  endfacet
  facet normal 0 0 1
    outer loop
      vertex -0.143579 -25.5906 3.2
      vertex -15.8564 -25.5906 3.2
      vertex 5.5 -26.5 3.2
    endloop
  endfacet
  facet normal 0 0 1
    outer loop
      vertex -21.5 -26.5 3.2
      vertex -15.8564 -25.5906 3.2
      vertex -16 -25.6 3.2
    endloop
  endfacet
  facet normal 0 0 1
    outer loop
      vertex -21.5 -26.5 3.2
      vertex -17.0163 -24.079 3.2
      vertex -18 -19.75 3.2
    endloop
  endfacet
  facet normal 0 0 1
    outer loop
      vertex -17.0163 -24.079 3.2
      vertex -21.5 -26.5 3.2
      vertex -17.0625 -24.2153 3.2
    endloop
  endfacet
  facet normal 0 0 1
    outer loop
      vertex -17.0625 -24.2153 3.2
      vertex -21.5 -26.5 3.2
      vertex -17.0906 -24.3564 3.2
    endloop
  endfacet
  facet normal 0 0 1
    outer loop
      vertex -17.0906 -24.3564 3.2
      vertex -21.5 -26.5 3.2
      vertex -17.1 -24.5 3.2
    endloop
  endfacet
  facet normal 0 0 1
    outer loop
      vertex -15.8564 -25.5906 3.2
      vertex -21.5 -26.5 3.2
      vertex 5.5 -26.5 3.2
    endloop
  endfacet
  facet normal 0 0 1
    outer loop
      vertex -16.1436 -25.5906 3.2
      vertex -21.5 -26.5 3.2
      vertex -16 -25.6 3.2
    endloop
  endfacet
  facet normal 0 0 1
    outer loop
      vertex -16.2847 -25.5625 3.2
      vertex -21.5 -26.5 3.2
      vertex -16.1436 -25.5906 3.2
    endloop
  endfacet
  facet normal 0 0 1
    outer loop
      vertex -16.421 -25.5163 3.2
      vertex -21.5 -26.5 3.2
      vertex -16.2847 -25.5625 3.2
    endloop
  endfacet
  facet normal 0 0 1
    outer loop
      vertex -16.55 -25.4526 3.2
      vertex -21.5 -26.5 3.2
      vertex -16.421 -25.5163 3.2
    endloop
  endfacet
  facet normal 0 0 1
    outer loop
      vertex -16.6696 -25.3727 3.2
      vertex -21.5 -26.5 3.2
      vertex -16.55 -25.4526 3.2
    endloop
  endfacet
  facet normal 0 0 1
    outer loop
      vertex -16.7778 -25.2778 3.2
      vertex -21.5 -26.5 3.2
      vertex -16.6696 -25.3727 3.2
    endloop
  endfacet
  facet normal 0 0 1
    outer loop
      vertex -16.8727 -25.1696 3.2
      vertex -21.5 -26.5 3.2
      vertex -16.7778 -25.2778 3.2
    endloop
  endfacet
  facet normal 0 0 1
    outer loop
      vertex -16.9526 -25.05 3.2
      vertex -21.5 -26.5 3.2
      vertex -16.8727 -25.1696 3.2
    endloop
  endfacet
  facet normal 0 0 1
    outer loop
      vertex -17.0163 -24.921 3.2
      vertex -21.5 -26.5 3.2
      vertex -16.9526 -25.05 3.2
    endloop
  endfacet
  facet normal 0 0 1
    outer loop
      vertex -17.0625 -24.7847 3.2
      vertex -21.5 -26.5 3.2
      vertex -17.0163 -24.921 3.2
    endloop
  endfacet
  facet normal 0 0 1
    outer loop
      vertex -17.0906 -24.6436 3.2
      vertex -21.5 -26.5 3.2
      vertex -17.0625 -24.7847 3.2
    endloop
  endfacet
  facet normal 0 0 1
    outer loop
      vertex -17.1 -24.5 3.2
      vertex -21.5 -26.5 3.2
      vertex -17.0906 -24.6436 3.2
    endloop
  endfacet
  facet normal 0 0 1
    outer loop
      vertex -32 -19.75 3.2
      vertex -21.5 -28 3.2
      vertex -21.5 -26.5 3.2
    endloop
  endfacet
  facet normal 0 0 1
    outer loop
      vertex -21.5 -28 3.2
      vertex -32 -19.75 3.2
      vertex -21.5 -40.2 3.2
    endloop
  endfacet
  facet normal 0 0 1
    outer loop
      vertex -60 -47 3.2
      vertex -21.5 -40.2 3.2
      vertex -32 -19.75 3.2
    endloop
  endfacet
  facet normal -0 0 1
    outer loop
      vertex -32 -19.75 3.2
      vertex -21.5 -26.5 3.2
      vertex -18 -19.75 3.2
    endloop
  endfacet
  facet normal -0 0 1
    outer loop
      vertex 11 2 3.2
      vertex 15.3301 -4.5 3.2
      vertex 15.3301 4.5 3.2
    endloop
  endfacet
  facet normal 0 0 1
    outer loop
      vertex 15.3301 -4.5 3.2
      vertex 11 2 3.2
      vertex 11 -2 3.2
    endloop
  endfacet
  facet normal 0 0 1
    outer loop
      vertex 20.6699 -9.5 3.2
      vertex 22 -16.25 3.2
      vertex 25 -12 3.2
    endloop
  endfacet
  facet normal 0 0 1
    outer loop
      vertex 15.3301 -4.5 3.2
      vertex 20.6699 -4.5 3.2
      vertex 15.3301 4.5 3.2
    endloop
  endfacet
  facet normal 0 0 1
    outer loop
      vertex 20.6699 -4.5 3.2
      vertex 15.3301 -4.5 3.2
      vertex 20.6699 -9.5 3.2
    endloop
  endfacet
  facet normal 0 0 1
    outer loop
      vertex 15.3301 -9.5 3.2
      vertex 20.6699 -9.5 3.2
      vertex 15.3301 -4.5 3.2
    endloop
  endfacet
  facet normal 0 0 1
    outer loop
      vertex 20.6699 -9.5 3.2
      vertex 15.3301 -9.5 3.2
      vertex 22 -16.25 3.2
    endloop
  endfacet
  facet normal -0 0 1
    outer loop
      vertex 11 -12 3.2
      vertex 22 -16.25 3.2
      vertex 15.3301 -9.5 3.2
    endloop
  endfacet
  facet normal 0 0 1
    outer loop
      vertex 11 -12 3.2
      vertex 8 -16.25 3.2
      vertex 22 -16.25 3.2
    endloop
  endfacet
  facet normal 0 0 1
    outer loop
      vertex 5.5 -26.5 3.2
      vertex 8 -16.25 3.2
      vertex 6.66987 -9.5 3.2
    endloop
  endfacet
  facet normal 0 0 1
    outer loop
      vertex 6.66987 -9.5 3.2
      vertex 8 -16.25 3.2
      vertex 11 -12 3.2
    endloop
  endfacet
  facet normal -0 0 1
    outer loop
      vertex 25 2 3.2
      vertex 29.3301 -4.5 3.2
      vertex 29.3301 4.5 3.2
    endloop
  endfacet
  facet normal 0 0 1
    outer loop
      vertex 25 2 3.2
      vertex 25 -2 3.2
      vertex 29.3301 -4.5 3.2
    endloop
  endfacet
  facet normal 0 0 1
    outer loop
      vertex 20.6699 4.5 3.2
      vertex 25 -2 3.2
      vertex 25 2 3.2
    endloop
  endfacet
  facet normal 0 0 1
    outer loop
      vertex 25 -2 3.2
      vertex 20.6699 4.5 3.2
      vertex 20.6699 -4.5 3.2
    endloop
  endfacet
  facet normal 0 0 1
    outer loop
      vertex 60 47 3.2
      vertex 68 39 3.2
      vertex 67.9316 40.0442 3.2
    endloop
  endfacet
  facet normal 0 0 1
    outer loop
      vertex 68 39 3.2
      vertex 29.3301 4.5 3.2
      vertex 68 -39 3.2
    endloop
  endfacet
  facet normal 0 0 1
    outer loop
      vertex 60 47 3.2
      vertex 67.9316 40.0442 3.2
      vertex 67.7274 41.0706 3.2
    endloop
  endfacet
  facet normal -0 0 1
    outer loop
      vertex 29.3301 -4.5 3.2
      vertex 68 -39 3.2
      vertex 29.3301 4.5 3.2
    endloop
  endfacet
  facet normal 0 0 1
    outer loop
      vertex 60 47 3.2
      vertex 67.7274 41.0706 3.2
      vertex 67.391 42.0615 3.2
    endloop
  endfacet
  facet normal -0 0 1
    outer loop
      vertex 29.3301 -9.5 3.2
      vertex 68 -39 3.2
      vertex 29.3301 -4.5 3.2
    endloop
  endfacet
  facet normal 0 0 1
    outer loop
      vertex 60 47 3.2
      vertex 67.391 42.0615 3.2
      vertex 66.9282 43 3.2
    endloop
  endfacet
  facet normal 0 -0 1
    outer loop
      vertex 60 -47 3.2
      vertex 68 -39 3.2
      vertex 29.3301 -9.5 3.2
    endloop
  endfacet
  facet normal 0 0 1
    outer loop
      vertex 60 47 3.2
      vertex 66.9282 43 3.2
      vertex 66.3468 43.8701 3.2
    endloop
  endfacet
  facet normal 0 0 1
    outer loop
      vertex 68 -39 3.2
      vertex 60 -47 3.2
      vertex 67.9316 -40.0442 3.2
    endloop
  endfacet
  facet normal 0 0 1
    outer loop
      vertex 60 47 3.2
      vertex 66.3468 43.8701 3.2
      vertex 65.6569 44.6569 3.2
    endloop
  endfacet
  facet normal 0 0 1
    outer loop
      vertex 67.9316 -40.0442 3.2
      vertex 60 -47 3.2
      vertex 67.7274 -41.0706 3.2
    endloop
  endfacet
  facet normal 0 0 1
    outer loop
      vertex 60 47 3.2
      vertex 65.6569 44.6569 3.2
      vertex 64.8701 45.3468 3.2
    endloop
  endfacet
  facet normal 0 0 1
    outer loop
      vertex 67.7274 -41.0706 3.2
      vertex 60 -47 3.2
      vertex 67.391 -42.0615 3.2
    endloop
  endfacet
  facet normal 0 0 1
    outer loop
      vertex 60 47 3.2
      vertex 64.8701 45.3468 3.2
      vertex 64 45.9282 3.2
    endloop
  endfacet
  facet normal 0 0 1
    outer loop
      vertex 67.391 -42.0615 3.2
      vertex 60 -47 3.2
      vertex 66.9282 -43 3.2
    endloop
  endfacet
  facet normal 0 0 1
    outer loop
      vertex 60 47 3.2
      vertex 64 45.9282 3.2
      vertex 63.0615 46.391 3.2
    endloop
  endfacet
  facet normal 0 0 1
    outer loop
      vertex 66.9282 -43 3.2
      vertex 60 -47 3.2
      vertex 66.3468 -43.8701 3.2
    endloop
  endfacet
  facet normal 0 0 1
    outer loop
      vertex 60 47 3.2
      vertex 63.0615 46.391 3.2
      vertex 62.0706 46.7274 3.2
    endloop
  endfacet
  facet normal 0 0 1
    outer loop
      vertex 66.3468 -43.8701 3.2
      vertex 60 -47 3.2
      vertex 65.6569 -44.6569 3.2
    endloop
  endfacet
  facet normal 0 0 1
    outer loop
      vertex 60 47 3.2
      vertex 62.0706 46.7274 3.2
      vertex 61.0442 46.9316 3.2
    endloop
  endfacet
  facet normal 0 0 1
    outer loop
      vertex 65.6569 -44.6569 3.2
      vertex 60 -47 3.2
      vertex 64.8701 -45.3468 3.2
    endloop
  endfacet
  facet normal 0 0 1
    outer loop
      vertex 68 39 3.2
      vertex 60 47 3.2
      vertex 29.3301 9.5 3.2
    endloop
  endfacet
  facet normal 0 0 1
    outer loop
      vertex 64.8701 -45.3468 3.2
      vertex 60 -47 3.2
      vertex 64 -45.9282 3.2
    endloop
  endfacet
  facet normal 0 0 1
    outer loop
      vertex 68 39 3.2
      vertex 29.3301 9.5 3.2
      vertex 29.3301 4.5 3.2
    endloop
  endfacet
  facet normal -0 0 1
    outer loop
      vertex 22 19.75 3.2
      vertex 29.3301 9.5 3.2
      vertex 60 47 3.2
    endloop
  endfacet
  facet normal 0 0 1
    outer loop
      vertex 29.3301 9.5 3.2
      vertex 22 19.75 3.2
      vertex 25 12 3.2
    endloop
  endfacet
  facet normal -0 0 1
    outer loop
      vertex 5.5 41.7 3.2
      vertex 22 19.75 3.2
      vertex 60 47 3.2
    endloop
  endfacet
  facet normal 0 0 1
    outer loop
      vertex 22 19.75 3.2
      vertex 5.5 26.5 3.2
      vertex 8 19.75 3.2
    endloop
  endfacet
  facet normal -0 0 1
    outer loop
      vertex 5.5 26.5 3.2
      vertex 22 19.75 3.2
      vertex 5.5 28 3.2
    endloop
  endfacet
  facet normal -0 0 1
    outer loop
      vertex 5.5 28 3.2
      vertex 22 19.75 3.2
      vertex 5.5 40.2 3.2
    endloop
  endfacet
  facet normal -0 0 1
    outer loop
      vertex 5.5 40.2 3.2
      vertex 22 19.75 3.2
      vertex 5.5 41.7 3.2
    endloop
  endfacet
  facet normal -0 0 1
    outer loop
      vertex 0.669637 44.5727 3.2
      vertex 5.5 41.7 3.2
      vertex 60 47 3.2
    endloop
  endfacet
  facet normal 0 0 1
    outer loop
      vertex 5.5 41.7 3.2
      vertex 1.09059 43.8436 3.2
      vertex 1.1 43.7 3.2
    endloop
  endfacet
  facet normal 0 0 1
    outer loop
      vertex 5.5 41.7 3.2
      vertex 1.06252 43.9847 3.2
      vertex 1.09059 43.8436 3.2
    endloop
  endfacet
  facet normal 0 0 1
    outer loop
      vertex 5.5 41.7 3.2
      vertex 1.01627 44.121 3.2
      vertex 1.06252 43.9847 3.2
    endloop
  endfacet
  facet normal 0 0 1
    outer loop
      vertex 5.5 41.7 3.2
      vertex 0.952627 44.25 3.2
      vertex 1.01627 44.121 3.2
    endloop
  endfacet
  facet normal 0 0 1
    outer loop
      vertex 5.5 41.7 3.2
      vertex 0.872688 44.3696 3.2
      vertex 0.952627 44.25 3.2
    endloop
  endfacet
  facet normal 0 0 1
    outer loop
      vertex 5.5 41.7 3.2
      vertex 0.777817 44.4778 3.2
      vertex 0.872688 44.3696 3.2
    endloop
  endfacet
  facet normal 0 0 1
    outer loop
      vertex 5.5 41.7 3.2
      vertex 0.669637 44.5727 3.2
      vertex 0.777817 44.4778 3.2
    endloop
  endfacet
  facet normal 0 0 1
    outer loop
      vertex 60 47 3.2
      vertex 0.549999 44.6526 3.2
      vertex 0.669637 44.5727 3.2
    endloop
  endfacet
  facet normal 0 0 1
    outer loop
      vertex 60 47 3.2
      vertex 0.420951 44.7163 3.2
      vertex 0.549999 44.6526 3.2
    endloop
  endfacet
  facet normal 0 0 1
    outer loop
      vertex 60 47 3.2
      vertex 0.2847 44.7625 3.2
      vertex 0.420951 44.7163 3.2
    endloop
  endfacet
  facet normal 0 0 1
    outer loop
      vertex 60 47 3.2
      vertex 0.143579 44.7906 3.2
      vertex 0.2847 44.7625 3.2
    endloop
  endfacet
  facet normal 0 0 1
    outer loop
      vertex 60 47 3.2
      vertex 0 44.8 3.2
      vertex 0.143579 44.7906 3.2
    endloop
  endfacet
  facet normal 0 0 1
    outer loop
      vertex -1.09059 43.8436 3.2
      vertex -14.9 43.7 3.2
      vertex -1.1 43.7 3.2
    endloop
  endfacet
  facet normal 0 0 1
    outer loop
      vertex -14.9094 43.8436 3.2
      vertex -1.09059 43.8436 3.2
      vertex -1.06252 43.9847 3.2
    endloop
  endfacet
  facet normal 0 0 1
    outer loop
      vertex -14.9375 43.9847 3.2
      vertex -1.06252 43.9847 3.2
      vertex -1.01627 44.121 3.2
    endloop
  endfacet
  facet normal 0 0 1
    outer loop
      vertex -14.9837 44.121 3.2
      vertex -1.01627 44.121 3.2
      vertex -0.952627 44.25 3.2
    endloop
  endfacet
  facet normal 0 0 1
    outer loop
      vertex -15.0474 44.25 3.2
      vertex -0.952627 44.25 3.2
      vertex -0.872688 44.3696 3.2
    endloop
  endfacet
  facet normal 0 0 1
    outer loop
      vertex -15.1273 44.3696 3.2
      vertex -0.872688 44.3696 3.2
      vertex -0.777817 44.4778 3.2
    endloop
  endfacet
  facet normal 0 0 1
    outer loop
      vertex -15.2222 44.4778 3.2
      vertex -0.777817 44.4778 3.2
      vertex -0.669637 44.5727 3.2
    endloop
  endfacet
  facet normal 0 0 1
    outer loop
      vertex -15.3304 44.5727 3.2
      vertex -0.669637 44.5727 3.2
      vertex -0.549999 44.6526 3.2
    endloop
  endfacet
  facet normal 0 0 1
    outer loop
      vertex -15.45 44.6526 3.2
      vertex -0.549999 44.6526 3.2
      vertex -0.420951 44.7163 3.2
    endloop
  endfacet
  facet normal 0 0 1
    outer loop
      vertex -15.579 44.7163 3.2
      vertex -0.420951 44.7163 3.2
      vertex -0.2847 44.7625 3.2
    endloop
  endfacet
  facet normal 0 0 1
    outer loop
      vertex -15.7153 44.7625 3.2
      vertex -0.2847 44.7625 3.2
      vertex -0.143579 44.7906 3.2
    endloop
  endfacet
  facet normal 0 0 1
    outer loop
      vertex -1.09059 43.8436 3.2
      vertex -14.9094 43.8436 3.2
      vertex -14.9 43.7 3.2
    endloop
  endfacet
  facet normal 0 0 1
    outer loop
      vertex -15.8564 44.7906 3.2
      vertex -0.143579 44.7906 3.2
      vertex 0 44.8 3.2
    endloop
  endfacet
  facet normal 0 0 1
    outer loop
      vertex -1.06252 43.9847 3.2
      vertex -14.9375 43.9847 3.2
      vertex -14.9094 43.8436 3.2
    endloop
  endfacet
  facet normal 0 0 1
    outer loop
      vertex -1.01627 44.121 3.2
      vertex -14.9837 44.121 3.2
      vertex -14.9375 43.9847 3.2
    endloop
  endfacet
  facet normal 0 0 1
    outer loop
      vertex -0.952627 44.25 3.2
      vertex -15.0474 44.25 3.2
      vertex -14.9837 44.121 3.2
    endloop
  endfacet
  facet normal -0 0 1
    outer loop
      vertex -60 47 3.2
      vertex 0 44.8 3.2
      vertex 60 47 3.2
    endloop
  endfacet
  facet normal 0 0 1
    outer loop
      vertex -0.872688 44.3696 3.2
      vertex -15.1273 44.3696 3.2
      vertex -15.0474 44.25 3.2
    endloop
  endfacet
  facet normal 0 0 1
    outer loop
      vertex -0.777817 44.4778 3.2
      vertex -15.2222 44.4778 3.2
      vertex -15.1273 44.3696 3.2
    endloop
  endfacet
  facet normal 0 0 1
    outer loop
      vertex -0.669637 44.5727 3.2
      vertex -15.3304 44.5727 3.2
      vertex -15.2222 44.4778 3.2
    endloop
  endfacet
  facet normal 0 0 1
    outer loop
      vertex -0.549999 44.6526 3.2
      vertex -15.45 44.6526 3.2
      vertex -15.3304 44.5727 3.2
    endloop
  endfacet
  facet normal 0 0 1
    outer loop
      vertex -0.420951 44.7163 3.2
      vertex -15.579 44.7163 3.2
      vertex -15.45 44.6526 3.2
    endloop
  endfacet
  facet normal 0 0 1
    outer loop
      vertex -0.2847 44.7625 3.2
      vertex -15.7153 44.7625 3.2
      vertex -15.579 44.7163 3.2
    endloop
  endfacet
  facet normal 0 0 1
    outer loop
      vertex -0.143579 44.7906 3.2
      vertex -15.8564 44.7906 3.2
      vertex -15.7153 44.7625 3.2
    endloop
  endfacet
  facet normal 0 0 1
    outer loop
      vertex 0 44.8 3.2
      vertex -16 44.8 3.2
      vertex -15.8564 44.7906 3.2
    endloop
  endfacet
  facet normal 0 0 1
    outer loop
      vertex -17.0906 43.8436 3.2
      vertex -21.5 41.7 3.2
      vertex -17.1 43.7 3.2
    endloop
  endfacet
  facet normal 0 0 1
    outer loop
      vertex -17.0625 43.9847 3.2
      vertex -21.5 41.7 3.2
      vertex -17.0906 43.8436 3.2
    endloop
  endfacet
  facet normal 0 0 1
    outer loop
      vertex -17.0163 44.121 3.2
      vertex -21.5 41.7 3.2
      vertex -17.0625 43.9847 3.2
    endloop
  endfacet
  facet normal 0 0 1
    outer loop
      vertex -16.9526 44.25 3.2
      vertex -21.5 41.7 3.2
      vertex -17.0163 44.121 3.2
    endloop
  endfacet
  facet normal 0 0 1
    outer loop
      vertex -16.8727 44.3696 3.2
      vertex -21.5 41.7 3.2
      vertex -16.9526 44.25 3.2
    endloop
  endfacet
  facet normal 0 0 1
    outer loop
      vertex -16.7778 44.4778 3.2
      vertex -21.5 41.7 3.2
      vertex -16.8727 44.3696 3.2
    endloop
  endfacet
  facet normal 0 0 1
    outer loop
      vertex -16.6696 44.5727 3.2
      vertex -21.5 41.7 3.2
      vertex -16.7778 44.4778 3.2
    endloop
  endfacet
  facet normal 0 0 1
    outer loop
      vertex -60 47 3.2
      vertex -16.6696 44.5727 3.2
      vertex -16.55 44.6526 3.2
    endloop
  endfacet
  facet normal 0 0 1
    outer loop
      vertex -60 47 3.2
      vertex -21.5 40.2 3.2
      vertex -21.5 41.7 3.2
    endloop
  endfacet
  facet normal 0 0 1
    outer loop
      vertex -21.5 40.2 3.2
      vertex -32 19.75 3.2
      vertex -21.5 28 3.2
    endloop
  endfacet
  facet normal 0 0 1
    outer loop
      vertex -21.5 28 3.2
      vertex -32 19.75 3.2
      vertex -21.5 26.5 3.2
    endloop
  endfacet
  facet normal 0 0 1
    outer loop
      vertex -48.8333 11.1667 3.2
      vertex -32 16.25 3.2
      vertex -32 19.75 3.2
    endloop
  endfacet
  facet normal 0 0 1
    outer loop
      vertex -11 -4 3.2
      vertex -32 -16.25 3.2
      vertex -18 -16.25 3.2
    endloop
  endfacet
  facet normal 0 0 1
    outer loop
      vertex -11 -4 3.2
      vertex -41.5727 -1.10947 3.2
      vertex -32 -16.25 3.2
    endloop
  endfacet
  facet normal 0 0 1
    outer loop
      vertex -21.5 40.2 3.2
      vertex -60 47 3.2
      vertex -32 19.75 3.2
    endloop
  endfacet
  facet normal 0 0 1
    outer loop
      vertex -32 16.25 3.2
      vertex -41.5727 1.10947 3.2
      vertex -41.5 0 3.2
    endloop
  endfacet
  facet normal 0 0 1
    outer loop
      vertex -32 16.25 3.2
      vertex -41.7896 2.19996 3.2
      vertex -41.5727 1.10947 3.2
    endloop
  endfacet
  facet normal 0 0 1
    outer loop
      vertex -32 16.25 3.2
      vertex -42.147 3.25281 3.2
      vertex -41.7896 2.19996 3.2
    endloop
  endfacet
  facet normal 0 0 1
    outer loop
      vertex -32 16.25 3.2
      vertex -42.6388 4.25 3.2
      vertex -42.147 3.25281 3.2
    endloop
  endfacet
  facet normal 0 0 1
    outer loop
      vertex -32 16.25 3.2
      vertex -43.2565 5.17447 3.2
      vertex -42.6388 4.25 3.2
    endloop
  endfacet
  facet normal 0 0 1
    outer loop
      vertex -32 16.25 3.2
      vertex -43.9896 6.01041 3.2
      vertex -43.2565 5.17447 3.2
    endloop
  endfacet
  facet normal 0 0 1
    outer loop
      vertex -32 16.25 3.2
      vertex -44.8255 6.7435 3.2
      vertex -43.9896 6.01041 3.2
    endloop
  endfacet
  facet normal 0 0 1
    outer loop
      vertex -32 16.25 3.2
      vertex -48.691 11.0045 3.2
      vertex -48.5711 10.825 3.2
    endloop
  endfacet
  facet normal 0 0 1
    outer loop
      vertex -32 16.25 3.2
      vertex -45.75 7.36122 3.2
      vertex -44.8255 6.7435 3.2
    endloop
  endfacet
  facet normal 0 0 1
    outer loop
      vertex -32 16.25 3.2
      vertex -48.4756 10.6314 3.2
      vertex -45.75 7.36122 3.2
    endloop
  endfacet
  facet normal -0 -0 1
    outer loop
      vertex -48.3641 10.2154 3.2
      vertex -46.7472 7.85298 3.2
      vertex -48.4062 10.4271 3.2
    endloop
  endfacet
  facet normal -0 0 1
    outer loop
      vertex -48.3641 9.78463 3.2
      vertex -46.7472 7.85298 3.2
      vertex -48.35 10 3.2
    endloop
  endfacet
  facet normal -0 -0 1
    outer loop
      vertex -48.35 10 3.2
      vertex -46.7472 7.85298 3.2
      vertex -48.3641 10.2154 3.2
    endloop
  endfacet
  facet normal 0 0 1
    outer loop
      vertex -45.75 7.36122 3.2
      vertex -48.4062 10.4271 3.2
      vertex -46.7472 7.85298 3.2
    endloop
  endfacet
  facet normal -0 -0 1
    outer loop
      vertex -48.4062 10.4271 3.2
      vertex -45.75 7.36122 3.2
      vertex -48.4756 10.6314 3.2
    endloop
  endfacet
  facet normal 0 -0 1
    outer loop
      vertex -48.4756 10.6314 3.2
      vertex -32 16.25 3.2
      vertex -48.5711 10.825 3.2
    endloop
  endfacet
  facet normal 0 0 1
    outer loop
      vertex -32 16.25 3.2
      vertex -48.8333 11.1667 3.2
      vertex -48.691 11.0045 3.2
    endloop
  endfacet
  facet normal 0 0 1
    outer loop
      vertex -32 19.75 3.2
      vertex -48.9955 11.309 3.2
      vertex -48.8333 11.1667 3.2
    endloop
  endfacet
  facet normal 0 0 1
    outer loop
      vertex -32 19.75 3.2
      vertex -49.175 11.4289 3.2
      vertex -48.9955 11.309 3.2
    endloop
  endfacet
  facet normal 0 0 1
    outer loop
      vertex -32 19.75 3.2
      vertex -49.3686 11.5244 3.2
      vertex -49.175 11.4289 3.2
    endloop
  endfacet
  facet normal 0 0 1
    outer loop
      vertex -32 19.75 3.2
      vertex -49.5729 11.5938 3.2
      vertex -49.3686 11.5244 3.2
    endloop
  endfacet
  facet normal 0 -0 1
    outer loop
      vertex -49.7846 11.6359 3.2
      vertex -32 19.75 3.2
      vertex -60 47 3.2
    endloop
  endfacet
  facet normal 0 0 1
    outer loop
      vertex -32 19.75 3.2
      vertex -49.7846 11.6359 3.2
      vertex -49.5729 11.5938 3.2
    endloop
  endfacet
  facet normal 0 0 1
    outer loop
      vertex -49.7846 11.6359 3.2
      vertex -60 47 3.2
      vertex -50 11.65 3.2
    endloop
  endfacet
  facet normal 0 0 1
    outer loop
      vertex -50 11.65 3.2
      vertex -60 47 3.2
      vertex -50.2154 11.6359 3.2
    endloop
  endfacet
  facet normal -0 0 1
    outer loop
      vertex -68 39 3.2
      vertex -50.2154 11.6359 3.2
      vertex -60 47 3.2
    endloop
  endfacet
  facet normal 0 0 1
    outer loop
      vertex -50.2154 11.6359 3.2
      vertex -68 39 3.2
      vertex -50.4271 11.5938 3.2
    endloop
  endfacet
  facet normal 0 0 1
    outer loop
      vertex -50.4271 11.5938 3.2
      vertex -68 39 3.2
      vertex -50.6314 11.5244 3.2
    endloop
  endfacet
  facet normal 0 0 1
    outer loop
      vertex -50.6314 11.5244 3.2
      vertex -68 39 3.2
      vertex -50.825 11.4289 3.2
    endloop
  endfacet
  facet normal 0 0 1
    outer loop
      vertex -53.2528 7.85298 3.2
      vertex -51.65 10 3.2
      vertex -51.6359 10.2154 3.2
    endloop
  endfacet
  facet normal 0 0 1
    outer loop
      vertex -53.2528 7.85298 3.2
      vertex -51.6359 10.2154 3.2
      vertex -51.5938 10.4271 3.2
    endloop
  endfacet
  facet normal 0 0 1
    outer loop
      vertex -51.6359 9.78463 3.2
      vertex -53.2528 7.85298 3.2
      vertex -52.2 8.21037 3.2
    endloop
  endfacet
  facet normal 0 0 1
    outer loop
      vertex -54.25 7.36122 3.2
      vertex -51.5938 10.4271 3.2
      vertex -51.5244 10.6314 3.2
    endloop
  endfacet
  facet normal 0 0 1
    outer loop
      vertex -54.25 7.36122 3.2
      vertex -51.5244 10.6314 3.2
      vertex -51.4289 10.825 3.2
    endloop
  endfacet
  facet normal 0 0 1
    outer loop
      vertex -51.5938 10.4271 3.2
      vertex -54.25 7.36122 3.2
      vertex -53.2528 7.85298 3.2
    endloop
  endfacet
  facet normal 0 0 1
    outer loop
      vertex -55.1745 6.7435 3.2
      vertex -51.4289 10.825 3.2
      vertex -51.309 11.0045 3.2
    endloop
  endfacet
  facet normal 0 0 1
    outer loop
      vertex -51.4289 10.825 3.2
      vertex -55.1745 6.7435 3.2
      vertex -54.25 7.36122 3.2
    endloop
  endfacet
  facet normal 0 0 1
    outer loop
      vertex -68 39 3.2
      vertex -51.309 11.0045 3.2
      vertex -51.1667 11.1667 3.2
    endloop
  endfacet
  facet normal 0 0 1
    outer loop
      vertex -51.309 11.0045 3.2
      vertex -68 39 3.2
      vertex -55.1745 6.7435 3.2
    endloop
  endfacet
  facet normal 0 0 1
    outer loop
      vertex -58.2104 2.19996 3.2
      vertex -68 39 3.2
      vertex -58.4273 1.10947 3.2
    endloop
  endfacet
  facet normal 0 0 1
    outer loop
      vertex -57.853 3.25281 3.2
      vertex -68 39 3.2
      vertex -58.2104 2.19996 3.2
    endloop
  endfacet
  facet normal 0 0 1
    outer loop
      vertex -57.3612 4.25 3.2
      vertex -68 39 3.2
      vertex -57.853 3.25281 3.2
    endloop
  endfacet
  facet normal 0 0 1
    outer loop
      vertex -56.7435 5.17447 3.2
      vertex -68 39 3.2
      vertex -57.3612 4.25 3.2
    endloop
  endfacet
  facet normal 0 0 1
    outer loop
      vertex -56.0104 6.01041 3.2
      vertex -68 39 3.2
      vertex -56.7435 5.17447 3.2
    endloop
  endfacet
  facet normal 0 0 1
    outer loop
      vertex -55.1745 6.7435 3.2
      vertex -68 39 3.2
      vertex -56.0104 6.01041 3.2
    endloop
  endfacet
  facet normal 0 0 1
    outer loop
      vertex -51.0045 11.309 3.2
      vertex -68 39 3.2
      vertex -51.1667 11.1667 3.2
    endloop
  endfacet
  facet normal 0 0 1
    outer loop
      vertex -50.825 11.4289 3.2
      vertex -68 39 3.2
      vertex -51.0045 11.309 3.2
    endloop
  endfacet
  facet normal 0 0 1
    outer loop
      vertex -16.6696 44.5727 3.2
      vertex -60 47 3.2
      vertex -21.5 41.7 3.2
    endloop
  endfacet
  facet normal 0 0 1
    outer loop
      vertex -16.421 44.7163 3.2
      vertex -60 47 3.2
      vertex -16.55 44.6526 3.2
    endloop
  endfacet
  facet normal 0 0 1
    outer loop
      vertex -16.2847 44.7625 3.2
      vertex -60 47 3.2
      vertex -16.421 44.7163 3.2
    endloop
  endfacet
  facet normal 0 0 1
    outer loop
      vertex -16.1436 44.7906 3.2
      vertex -60 47 3.2
      vertex -16.2847 44.7625 3.2
    endloop
  endfacet
  facet normal 0 0 1
    outer loop
      vertex -16 44.8 3.2
      vertex -60 47 3.2
      vertex -16.1436 44.7906 3.2
    endloop
  endfacet
  facet normal 0 0 1
    outer loop
      vertex 0 44.8 3.2
      vertex -60 47 3.2
      vertex -16 44.8 3.2
    endloop
  endfacet
  facet normal 0 0 1
    outer loop
      vertex 64 -45.9282 3.2
      vertex 60 -47 3.2
      vertex 63.0615 -46.391 3.2
    endloop
  endfacet
  facet normal 0 0 1
    outer loop
      vertex 63.0615 -46.391 3.2
      vertex 60 -47 3.2
      vertex 62.0706 -46.7274 3.2
    endloop
  endfacet
  facet normal 0 0 1
    outer loop
      vertex 62.0706 -46.7274 3.2
      vertex 60 -47 3.2
      vertex 61.0442 -46.9316 3.2
    endloop
  endfacet
  facet normal 0 0 1
    outer loop
      vertex 22 -19.75 3.2
      vertex 29.3301 -9.5 3.2
      vertex 25 -12 3.2
    endloop
  endfacet
  facet normal 0 0 1
    outer loop
      vertex 22 -19.75 3.2
      vertex 25 -12 3.2
      vertex 22 -16.25 3.2
    endloop
  endfacet
  facet normal 0 0 1
    outer loop
      vertex 29.3301 -9.5 3.2
      vertex 22 -19.75 3.2
      vertex 60 -47 3.2
    endloop
  endfacet
  facet normal 0 0 1
    outer loop
      vertex 5.5 -26.5 3.2
      vertex 22 -19.75 3.2
      vertex 8 -19.75 3.2
    endloop
  endfacet
  facet normal 0 0 1
    outer loop
      vertex 8 -16.25 3.2
      vertex 5.5 -26.5 3.2
      vertex 8 -19.75 3.2
    endloop
  endfacet
  facet normal 0 0 1
    outer loop
      vertex 22 -19.75 3.2
      vertex 5.5 -26.5 3.2
      vertex 5.5 -28 3.2
    endloop
  endfacet
  facet normal 0 0 1
    outer loop
      vertex 5.5 -40.2 3.2
      vertex 22 -19.75 3.2
      vertex 5.5 -28 3.2
    endloop
  endfacet
  facet normal 0 0 1
    outer loop
      vertex 5.5 -41.7 3.2
      vertex 22 -19.75 3.2
      vertex 5.5 -40.2 3.2
    endloop
  endfacet
  facet normal 0 0 1
    outer loop
      vertex 22 -19.75 3.2
      vertex 5.5 -41.7 3.2
      vertex 60 -47 3.2
    endloop
  endfacet
  facet normal 0 0 1
    outer loop
      vertex 1.09059 -43.8436 3.2
      vertex 5.5 -41.7 3.2
      vertex 1.1 -43.7 3.2
    endloop
  endfacet
  facet normal 0 0 1
    outer loop
      vertex 1.06252 -43.9847 3.2
      vertex 5.5 -41.7 3.2
      vertex 1.09059 -43.8436 3.2
    endloop
  endfacet
  facet normal 0 0 1
    outer loop
      vertex 1.01627 -44.121 3.2
      vertex 5.5 -41.7 3.2
      vertex 1.06252 -43.9847 3.2
    endloop
  endfacet
  facet normal 0 0 1
    outer loop
      vertex 0.952627 -44.25 3.2
      vertex 5.5 -41.7 3.2
      vertex 1.01627 -44.121 3.2
    endloop
  endfacet
  facet normal 0 0 1
    outer loop
      vertex 0.872688 -44.3696 3.2
      vertex 5.5 -41.7 3.2
      vertex 0.952627 -44.25 3.2
    endloop
  endfacet
  facet normal 0 0 1
    outer loop
      vertex 0.777817 -44.4778 3.2
      vertex 5.5 -41.7 3.2
      vertex 0.872688 -44.3696 3.2
    endloop
  endfacet
  facet normal 0 0 1
    outer loop
      vertex 0.669637 -44.5727 3.2
      vertex 5.5 -41.7 3.2
      vertex 0.777817 -44.4778 3.2
    endloop
  endfacet
  facet normal 0 0 1
    outer loop
      vertex 5.5 -41.7 3.2
      vertex 0.669637 -44.5727 3.2
      vertex 60 -47 3.2
    endloop
  endfacet
  facet normal -0 0 1
    outer loop
      vertex 0.549999 -44.6526 3.2
      vertex 60 -47 3.2
      vertex 0.669637 -44.5727 3.2
    endloop
  endfacet
  facet normal -0 0 1
    outer loop
      vertex 0.420951 -44.7163 3.2
      vertex 60 -47 3.2
      vertex 0.549999 -44.6526 3.2
    endloop
  endfacet
  facet normal -0 0 1
    outer loop
      vertex 0.2847 -44.7625 3.2
      vertex 60 -47 3.2
      vertex 0.420951 -44.7163 3.2
    endloop
  endfacet
  facet normal -0 0 1
    outer loop
      vertex 0.143579 -44.7906 3.2
      vertex 60 -47 3.2
      vertex 0.2847 -44.7625 3.2
    endloop
  endfacet
  facet normal -0 0 1
    outer loop
      vertex 0 -44.8 3.2
      vertex 60 -47 3.2
      vertex 0.143579 -44.7906 3.2
    endloop
  endfacet
  facet normal -0 0 1
    outer loop
      vertex -14.9 -43.7 3.2
      vertex -1.09059 -43.8436 3.2
      vertex -1.1 -43.7 3.2
    endloop
  endfacet
  facet normal 0 0 1
    outer loop
      vertex -14.9094 -43.8436 3.2
      vertex -1.09059 -43.8436 3.2
      vertex -14.9 -43.7 3.2
    endloop
  endfacet
  facet normal 0 0 1
    outer loop
      vertex -1.09059 -43.8436 3.2
      vertex -14.9094 -43.8436 3.2
      vertex -1.06252 -43.9847 3.2
    endloop
  endfacet
  facet normal 0 0 1
    outer loop
      vertex -14.9375 -43.9847 3.2
      vertex -1.06252 -43.9847 3.2
      vertex -14.9094 -43.8436 3.2
    endloop
  endfacet
  facet normal 0 0 1
    outer loop
      vertex -1.06252 -43.9847 3.2
      vertex -14.9375 -43.9847 3.2
      vertex -1.01627 -44.121 3.2
    endloop
  endfacet
  facet normal 0 0 1
    outer loop
      vertex -14.9837 -44.121 3.2
      vertex -1.01627 -44.121 3.2
      vertex -14.9375 -43.9847 3.2
    endloop
  endfacet
  facet normal 0 0 1
    outer loop
      vertex -1.01627 -44.121 3.2
      vertex -14.9837 -44.121 3.2
      vertex -0.952627 -44.25 3.2
    endloop
  endfacet
  facet normal 0 0 1
    outer loop
      vertex -15.0474 -44.25 3.2
      vertex -0.952627 -44.25 3.2
      vertex -14.9837 -44.121 3.2
    endloop
  endfacet
  facet normal 0 0 1
    outer loop
      vertex -0.952627 -44.25 3.2
      vertex -15.0474 -44.25 3.2
      vertex -0.872688 -44.3696 3.2
    endloop
  endfacet
  facet normal 0 0 1
    outer loop
      vertex -15.1273 -44.3696 3.2
      vertex -0.872688 -44.3696 3.2
      vertex -15.0474 -44.25 3.2
    endloop
  endfacet
  facet normal 0 0 1
    outer loop
      vertex -0.872688 -44.3696 3.2
      vertex -15.1273 -44.3696 3.2
      vertex -0.777817 -44.4778 3.2
    endloop
  endfacet
  facet normal 0 0 1
    outer loop
      vertex -15.2222 -44.4778 3.2
      vertex -0.777817 -44.4778 3.2
      vertex -15.1273 -44.3696 3.2
    endloop
  endfacet
  facet normal 0 0 1
    outer loop
      vertex -0.777817 -44.4778 3.2
      vertex -15.2222 -44.4778 3.2
      vertex -0.669637 -44.5727 3.2
    endloop
  endfacet
  facet normal 0 0 1
    outer loop
      vertex -15.3304 -44.5727 3.2
      vertex -0.669637 -44.5727 3.2
      vertex -15.2222 -44.4778 3.2
    endloop
  endfacet
  facet normal 0 0 1
    outer loop
      vertex -0.669637 -44.5727 3.2
      vertex -15.3304 -44.5727 3.2
      vertex -0.549999 -44.6526 3.2
    endloop
  endfacet
  facet normal 0 0 1
    outer loop
      vertex -15.45 -44.6526 3.2
      vertex -0.549999 -44.6526 3.2
      vertex -15.3304 -44.5727 3.2
    endloop
  endfacet
  facet normal 0 0 1
    outer loop
      vertex -0.549999 -44.6526 3.2
      vertex -15.45 -44.6526 3.2
      vertex -0.420951 -44.7163 3.2
    endloop
  endfacet
  facet normal 0 0 1
    outer loop
      vertex -15.579 -44.7163 3.2
      vertex -0.420951 -44.7163 3.2
      vertex -15.45 -44.6526 3.2
    endloop
  endfacet
  facet normal 0 0 1
    outer loop
      vertex -0.420951 -44.7163 3.2
      vertex -15.579 -44.7163 3.2
      vertex -0.2847 -44.7625 3.2
    endloop
  endfacet
  facet normal 0 0 1
    outer loop
      vertex -15.7153 -44.7625 3.2
      vertex -0.2847 -44.7625 3.2
      vertex -15.579 -44.7163 3.2
    endloop
  endfacet
  facet normal 0 0 1
    outer loop
      vertex -0.2847 -44.7625 3.2
      vertex -15.7153 -44.7625 3.2
      vertex -0.143579 -44.7906 3.2
    endloop
  endfacet
  facet normal 0 0 1
    outer loop
      vertex -15.8564 -44.7906 3.2
      vertex -0.143579 -44.7906 3.2
      vertex -15.7153 -44.7625 3.2
    endloop
  endfacet
  facet normal 0 0 1
    outer loop
      vertex -0.143579 -44.7906 3.2
      vertex -15.8564 -44.7906 3.2
      vertex 0 -44.8 3.2
    endloop
  endfacet
  facet normal 0 0 1
    outer loop
      vertex -16 -44.8 3.2
      vertex 0 -44.8 3.2
      vertex -15.8564 -44.7906 3.2
    endloop
  endfacet
  facet normal 0 0 1
    outer loop
      vertex -60 -47 3.2
      vertex 0 -44.8 3.2
      vertex -16 -44.8 3.2
    endloop
  endfacet
  facet normal 0 0 1
    outer loop
      vertex -21.5 -41.7 3.2
      vertex -17.0906 -43.8436 3.2
      vertex -17.1 -43.7 3.2
    endloop
  endfacet
  facet normal 0 0 1
    outer loop
      vertex -21.5 -41.7 3.2
      vertex -17.0625 -43.9847 3.2
      vertex -17.0906 -43.8436 3.2
    endloop
  endfacet
  facet normal 0 0 1
    outer loop
      vertex -21.5 -41.7 3.2
      vertex -17.0163 -44.121 3.2
      vertex -17.0625 -43.9847 3.2
    endloop
  endfacet
  facet normal 0 0 1
    outer loop
      vertex -21.5 -41.7 3.2
      vertex -16.9526 -44.25 3.2
      vertex -17.0163 -44.121 3.2
    endloop
  endfacet
  facet normal 0 0 1
    outer loop
      vertex -21.5 -41.7 3.2
      vertex -16.8727 -44.3696 3.2
      vertex -16.9526 -44.25 3.2
    endloop
  endfacet
  facet normal 0 0 1
    outer loop
      vertex -21.5 -41.7 3.2
      vertex -16.7778 -44.4778 3.2
      vertex -16.8727 -44.3696 3.2
    endloop
  endfacet
  facet normal 0 0 1
    outer loop
      vertex -21.5 -41.7 3.2
      vertex -16.6696 -44.5727 3.2
      vertex -16.7778 -44.4778 3.2
    endloop
  endfacet
  facet normal 0 0 1
    outer loop
      vertex -60 -47 3.2
      vertex -16.6696 -44.5727 3.2
      vertex -21.5 -41.7 3.2
    endloop
  endfacet
  facet normal -0 0 1
    outer loop
      vertex -41.7896 -2.19996 3.2
      vertex -32 -16.25 3.2
      vertex -41.5727 -1.10947 3.2
    endloop
  endfacet
  facet normal -0 0 1
    outer loop
      vertex -42.147 -3.25281 3.2
      vertex -32 -16.25 3.2
      vertex -41.7896 -2.19996 3.2
    endloop
  endfacet
  facet normal -0 0 1
    outer loop
      vertex -42.6388 -4.25 3.2
      vertex -32 -16.25 3.2
      vertex -42.147 -3.25281 3.2
    endloop
  endfacet
  facet normal -0 0 1
    outer loop
      vertex -43.2565 -5.17447 3.2
      vertex -32 -16.25 3.2
      vertex -42.6388 -4.25 3.2
    endloop
  endfacet
  facet normal -0 0 1
    outer loop
      vertex -43.9896 -6.01041 3.2
      vertex -32 -16.25 3.2
      vertex -43.2565 -5.17447 3.2
    endloop
  endfacet
  facet normal -0 0 1
    outer loop
      vertex -44.8255 -6.7435 3.2
      vertex -32 -16.25 3.2
      vertex -43.9896 -6.01041 3.2
    endloop
  endfacet
  facet normal -0 0 1
    outer loop
      vertex -45.75 -7.36122 3.2
      vertex -32 -16.25 3.2
      vertex -44.8255 -6.7435 3.2
    endloop
  endfacet
  facet normal -0 0 1
    outer loop
      vertex -48.691 -11.0045 3.2
      vertex -32 -16.25 3.2
      vertex -48.5711 -10.825 3.2
    endloop
  endfacet
  facet normal -0 0 1
    outer loop
      vertex -48.4756 -10.6314 3.2
      vertex -32 -16.25 3.2
      vertex -45.75 -7.36122 3.2
    endloop
  endfacet
  facet normal 0 0 1
    outer loop
      vertex -48.4062 -10.4271 3.2
      vertex -45.75 -7.36122 3.2
      vertex -46.7472 -7.85298 3.2
    endloop
  endfacet
  facet normal 0 0 1
    outer loop
      vertex -48.3641 -9.78463 3.2
      vertex -46.7472 -7.85298 3.2
      vertex -47.8 -8.21037 3.2
    endloop
  endfacet
  facet normal 0 0 1
    outer loop
      vertex -46.7472 -7.85298 3.2
      vertex -48.35 -10 3.2
      vertex -48.3641 -10.2154 3.2
    endloop
  endfacet
  facet normal 0 0 1
    outer loop
      vertex -46.7472 -7.85298 3.2
      vertex -48.3641 -10.2154 3.2
      vertex -48.4062 -10.4271 3.2
    endloop
  endfacet
  facet normal 0 0 1
    outer loop
      vertex -45.75 -7.36122 3.2
      vertex -48.4062 -10.4271 3.2
      vertex -48.4756 -10.6314 3.2
    endloop
  endfacet
  facet normal 0 0 1
    outer loop
      vertex -32 -16.25 3.2
      vertex -48.4756 -10.6314 3.2
      vertex -48.5711 -10.825 3.2
    endloop
  endfacet
  facet normal -0 0 1
    outer loop
      vertex -48.8333 -11.1667 3.2
      vertex -32 -16.25 3.2
      vertex -48.691 -11.0045 3.2
    endloop
  endfacet
  facet normal 0 0 1
    outer loop
      vertex -32 -16.25 3.2
      vertex -48.8333 -11.1667 3.2
      vertex -32 -19.75 3.2
    endloop
  endfacet
  facet normal -0 0 1
    outer loop
      vertex -48.9955 -11.309 3.2
      vertex -32 -19.75 3.2
      vertex -48.8333 -11.1667 3.2
    endloop
  endfacet
  facet normal -0 0 1
    outer loop
      vertex -49.175 -11.4289 3.2
      vertex -32 -19.75 3.2
      vertex -48.9955 -11.309 3.2
    endloop
  endfacet
  facet normal -0 0 1
    outer loop
      vertex -49.3686 -11.5244 3.2
      vertex -32 -19.75 3.2
      vertex -49.175 -11.4289 3.2
    endloop
  endfacet
  facet normal -0 0 1
    outer loop
      vertex -49.5729 -11.5938 3.2
      vertex -32 -19.75 3.2
      vertex -49.3686 -11.5244 3.2
    endloop
  endfacet
  facet normal -0 0 1
    outer loop
      vertex -49.7846 -11.6359 3.2
      vertex -32 -19.75 3.2
      vertex -49.5729 -11.5938 3.2
    endloop
  endfacet
  facet normal 0 0 1
    outer loop
      vertex -32 -19.75 3.2
      vertex -49.7846 -11.6359 3.2
      vertex -60 -47 3.2
    endloop
  endfacet
  facet normal 0 0 1
    outer loop
      vertex -60 -47 3.2
      vertex -49.7846 -11.6359 3.2
      vertex -50 -11.65 3.2
    endloop
  endfacet
  facet normal 0 0 1
    outer loop
      vertex -60 -47 3.2
      vertex -50 -11.65 3.2
      vertex -50.2154 -11.6359 3.2
    endloop
  endfacet
  facet normal 0 0 1
    outer loop
      vertex -68 -39 3.2
      vertex -50.2154 -11.6359 3.2
      vertex -50.4271 -11.5938 3.2
    endloop
  endfacet
  facet normal 0 0 1
    outer loop
      vertex -68 -39 3.2
      vertex -50.4271 -11.5938 3.2
      vertex -50.6314 -11.5244 3.2
    endloop
  endfacet
  facet normal 0 0 1
    outer loop
      vertex -68 -39 3.2
      vertex -50.6314 -11.5244 3.2
      vertex -50.825 -11.4289 3.2
    endloop
  endfacet
  facet normal 0 0 1
    outer loop
      vertex -68 -39 3.2
      vertex -50.825 -11.4289 3.2
      vertex -51.0045 -11.309 3.2
    endloop
  endfacet
  facet normal 0 0 1
    outer loop
      vertex -68 -39 3.2
      vertex -51.0045 -11.309 3.2
      vertex -51.1667 -11.1667 3.2
    endloop
  endfacet
  facet normal 0 0 1
    outer loop
      vertex -51.6359 -9.78463 3.2
      vertex -53.2528 -7.85298 3.2
      vertex -51.65 -10 3.2
    endloop
  endfacet
  facet normal 0 0 1
    outer loop
      vertex -51.65 -10 3.2
      vertex -53.2528 -7.85298 3.2
      vertex -51.6359 -10.2154 3.2
    endloop
  endfacet
  facet normal 0 0 1
    outer loop
      vertex -51.6359 -10.2154 3.2
      vertex -53.2528 -7.85298 3.2
      vertex -51.5938 -10.4271 3.2
    endloop
  endfacet
  facet normal 0 0 1
    outer loop
      vertex -54.25 -7.36122 3.2
      vertex -51.5938 -10.4271 3.2
      vertex -53.2528 -7.85298 3.2
    endloop
  endfacet
  facet normal 0 0 1
    outer loop
      vertex -51.5938 -10.4271 3.2
      vertex -54.25 -7.36122 3.2
      vertex -51.5244 -10.6314 3.2
    endloop
  endfacet
  facet normal 0 0 1
    outer loop
      vertex -51.5244 -10.6314 3.2
      vertex -54.25 -7.36122 3.2
      vertex -51.4289 -10.825 3.2
    endloop
  endfacet
  facet normal 0 0 1
    outer loop
      vertex -55.1745 -6.7435 3.2
      vertex -51.4289 -10.825 3.2
      vertex -54.25 -7.36122 3.2
    endloop
  endfacet
  facet normal 0 0 1
    outer loop
      vertex -51.4289 -10.825 3.2
      vertex -55.1745 -6.7435 3.2
      vertex -51.309 -11.0045 3.2
    endloop
  endfacet
  facet normal 0 0 1
    outer loop
      vertex -68 -39 3.2
      vertex -51.309 -11.0045 3.2
      vertex -55.1745 -6.7435 3.2
    endloop
  endfacet
  facet normal 0 0 1
    outer loop
      vertex -68 -39 3.2
      vertex -55.1745 -6.7435 3.2
      vertex -56.0104 -6.01041 3.2
    endloop
  endfacet
  facet normal 0 0 1
    outer loop
      vertex 0 -44.8 3.2
      vertex -60 -47 3.2
      vertex 60 -47 3.2
    endloop
  endfacet
  facet normal 0 0 1
    outer loop
      vertex -16.1436 -44.7906 3.2
      vertex -60 -47 3.2
      vertex -16 -44.8 3.2
    endloop
  endfacet
  facet normal 0 0 1
    outer loop
      vertex -16.2847 -44.7625 3.2
      vertex -60 -47 3.2
      vertex -16.1436 -44.7906 3.2
    endloop
  endfacet
  facet normal 0 0 1
    outer loop
      vertex -16.421 -44.7163 3.2
      vertex -60 -47 3.2
      vertex -16.2847 -44.7625 3.2
    endloop
  endfacet
  facet normal 0 0 1
    outer loop
      vertex -16.55 -44.6526 3.2
      vertex -60 -47 3.2
      vertex -16.421 -44.7163 3.2
    endloop
  endfacet
  facet normal 0 0 1
    outer loop
      vertex -16.6696 -44.5727 3.2
      vertex -60 -47 3.2
      vertex -16.55 -44.6526 3.2
    endloop
  endfacet
  facet normal 0 0 1
    outer loop
      vertex -21.5 -40.2 3.2
      vertex -60 -47 3.2
      vertex -21.5 -41.7 3.2
    endloop
  endfacet
  facet normal 0 0 1
    outer loop
      vertex -51.309 -11.0045 3.2
      vertex -68 -39 3.2
      vertex -51.1667 -11.1667 3.2
    endloop
  endfacet
  facet normal 0 0 1
    outer loop
      vertex -68 -39 3.2
      vertex -56.0104 -6.01041 3.2
      vertex -56.7435 -5.17447 3.2
    endloop
  endfacet
  facet normal 0 0 1
    outer loop
      vertex -68 -39 3.2
      vertex -56.7435 -5.17447 3.2
      vertex -57.3612 -4.25 3.2
    endloop
  endfacet
  facet normal 0 0 1
    outer loop
      vertex -68 -39 3.2
      vertex -57.3612 -4.25 3.2
      vertex -57.853 -3.25281 3.2
    endloop
  endfacet
  facet normal 0 0 1
    outer loop
      vertex -68 -39 3.2
      vertex -57.853 -3.25281 3.2
      vertex -58.2104 -2.19996 3.2
    endloop
  endfacet
  facet normal 0 0 1
    outer loop
      vertex -68 -39 3.2
      vertex -58.2104 -2.19996 3.2
      vertex -58.4273 -1.10947 3.2
    endloop
  endfacet
  facet normal 0 0 1
    outer loop
      vertex -68 -39 3.2
      vertex -58.4273 -1.10947 3.2
      vertex -58.5 0 3.2
    endloop
  endfacet
  facet normal 0 0 1
    outer loop
      vertex -58.4273 1.10947 3.2
      vertex -68 39 3.2
      vertex -58.5 0 3.2
    endloop
  endfacet
  facet normal 0 0 1
    outer loop
      vertex -68 39 3.2
      vertex -60 47 3.2
      vertex -61.0442 46.9316 3.2
    endloop
  endfacet
  facet normal 0 0 1
    outer loop
      vertex -68 -39 3.2
      vertex -58.5 0 3.2
      vertex -68 39 3.2
    endloop
  endfacet
  facet normal 0 0 1
    outer loop
      vertex -68 39 3.2
      vertex -61.0442 46.9316 3.2
      vertex -62.0706 46.7274 3.2
    endloop
  endfacet
  facet normal 0 0 1
    outer loop
      vertex -50.2154 -11.6359 3.2
      vertex -68 -39 3.2
      vertex -60 -47 3.2
    endloop
  endfacet
  facet normal 0 0 1
    outer loop
      vertex -68 39 3.2
      vertex -62.0706 46.7274 3.2
      vertex -63.0615 46.391 3.2
    endloop
  endfacet
  facet normal 0 0 1
    outer loop
      vertex -60 -47 3.2
      vertex -68 -39 3.2
      vertex -61.0442 -46.9316 3.2
    endloop
  endfacet
  facet normal 0 0 1
    outer loop
      vertex -68 39 3.2
      vertex -63.0615 46.391 3.2
      vertex -64 45.9282 3.2
    endloop
  endfacet
  facet normal 0 0 1
    outer loop
      vertex -61.0442 -46.9316 3.2
      vertex -68 -39 3.2
      vertex -62.0706 -46.7274 3.2
    endloop
  endfacet
  facet normal 0 0 1
    outer loop
      vertex -68 39 3.2
      vertex -64 45.9282 3.2
      vertex -64.8701 45.3468 3.2
    endloop
  endfacet
  facet normal 0 0 1
    outer loop
      vertex -62.0706 -46.7274 3.2
      vertex -68 -39 3.2
      vertex -63.0615 -46.391 3.2
    endloop
  endfacet
  facet normal 0 0 1
    outer loop
      vertex -68 39 3.2
      vertex -64.8701 45.3468 3.2
      vertex -65.6569 44.6569 3.2
    endloop
  endfacet
  facet normal 0 0 1
    outer loop
      vertex -63.0615 -46.391 3.2
      vertex -68 -39 3.2
      vertex -64 -45.9282 3.2
    endloop
  endfacet
  facet normal 0 0 1
    outer loop
      vertex -68 39 3.2
      vertex -65.6569 44.6569 3.2
      vertex -66.3468 43.8701 3.2
    endloop
  endfacet
  facet normal 0 0 1
    outer loop
      vertex -64 -45.9282 3.2
      vertex -68 -39 3.2
      vertex -64.8701 -45.3468 3.2
    endloop
  endfacet
  facet normal 0 0 1
    outer loop
      vertex -68 39 3.2
      vertex -66.3468 43.8701 3.2
      vertex -66.9282 43 3.2
    endloop
  endfacet
  facet normal 0 0 1
    outer loop
      vertex -64.8701 -45.3468 3.2
      vertex -68 -39 3.2
      vertex -65.6569 -44.6569 3.2
    endloop
  endfacet
  facet normal 0 0 1
    outer loop
      vertex -68 39 3.2
      vertex -66.9282 43 3.2
      vertex -67.391 42.0615 3.2
    endloop
  endfacet
  facet normal 0 0 1
    outer loop
      vertex -65.6569 -44.6569 3.2
      vertex -68 -39 3.2
      vertex -66.3468 -43.8701 3.2
    endloop
  endfacet
  facet normal 0 0 1
    outer loop
      vertex -68 39 3.2
      vertex -67.391 42.0615 3.2
      vertex -67.7274 41.0706 3.2
    endloop
  endfacet
  facet normal 0 0 1
    outer loop
      vertex -66.3468 -43.8701 3.2
      vertex -68 -39 3.2
      vertex -66.9282 -43 3.2
    endloop
  endfacet
  facet normal 0 0 1
    outer loop
      vertex -68 39 3.2
      vertex -67.7274 41.0706 3.2
      vertex -67.9316 40.0442 3.2
    endloop
  endfacet
  facet normal 0 0 1
    outer loop
      vertex -66.9282 -43 3.2
      vertex -68 -39 3.2
      vertex -67.391 -42.0615 3.2
    endloop
  endfacet
  facet normal 0 0 1
    outer loop
      vertex -67.391 -42.0615 3.2
      vertex -68 -39 3.2
      vertex -67.7274 -41.0706 3.2
    endloop
  endfacet
  facet normal 0 0 1
    outer loop
      vertex -67.7274 -41.0706 3.2
      vertex -68 -39 3.2
      vertex -67.9316 -40.0442 3.2
    endloop
  endfacet
  facet normal -0 0 1
    outer loop
      vertex 22 16.25 3.2
      vertex 25 12 3.2
      vertex 22 19.75 3.2
    endloop
  endfacet
  facet normal 0 0 1
    outer loop
      vertex 22 16.25 3.2
      vertex 20.6699 9.5 3.2
      vertex 25 12 3.2
    endloop
  endfacet
  facet normal -0 0 1
    outer loop
      vertex 15.3301 9.5 3.2
      vertex 20.6699 4.5 3.2
      vertex 20.6699 9.5 3.2
    endloop
  endfacet
  facet normal 0 0 1
    outer loop
      vertex 15.3301 4.5 3.2
      vertex 20.6699 4.5 3.2
      vertex 15.3301 9.5 3.2
    endloop
  endfacet
  facet normal 0 0 1
    outer loop
      vertex 20.6699 4.5 3.2
      vertex 15.3301 4.5 3.2
      vertex 20.6699 -4.5 3.2
    endloop
  endfacet
  facet normal 0 0 1
    outer loop
      vertex 22 16.25 3.2
      vertex 15.3301 9.5 3.2
      vertex 20.6699 9.5 3.2
    endloop
  endfacet
  facet normal 0 0 1
    outer loop
      vertex 22 16.25 3.2
      vertex 11 12 3.2
      vertex 15.3301 9.5 3.2
    endloop
  endfacet
  facet normal -0 0 1
    outer loop
      vertex 8 16.25 3.2
      vertex 11 12 3.2
      vertex 22 16.25 3.2
    endloop
  endfacet
  facet normal 0 0 1
    outer loop
      vertex 11 12 3.2
      vertex 8 16.25 3.2
      vertex 6.66987 9.5 3.2
    endloop
  endfacet
  facet normal 0.0653646 0.997861 -0
    outer loop
      vertex 61.0442 46.9316 0
      vertex 60 47 3.2
      vertex 61.0442 46.9316 3.2
    endloop
  endfacet
  facet normal 0.0653646 0.997861 0
    outer loop
      vertex 60 47 3.2
      vertex 61.0442 46.9316 0
      vertex 60 47 0
    endloop
  endfacet
  facet normal 0 1 0
    outer loop
      vertex 60 47 3.2
      vertex 15.5 47 1.6
      vertex -60 47 3.2
    endloop
  endfacet
  facet normal 0 1 -0
    outer loop
      vertex 60 47 0
      vertex 15.5 47 1.6
      vertex 60 47 3.2
    endloop
  endfacet
  facet normal 0 1 0
    outer loop
      vertex 15.5 47 1.6
      vertex 60 47 0
      vertex 15.5 47 0
    endloop
  endfacet
  facet normal 0 1 -0
    outer loop
      vertex -31.5 47 1.6
      vertex -60 47 3.2
      vertex 15.5 47 1.6
    endloop
  endfacet
  facet normal 0 1 0
    outer loop
      vertex -60 47 0
      vertex -31.5 47 1.6
      vertex -31.5 47 0
    endloop
  endfacet
  facet normal 0 1 0
    outer loop
      vertex -31.5 47 1.6
      vertex -60 47 0
      vertex -60 47 3.2
    endloop
  endfacet
  facet normal -0.997861 0.0653646 0
    outer loop
      vertex -68 39 0
      vertex -67.9316 40.0442 3.2
      vertex -67.9316 40.0442 0
    endloop
  endfacet
  facet normal -0.997861 0.0653646 0
    outer loop
      vertex -67.9316 40.0442 3.2
      vertex -68 39 0
      vertex -68 39 3.2
    endloop
  endfacet
  facet normal 1 -0 0
    outer loop
      vertex 68 -39 3.2
      vertex 68 39 0
      vertex 68 39 3.2
    endloop
  endfacet
  facet normal 1 0 0
    outer loop
      vertex 68 39 0
      vertex 68 -39 3.2
      vertex 68 -39 0
    endloop
  endfacet
  facet normal 0 -1 0
    outer loop
      vertex 15.5 -47 1.6
      vertex -60 -47 3.2
      vertex -31.5 -47 1.6
    endloop
  endfacet
  facet normal 0 -1 0
    outer loop
      vertex -60 -47 0
      vertex -31.5 -47 1.6
      vertex -60 -47 3.2
    endloop
  endfacet
  facet normal 0 -1 -0
    outer loop
      vertex -31.5 -47 1.6
      vertex -60 -47 0
      vertex -31.5 -47 0
    endloop
  endfacet
  facet normal 0 -1 0
    outer loop
      vertex -60 -47 3.2
      vertex 15.5 -47 1.6
      vertex 60 -47 3.2
    endloop
  endfacet
  facet normal 0 -1 0
    outer loop
      vertex 60 -47 0
      vertex 15.5 -47 1.6
      vertex 15.5 -47 0
    endloop
  endfacet
  facet normal 0 -1 0
    outer loop
      vertex 15.5 -47 1.6
      vertex 60 -47 0
      vertex 60 -47 3.2
    endloop
  endfacet
  facet normal 0.831462 0.555582 0
    outer loop
      vertex 66.9282 43 3.2
      vertex 66.3468 43.8701 0
      vertex 66.3468 43.8701 3.2
    endloop
  endfacet
  facet normal 0.831462 0.555582 0
    outer loop
      vertex 66.3468 43.8701 0
      vertex 66.9282 43 3.2
      vertex 66.9282 43 0
    endloop
  endfacet
  facet normal 0.195124 0.980779 -0
    outer loop
      vertex 62.0706 46.7274 0
      vertex 61.0442 46.9316 3.2
      vertex 62.0706 46.7274 3.2
    endloop
  endfacet
  facet normal 0.195124 0.980779 0
    outer loop
      vertex 61.0442 46.9316 3.2
      vertex 62.0706 46.7274 0
      vertex 61.0442 46.9316 0
    endloop
  endfacet
  facet normal -0.75189 0.659289 0
    outer loop
      vertex -66.3468 43.8701 0
      vertex -65.6569 44.6569 3.2
      vertex -65.6569 44.6569 0
    endloop
  endfacet
  facet normal -0.75189 0.659289 0
    outer loop
      vertex -65.6569 44.6569 3.2
      vertex -66.3468 43.8701 0
      vertex -66.3468 43.8701 3.2
    endloop
  endfacet
  facet normal 0.75189 -0.659289 0
    outer loop
      vertex 65.6569 -44.6569 3.2
      vertex 66.3468 -43.8701 0
      vertex 66.3468 -43.8701 3.2
    endloop
  endfacet
  facet normal 0.75189 -0.659289 0
    outer loop
      vertex 66.3468 -43.8701 0
      vertex 65.6569 -44.6569 3.2
      vertex 65.6569 -44.6569 0
    endloop
  endfacet
  facet normal 0.997861 -0.0653646 0
    outer loop
      vertex 67.9316 -40.0442 3.2
      vertex 68 -39 0
      vertex 68 -39 3.2
    endloop
  endfacet
  facet normal 0.997861 -0.0653646 0
    outer loop
      vertex 68 -39 0
      vertex 67.9316 -40.0442 3.2
      vertex 67.9316 -40.0442 0
    endloop
  endfacet
  facet normal 0.442276 -0.896879 0
    outer loop
      vertex 63.0615 -46.391 0
      vertex 64 -45.9282 3.2
      vertex 63.0615 -46.391 3.2
    endloop
  endfacet
  facet normal 0.442276 -0.896879 0
    outer loop
      vertex 64 -45.9282 3.2
      vertex 63.0615 -46.391 0
      vertex 64 -45.9282 0
    endloop
  endfacet
  facet normal -0.195124 -0.980779 0
    outer loop
      vertex -62.0706 -46.7274 0
      vertex -61.0442 -46.9316 3.2
      vertex -62.0706 -46.7274 3.2
    endloop
  endfacet
  facet normal -0.195124 -0.980779 -0
    outer loop
      vertex -61.0442 -46.9316 3.2
      vertex -62.0706 -46.7274 0
      vertex -61.0442 -46.9316 0
    endloop
  endfacet
  facet normal 0.896879 0.442276 0
    outer loop
      vertex 67.391 42.0615 3.2
      vertex 66.9282 43 0
      vertex 66.9282 43 3.2
    endloop
  endfacet
  facet normal 0.896879 0.442276 0
    outer loop
      vertex 66.9282 43 0
      vertex 67.391 42.0615 3.2
      vertex 67.391 42.0615 0
    endloop
  endfacet
  facet normal 0.659289 0.75189 -0
    outer loop
      vertex 65.6569 44.6569 0
      vertex 64.8701 45.3468 3.2
      vertex 65.6569 44.6569 3.2
    endloop
  endfacet
  facet normal 0.659289 0.75189 0
    outer loop
      vertex 64.8701 45.3468 3.2
      vertex 65.6569 44.6569 0
      vertex 64.8701 45.3468 0
    endloop
  endfacet
  facet normal 0.555582 0.831462 -0
    outer loop
      vertex 64.8701 45.3468 0
      vertex 64 45.9282 3.2
      vertex 64.8701 45.3468 3.2
    endloop
  endfacet
  facet normal 0.555582 0.831462 0
    outer loop
      vertex 64 45.9282 3.2
      vertex 64.8701 45.3468 0
      vertex 64 45.9282 0
    endloop
  endfacet
  facet normal 0.442276 0.896879 -0
    outer loop
      vertex 64 45.9282 0
      vertex 63.0615 46.391 3.2
      vertex 64 45.9282 3.2
    endloop
  endfacet
  facet normal 0.442276 0.896879 0
    outer loop
      vertex 63.0615 46.391 3.2
      vertex 64 45.9282 0
      vertex 63.0615 46.391 0
    endloop
  endfacet
  facet normal -0.195124 0.980779 0
    outer loop
      vertex -61.0442 46.9316 0
      vertex -62.0706 46.7274 3.2
      vertex -61.0442 46.9316 3.2
    endloop
  endfacet
  facet normal -0.195124 0.980779 0
    outer loop
      vertex -62.0706 46.7274 3.2
      vertex -61.0442 46.9316 0
      vertex -62.0706 46.7274 0
    endloop
  endfacet
  facet normal -0.0653646 0.997861 0
    outer loop
      vertex -60 47 0
      vertex -61.0442 46.9316 3.2
      vertex -60 47 3.2
    endloop
  endfacet
  facet normal -0.0653646 0.997861 0
    outer loop
      vertex -61.0442 46.9316 3.2
      vertex -60 47 0
      vertex -61.0442 46.9316 0
    endloop
  endfacet
  facet normal -0.321469 0.94692 0
    outer loop
      vertex -62.0706 46.7274 0
      vertex -63.0615 46.391 3.2
      vertex -62.0706 46.7274 3.2
    endloop
  endfacet
  facet normal -0.321469 0.94692 0
    outer loop
      vertex -63.0615 46.391 3.2
      vertex -62.0706 46.7274 0
      vertex -63.0615 46.391 0
    endloop
  endfacet
  facet normal -0.659289 0.75189 0
    outer loop
      vertex -64.8701 45.3468 0
      vertex -65.6569 44.6569 3.2
      vertex -64.8701 45.3468 3.2
    endloop
  endfacet
  facet normal -0.659289 0.75189 0
    outer loop
      vertex -65.6569 44.6569 3.2
      vertex -64.8701 45.3468 0
      vertex -65.6569 44.6569 0
    endloop
  endfacet
  facet normal -0.555582 0.831462 0
    outer loop
      vertex -64 45.9282 0
      vertex -64.8701 45.3468 3.2
      vertex -64 45.9282 3.2
    endloop
  endfacet
  facet normal -0.555582 0.831462 0
    outer loop
      vertex -64.8701 45.3468 3.2
      vertex -64 45.9282 0
      vertex -64.8701 45.3468 0
    endloop
  endfacet
  facet normal -0.831462 0.555582 0
    outer loop
      vertex -66.9282 43 0
      vertex -66.3468 43.8701 3.2
      vertex -66.3468 43.8701 0
    endloop
  endfacet
  facet normal -0.831462 0.555582 0
    outer loop
      vertex -66.3468 43.8701 3.2
      vertex -66.9282 43 0
      vertex -66.9282 43 3.2
    endloop
  endfacet
  facet normal -0.896879 0.442276 0
    outer loop
      vertex -67.391 42.0615 0
      vertex -66.9282 43 3.2
      vertex -66.9282 43 0
    endloop
  endfacet
  facet normal -0.896879 0.442276 0
    outer loop
      vertex -66.9282 43 3.2
      vertex -67.391 42.0615 0
      vertex -67.391 42.0615 3.2
    endloop
  endfacet
  facet normal -0.980779 0.195124 0
    outer loop
      vertex -67.9316 40.0442 0
      vertex -67.7274 41.0706 3.2
      vertex -67.7274 41.0706 0
    endloop
  endfacet
  facet normal -0.980779 0.195124 0
    outer loop
      vertex -67.7274 41.0706 3.2
      vertex -67.9316 40.0442 0
      vertex -67.9316 40.0442 3.2
    endloop
  endfacet
  facet normal -0.94692 0.321469 0
    outer loop
      vertex -67.7274 41.0706 0
      vertex -67.391 42.0615 3.2
      vertex -67.391 42.0615 0
    endloop
  endfacet
  facet normal -0.94692 0.321469 0
    outer loop
      vertex -67.391 42.0615 3.2
      vertex -67.7274 41.0706 0
      vertex -67.7274 41.0706 3.2
    endloop
  endfacet
  facet normal 0.555582 -0.831462 0
    outer loop
      vertex 64 -45.9282 0
      vertex 64.8701 -45.3468 3.2
      vertex 64 -45.9282 3.2
    endloop
  endfacet
  facet normal 0.555582 -0.831462 0
    outer loop
      vertex 64.8701 -45.3468 3.2
      vertex 64 -45.9282 0
      vertex 64.8701 -45.3468 0
    endloop
  endfacet
  facet normal 0.659289 -0.75189 0
    outer loop
      vertex 64.8701 -45.3468 0
      vertex 65.6569 -44.6569 3.2
      vertex 64.8701 -45.3468 3.2
    endloop
  endfacet
  facet normal 0.659289 -0.75189 0
    outer loop
      vertex 65.6569 -44.6569 3.2
      vertex 64.8701 -45.3468 0
      vertex 65.6569 -44.6569 0
    endloop
  endfacet
  facet normal 0.896879 -0.442276 0
    outer loop
      vertex 66.9282 -43 3.2
      vertex 67.391 -42.0615 0
      vertex 67.391 -42.0615 3.2
    endloop
  endfacet
  facet normal 0.896879 -0.442276 0
    outer loop
      vertex 67.391 -42.0615 0
      vertex 66.9282 -43 3.2
      vertex 66.9282 -43 0
    endloop
  endfacet
  facet normal 0.980779 -0.195124 0
    outer loop
      vertex 67.7274 -41.0706 3.2
      vertex 67.9316 -40.0442 0
      vertex 67.9316 -40.0442 3.2
    endloop
  endfacet
  facet normal 0.980779 -0.195124 0
    outer loop
      vertex 67.9316 -40.0442 0
      vertex 67.7274 -41.0706 3.2
      vertex 67.7274 -41.0706 0
    endloop
  endfacet
  facet normal 0.94692 -0.321469 0
    outer loop
      vertex 67.391 -42.0615 3.2
      vertex 67.7274 -41.0706 0
      vertex 67.7274 -41.0706 3.2
    endloop
  endfacet
  facet normal 0.94692 -0.321469 0
    outer loop
      vertex 67.7274 -41.0706 0
      vertex 67.391 -42.0615 3.2
      vertex 67.391 -42.0615 0
    endloop
  endfacet
  facet normal 0.195124 -0.980779 0
    outer loop
      vertex 61.0442 -46.9316 0
      vertex 62.0706 -46.7274 3.2
      vertex 61.0442 -46.9316 3.2
    endloop
  endfacet
  facet normal 0.195124 -0.980779 0
    outer loop
      vertex 62.0706 -46.7274 3.2
      vertex 61.0442 -46.9316 0
      vertex 62.0706 -46.7274 0
    endloop
  endfacet
  facet normal 0.0653646 -0.997861 0
    outer loop
      vertex 60 -47 0
      vertex 61.0442 -46.9316 3.2
      vertex 60 -47 3.2
    endloop
  endfacet
  facet normal 0.0653646 -0.997861 0
    outer loop
      vertex 61.0442 -46.9316 3.2
      vertex 60 -47 0
      vertex 61.0442 -46.9316 0
    endloop
  endfacet
  facet normal 0.321469 -0.94692 0
    outer loop
      vertex 62.0706 -46.7274 0
      vertex 63.0615 -46.391 3.2
      vertex 62.0706 -46.7274 3.2
    endloop
  endfacet
  facet normal 0.321469 -0.94692 0
    outer loop
      vertex 63.0615 -46.391 3.2
      vertex 62.0706 -46.7274 0
      vertex 63.0615 -46.391 0
    endloop
  endfacet
  facet normal -0.442276 -0.896879 0
    outer loop
      vertex -64 -45.9282 0
      vertex -63.0615 -46.391 3.2
      vertex -64 -45.9282 3.2
    endloop
  endfacet
  facet normal -0.442276 -0.896879 -0
    outer loop
      vertex -63.0615 -46.391 3.2
      vertex -64 -45.9282 0
      vertex -63.0615 -46.391 0
    endloop
  endfacet
  facet normal -0.555582 -0.831462 0
    outer loop
      vertex -64.8701 -45.3468 0
      vertex -64 -45.9282 3.2
      vertex -64.8701 -45.3468 3.2
    endloop
  endfacet
  facet normal -0.555582 -0.831462 -0
    outer loop
      vertex -64 -45.9282 3.2
      vertex -64.8701 -45.3468 0
      vertex -64 -45.9282 0
    endloop
  endfacet
  facet normal -0.321469 -0.94692 0
    outer loop
      vertex -63.0615 -46.391 0
      vertex -62.0706 -46.7274 3.2
      vertex -63.0615 -46.391 3.2
    endloop
  endfacet
  facet normal -0.321469 -0.94692 -0
    outer loop
      vertex -62.0706 -46.7274 3.2
      vertex -63.0615 -46.391 0
      vertex -62.0706 -46.7274 0
    endloop
  endfacet
  facet normal -0.659289 -0.75189 0
    outer loop
      vertex -65.6569 -44.6569 0
      vertex -64.8701 -45.3468 3.2
      vertex -65.6569 -44.6569 3.2
    endloop
  endfacet
  facet normal -0.659289 -0.75189 -0
    outer loop
      vertex -64.8701 -45.3468 3.2
      vertex -65.6569 -44.6569 0
      vertex -64.8701 -45.3468 0
    endloop
  endfacet
  facet normal -0.94692 -0.321469 0
    outer loop
      vertex -67.391 -42.0615 0
      vertex -67.7274 -41.0706 3.2
      vertex -67.7274 -41.0706 0
    endloop
  endfacet
  facet normal -0.94692 -0.321469 0
    outer loop
      vertex -67.7274 -41.0706 3.2
      vertex -67.391 -42.0615 0
      vertex -67.391 -42.0615 3.2
    endloop
  endfacet
  facet normal 0.94692 0.321469 0
    outer loop
      vertex 67.7274 41.0706 3.2
      vertex 67.391 42.0615 0
      vertex 67.391 42.0615 3.2
    endloop
  endfacet
  facet normal 0.94692 0.321469 0
    outer loop
      vertex 67.391 42.0615 0
      vertex 67.7274 41.0706 3.2
      vertex 67.7274 41.0706 0
    endloop
  endfacet
  facet normal 0.980779 0.195124 0
    outer loop
      vertex 67.9316 40.0442 3.2
      vertex 67.7274 41.0706 0
      vertex 67.7274 41.0706 3.2
    endloop
  endfacet
  facet normal 0.980779 0.195124 0
    outer loop
      vertex 67.7274 41.0706 0
      vertex 67.9316 40.0442 3.2
      vertex 67.9316 40.0442 0
    endloop
  endfacet
  facet normal 0.75189 0.659289 0
    outer loop
      vertex 66.3468 43.8701 3.2
      vertex 65.6569 44.6569 0
      vertex 65.6569 44.6569 3.2
    endloop
  endfacet
  facet normal 0.75189 0.659289 0
    outer loop
      vertex 65.6569 44.6569 0
      vertex 66.3468 43.8701 3.2
      vertex 66.3468 43.8701 0
    endloop
  endfacet
  facet normal 0.321469 0.94692 -0
    outer loop
      vertex 63.0615 46.391 0
      vertex 62.0706 46.7274 3.2
      vertex 63.0615 46.391 3.2
    endloop
  endfacet
  facet normal 0.321469 0.94692 0
    outer loop
      vertex 62.0706 46.7274 3.2
      vertex 63.0615 46.391 0
      vertex 62.0706 46.7274 0
    endloop
  endfacet
  facet normal 0.831462 -0.555582 0
    outer loop
      vertex 66.3468 -43.8701 3.2
      vertex 66.9282 -43 0
      vertex 66.9282 -43 3.2
    endloop
  endfacet
  facet normal 0.831462 -0.555582 0
    outer loop
      vertex 66.9282 -43 0
      vertex 66.3468 -43.8701 3.2
      vertex 66.3468 -43.8701 0
    endloop
  endfacet
  facet normal -0.831462 -0.555582 0
    outer loop
      vertex -66.3468 -43.8701 0
      vertex -66.9282 -43 3.2
      vertex -66.9282 -43 0
    endloop
  endfacet
  facet normal -0.831462 -0.555582 0
    outer loop
      vertex -66.9282 -43 3.2
      vertex -66.3468 -43.8701 0
      vertex -66.3468 -43.8701 3.2
    endloop
  endfacet
  facet normal -0.896879 -0.442276 0
    outer loop
      vertex -66.9282 -43 0
      vertex -67.391 -42.0615 3.2
      vertex -67.391 -42.0615 0
    endloop
  endfacet
  facet normal -0.896879 -0.442276 0
    outer loop
      vertex -67.391 -42.0615 3.2
      vertex -66.9282 -43 0
      vertex -66.9282 -43 3.2
    endloop
  endfacet
  facet normal -0.0653646 -0.997861 0
    outer loop
      vertex -61.0442 -46.9316 0
      vertex -60 -47 3.2
      vertex -61.0442 -46.9316 3.2
    endloop
  endfacet
  facet normal -0.0653646 -0.997861 -0
    outer loop
      vertex -60 -47 3.2
      vertex -61.0442 -46.9316 0
      vertex -60 -47 0
    endloop
  endfacet
  facet normal -0.75189 -0.659289 0
    outer loop
      vertex -65.6569 -44.6569 0
      vertex -66.3468 -43.8701 3.2
      vertex -66.3468 -43.8701 0
    endloop
  endfacet
  facet normal -0.75189 -0.659289 0
    outer loop
      vertex -66.3468 -43.8701 3.2
      vertex -65.6569 -44.6569 0
      vertex -65.6569 -44.6569 3.2
    endloop
  endfacet
  facet normal 1 -0 0
    outer loop
      vertex -31.5 -47 1.6
      vertex -31.5 -32 0
      vertex -31.5 -32 1.6
    endloop
  endfacet
  facet normal 1 0 0
    outer loop
      vertex -31.5 -32 0
      vertex -31.5 -47 1.6
      vertex -31.5 -47 0
    endloop
  endfacet
  facet normal 0 0 -1
    outer loop
      vertex 1.09059 -43.5564 1.6
      vertex 15.5 -47 1.6
      vertex 1.1 -43.7 1.6
    endloop
  endfacet
  facet normal 0 0 -1
    outer loop
      vertex 15.5 -47 1.6
      vertex 1.09059 -43.8436 1.6
      vertex 1.1 -43.7 1.6
    endloop
  endfacet
  facet normal 0 0 -1
    outer loop
      vertex 15.5 -47 1.6
      vertex 1.06252 -43.9847 1.6
      vertex 1.09059 -43.8436 1.6
    endloop
  endfacet
  facet normal 0 0 -1
    outer loop
      vertex 15.5 -47 1.6
      vertex 1.01627 -44.121 1.6
      vertex 1.06252 -43.9847 1.6
    endloop
  endfacet
  facet normal 0 0 -1
    outer loop
      vertex 15.5 -47 1.6
      vertex 0.952627 -44.25 1.6
      vertex 1.01627 -44.121 1.6
    endloop
  endfacet
  facet normal 0 0 -1
    outer loop
      vertex 15.5 -47 1.6
      vertex 0.872688 -44.3696 1.6
      vertex 0.952627 -44.25 1.6
    endloop
  endfacet
  facet normal 0 0 -1
    outer loop
      vertex 15.5 -47 1.6
      vertex 0.777817 -44.4778 1.6
      vertex 0.872688 -44.3696 1.6
    endloop
  endfacet
  facet normal 0 0 -1
    outer loop
      vertex 15.5 -47 1.6
      vertex 0.669637 -44.5727 1.6
      vertex 0.777817 -44.4778 1.6
    endloop
  endfacet
  facet normal 0 0 -1
    outer loop
      vertex 15.5 -47 1.6
      vertex 0.549999 -44.6526 1.6
      vertex 0.669637 -44.5727 1.6
    endloop
  endfacet
  facet normal 0 0 -1
    outer loop
      vertex 15.5 -47 1.6
      vertex 0.420951 -44.7163 1.6
      vertex 0.549999 -44.6526 1.6
    endloop
  endfacet
  facet normal 0 0 -1
    outer loop
      vertex 15.5 -47 1.6
      vertex 0.2847 -44.7625 1.6
      vertex 0.420951 -44.7163 1.6
    endloop
  endfacet
  facet normal 0 0 -1
    outer loop
      vertex 15.5 -47 1.6
      vertex 0.143579 -44.7906 1.6
      vertex 0.2847 -44.7625 1.6
    endloop
  endfacet
  facet normal 0 0 -1
    outer loop
      vertex 15.5 -47 1.6
      vertex 0 -44.8 1.6
      vertex 0.143579 -44.7906 1.6
    endloop
  endfacet
  facet normal 0 0 -1
    outer loop
      vertex 15.5 -47 1.6
      vertex -0.143579 -44.7906 1.6
      vertex 0 -44.8 1.6
    endloop
  endfacet
  facet normal 0 0 -1
    outer loop
      vertex -1.09059 -43.8436 1.6
      vertex -14.9 -43.7 1.6
      vertex -1.1 -43.7 1.6
    endloop
  endfacet
  facet normal 0 0 -1
    outer loop
      vertex -14.9094 -43.8436 1.6
      vertex -1.09059 -43.8436 1.6
      vertex -1.06252 -43.9847 1.6
    endloop
  endfacet
  facet normal 0 0 -1
    outer loop
      vertex -14.9375 -43.9847 1.6
      vertex -1.06252 -43.9847 1.6
      vertex -1.01627 -44.121 1.6
    endloop
  endfacet
  facet normal 0 0 -1
    outer loop
      vertex -14.9837 -44.121 1.6
      vertex -1.01627 -44.121 1.6
      vertex -0.952627 -44.25 1.6
    endloop
  endfacet
  facet normal 0 0 -1
    outer loop
      vertex -15.0474 -44.25 1.6
      vertex -0.952627 -44.25 1.6
      vertex -0.872688 -44.3696 1.6
    endloop
  endfacet
  facet normal 0 0 -1
    outer loop
      vertex -15.1273 -44.3696 1.6
      vertex -0.872688 -44.3696 1.6
      vertex -0.777817 -44.4778 1.6
    endloop
  endfacet
  facet normal 0 0 -1
    outer loop
      vertex -15.2222 -44.4778 1.6
      vertex -0.777817 -44.4778 1.6
      vertex -0.669637 -44.5727 1.6
    endloop
  endfacet
  facet normal 0 0 -1
    outer loop
      vertex -15.3304 -44.5727 1.6
      vertex -0.669637 -44.5727 1.6
      vertex -0.549999 -44.6526 1.6
    endloop
  endfacet
  facet normal 0 0 -1
    outer loop
      vertex -15.45 -44.6526 1.6
      vertex -0.549999 -44.6526 1.6
      vertex -0.420951 -44.7163 1.6
    endloop
  endfacet
  facet normal 0 0 -1
    outer loop
      vertex -15.579 -44.7163 1.6
      vertex -0.420951 -44.7163 1.6
      vertex -0.2847 -44.7625 1.6
    endloop
  endfacet
  facet normal 0 0 -1
    outer loop
      vertex -15.7153 -44.7625 1.6
      vertex -0.2847 -44.7625 1.6
      vertex -0.143579 -44.7906 1.6
    endloop
  endfacet
  facet normal 0 0 -1
    outer loop
      vertex -15.8564 -44.7906 1.6
      vertex -0.143579 -44.7906 1.6
      vertex 15.5 -47 1.6
    endloop
  endfacet
  facet normal 0 0 -1
    outer loop
      vertex -1.09059 -43.8436 1.6
      vertex -14.9094 -43.8436 1.6
      vertex -14.9 -43.7 1.6
    endloop
  endfacet
  facet normal 0 0 -1
    outer loop
      vertex -1.06252 -43.9847 1.6
      vertex -14.9375 -43.9847 1.6
      vertex -14.9094 -43.8436 1.6
    endloop
  endfacet
  facet normal 0 0 -1
    outer loop
      vertex -1.01627 -44.121 1.6
      vertex -14.9837 -44.121 1.6
      vertex -14.9375 -43.9847 1.6
    endloop
  endfacet
  facet normal 0 0 -1
    outer loop
      vertex -0.952627 -44.25 1.6
      vertex -15.0474 -44.25 1.6
      vertex -14.9837 -44.121 1.6
    endloop
  endfacet
  facet normal 0 0 -1
    outer loop
      vertex -0.872688 -44.3696 1.6
      vertex -15.1273 -44.3696 1.6
      vertex -15.0474 -44.25 1.6
    endloop
  endfacet
  facet normal 0 0 -1
    outer loop
      vertex -0.777817 -44.4778 1.6
      vertex -15.2222 -44.4778 1.6
      vertex -15.1273 -44.3696 1.6
    endloop
  endfacet
  facet normal 0 0 -1
    outer loop
      vertex -0.669637 -44.5727 1.6
      vertex -15.3304 -44.5727 1.6
      vertex -15.2222 -44.4778 1.6
    endloop
  endfacet
  facet normal 0 0 -1
    outer loop
      vertex -0.549999 -44.6526 1.6
      vertex -15.45 -44.6526 1.6
      vertex -15.3304 -44.5727 1.6
    endloop
  endfacet
  facet normal 0 0 -1
    outer loop
      vertex -0.420951 -44.7163 1.6
      vertex -15.579 -44.7163 1.6
      vertex -15.45 -44.6526 1.6
    endloop
  endfacet
  facet normal 0 0 -1
    outer loop
      vertex -0.2847 -44.7625 1.6
      vertex -15.7153 -44.7625 1.6
      vertex -15.579 -44.7163 1.6
    endloop
  endfacet
  facet normal 0 0 -1
    outer loop
      vertex -0.143579 -44.7906 1.6
      vertex -15.8564 -44.7906 1.6
      vertex -15.7153 -44.7625 1.6
    endloop
  endfacet
  facet normal 0 0 -1
    outer loop
      vertex 15.5 -47 1.6
      vertex -16 -44.8 1.6
      vertex -15.8564 -44.7906 1.6
    endloop
  endfacet
  facet normal 0 0 -1
    outer loop
      vertex -31.5 -47 1.6
      vertex -16 -44.8 1.6
      vertex 15.5 -47 1.6
    endloop
  endfacet
  facet normal -0 0 -1
    outer loop
      vertex -17.0906 -43.8436 1.6
      vertex -31.5 -47 1.6
      vertex -17.1 -43.7 1.6
    endloop
  endfacet
  facet normal -0 0 -1
    outer loop
      vertex -17.0625 -43.9847 1.6
      vertex -31.5 -47 1.6
      vertex -17.0906 -43.8436 1.6
    endloop
  endfacet
  facet normal -0 0 -1
    outer loop
      vertex -17.0163 -44.121 1.6
      vertex -31.5 -47 1.6
      vertex -17.0625 -43.9847 1.6
    endloop
  endfacet
  facet normal -0 0 -1
    outer loop
      vertex -16.9526 -44.25 1.6
      vertex -31.5 -47 1.6
      vertex -17.0163 -44.121 1.6
    endloop
  endfacet
  facet normal -0 0 -1
    outer loop
      vertex -16.8727 -44.3696 1.6
      vertex -31.5 -47 1.6
      vertex -16.9526 -44.25 1.6
    endloop
  endfacet
  facet normal -0 0 -1
    outer loop
      vertex -16.7778 -44.4778 1.6
      vertex -31.5 -47 1.6
      vertex -16.8727 -44.3696 1.6
    endloop
  endfacet
  facet normal -0 0 -1
    outer loop
      vertex -16.6696 -44.5727 1.6
      vertex -31.5 -47 1.6
      vertex -16.7778 -44.4778 1.6
    endloop
  endfacet
  facet normal -0 0 -1
    outer loop
      vertex -16.55 -44.6526 1.6
      vertex -31.5 -47 1.6
      vertex -16.6696 -44.5727 1.6
    endloop
  endfacet
  facet normal -0 0 -1
    outer loop
      vertex -16.421 -44.7163 1.6
      vertex -31.5 -47 1.6
      vertex -16.55 -44.6526 1.6
    endloop
  endfacet
  facet normal -0 0 -1
    outer loop
      vertex -16.2847 -44.7625 1.6
      vertex -31.5 -47 1.6
      vertex -16.421 -44.7163 1.6
    endloop
  endfacet
  facet normal -0 0 -1
    outer loop
      vertex -16.1436 -44.7906 1.6
      vertex -31.5 -47 1.6
      vertex -16.2847 -44.7625 1.6
    endloop
  endfacet
  facet normal -0 0 -1
    outer loop
      vertex -16 -44.8 1.6
      vertex -31.5 -47 1.6
      vertex -16.1436 -44.7906 1.6
    endloop
  endfacet
  facet normal 0 0 -1
    outer loop
      vertex 1.06252 -43.4153 1.6
      vertex 15.5 -47 1.6
      vertex 1.09059 -43.5564 1.6
    endloop
  endfacet
  facet normal 0 0 -1
    outer loop
      vertex 1.01627 -43.279 1.6
      vertex 15.5 -47 1.6
      vertex 1.06252 -43.4153 1.6
    endloop
  endfacet
  facet normal 0 0 -1
    outer loop
      vertex 15.5 -47 1.6
      vertex 1.01627 -43.279 1.6
      vertex 15.5 -32 1.6
    endloop
  endfacet
  facet normal 0 0 -1
    outer loop
      vertex 0.952627 -43.15 1.6
      vertex 15.5 -32 1.6
      vertex 1.01627 -43.279 1.6
    endloop
  endfacet
  facet normal 0 0 -1
    outer loop
      vertex 0.872688 -43.0304 1.6
      vertex 15.5 -32 1.6
      vertex 0.952627 -43.15 1.6
    endloop
  endfacet
  facet normal 0 0 -1
    outer loop
      vertex 0.777817 -42.9222 1.6
      vertex 15.5 -32 1.6
      vertex 0.872688 -43.0304 1.6
    endloop
  endfacet
  facet normal 0 0 -1
    outer loop
      vertex 0.669637 -42.8273 1.6
      vertex 15.5 -32 1.6
      vertex 0.777817 -42.9222 1.6
    endloop
  endfacet
  facet normal 0 0 -1
    outer loop
      vertex 0.549999 -42.7474 1.6
      vertex 15.5 -32 1.6
      vertex 0.669637 -42.8273 1.6
    endloop
  endfacet
  facet normal 0 0 -1
    outer loop
      vertex 0.420951 -42.6837 1.6
      vertex 15.5 -32 1.6
      vertex 0.549999 -42.7474 1.6
    endloop
  endfacet
  facet normal 0 0 -1
    outer loop
      vertex 0.2847 -42.6375 1.6
      vertex 15.5 -32 1.6
      vertex 0.420951 -42.6837 1.6
    endloop
  endfacet
  facet normal 0 0 -1
    outer loop
      vertex 0.143579 -42.6094 1.6
      vertex 15.5 -32 1.6
      vertex 0.2847 -42.6375 1.6
    endloop
  endfacet
  facet normal 0 0 -1
    outer loop
      vertex 0 -42.6 1.6
      vertex 15.5 -32 1.6
      vertex 0.143579 -42.6094 1.6
    endloop
  endfacet
  facet normal 0 0 -1
    outer loop
      vertex -0.143579 -42.6094 1.6
      vertex 15.5 -32 1.6
      vertex 0 -42.6 1.6
    endloop
  endfacet
  facet normal 0 0 -1
    outer loop
      vertex -0.2847 -42.6375 1.6
      vertex 15.5 -32 1.6
      vertex -0.143579 -42.6094 1.6
    endloop
  endfacet
  facet normal 0 0 -1
    outer loop
      vertex -15.7153 -42.6375 1.6
      vertex -0.2847 -42.6375 1.6
      vertex -0.420951 -42.6837 1.6
    endloop
  endfacet
  facet normal 0 0 -1
    outer loop
      vertex -15.579 -42.6837 1.6
      vertex -0.420951 -42.6837 1.6
      vertex -0.549999 -42.7474 1.6
    endloop
  endfacet
  facet normal 0 0 -1
    outer loop
      vertex -15.45 -42.7474 1.6
      vertex -0.549999 -42.7474 1.6
      vertex -0.669637 -42.8273 1.6
    endloop
  endfacet
  facet normal 0 0 -1
    outer loop
      vertex -14.9 -43.7 1.6
      vertex -1.09059 -43.5564 1.6
      vertex -1.1 -43.7 1.6
    endloop
  endfacet
  facet normal 0 0 -1
    outer loop
      vertex -14.9094 -43.5564 1.6
      vertex -1.09059 -43.5564 1.6
      vertex -14.9 -43.7 1.6
    endloop
  endfacet
  facet normal 0 0 -1
    outer loop
      vertex -1.09059 -43.5564 1.6
      vertex -14.9094 -43.5564 1.6
      vertex -1.06252 -43.4153 1.6
    endloop
  endfacet
  facet normal 0 0 -1
    outer loop
      vertex -14.9375 -43.4153 1.6
      vertex -1.06252 -43.4153 1.6
      vertex -14.9094 -43.5564 1.6
    endloop
  endfacet
  facet normal 0 0 -1
    outer loop
      vertex -1.06252 -43.4153 1.6
      vertex -14.9375 -43.4153 1.6
      vertex -1.01627 -43.279 1.6
    endloop
  endfacet
  facet normal 0 0 -1
    outer loop
      vertex -14.9837 -43.279 1.6
      vertex -1.01627 -43.279 1.6
      vertex -14.9375 -43.4153 1.6
    endloop
  endfacet
  facet normal 0 0 -1
    outer loop
      vertex -1.01627 -43.279 1.6
      vertex -14.9837 -43.279 1.6
      vertex -0.952627 -43.15 1.6
    endloop
  endfacet
  facet normal 0 0 -1
    outer loop
      vertex -15.0474 -43.15 1.6
      vertex -0.952627 -43.15 1.6
      vertex -14.9837 -43.279 1.6
    endloop
  endfacet
  facet normal 0 0 -1
    outer loop
      vertex -0.952627 -43.15 1.6
      vertex -15.0474 -43.15 1.6
      vertex -0.872688 -43.0304 1.6
    endloop
  endfacet
  facet normal 0 0 -1
    outer loop
      vertex -15.1273 -43.0304 1.6
      vertex -0.872688 -43.0304 1.6
      vertex -15.0474 -43.15 1.6
    endloop
  endfacet
  facet normal 0 0 -1
    outer loop
      vertex -0.872688 -43.0304 1.6
      vertex -15.1273 -43.0304 1.6
      vertex -0.777817 -42.9222 1.6
    endloop
  endfacet
  facet normal 0 0 -1
    outer loop
      vertex -15.2222 -42.9222 1.6
      vertex -0.777817 -42.9222 1.6
      vertex -15.1273 -43.0304 1.6
    endloop
  endfacet
  facet normal 0 0 -1
    outer loop
      vertex -0.777817 -42.9222 1.6
      vertex -15.2222 -42.9222 1.6
      vertex -0.669637 -42.8273 1.6
    endloop
  endfacet
  facet normal 0 0 -1
    outer loop
      vertex -15.3304 -42.8273 1.6
      vertex -0.669637 -42.8273 1.6
      vertex -15.2222 -42.9222 1.6
    endloop
  endfacet
  facet normal 0 0 -1
    outer loop
      vertex -15.45 -42.7474 1.6
      vertex -0.669637 -42.8273 1.6
      vertex -15.3304 -42.8273 1.6
    endloop
  endfacet
  facet normal 0 0 -1
    outer loop
      vertex -0.549999 -42.7474 1.6
      vertex -15.45 -42.7474 1.6
      vertex -15.579 -42.6837 1.6
    endloop
  endfacet
  facet normal 0 0 -1
    outer loop
      vertex -0.420951 -42.6837 1.6
      vertex -15.579 -42.6837 1.6
      vertex -15.7153 -42.6375 1.6
    endloop
  endfacet
  facet normal 0 0 -1
    outer loop
      vertex -0.2847 -42.6375 1.6
      vertex -15.7153 -42.6375 1.6
      vertex 15.5 -32 1.6
    endloop
  endfacet
  facet normal 0 0 -1
    outer loop
      vertex -31.5 -32 1.6
      vertex -15.7153 -42.6375 1.6
      vertex -15.8564 -42.6094 1.6
    endloop
  endfacet
  facet normal 0 0 -1
    outer loop
      vertex -31.5 -32 1.6
      vertex -15.8564 -42.6094 1.6
      vertex -16 -42.6 1.6
    endloop
  endfacet
  facet normal 0 0 -1
    outer loop
      vertex -31.5 -32 1.6
      vertex -16 -42.6 1.6
      vertex -16.1436 -42.6094 1.6
    endloop
  endfacet
  facet normal 0 0 -1
    outer loop
      vertex -31.5 -32 1.6
      vertex -16.1436 -42.6094 1.6
      vertex -16.2847 -42.6375 1.6
    endloop
  endfacet
  facet normal 0 0 -1
    outer loop
      vertex -31.5 -47 1.6
      vertex -17.0906 -43.5564 1.6
      vertex -17.1 -43.7 1.6
    endloop
  endfacet
  facet normal 0 0 -1
    outer loop
      vertex -31.5 -47 1.6
      vertex -17.0625 -43.4153 1.6
      vertex -17.0906 -43.5564 1.6
    endloop
  endfacet
  facet normal 0 0 -1
    outer loop
      vertex -31.5 -47 1.6
      vertex -17.0163 -43.279 1.6
      vertex -17.0625 -43.4153 1.6
    endloop
  endfacet
  facet normal 0 0 -1
    outer loop
      vertex -31.5 -32 1.6
      vertex -17.0163 -43.279 1.6
      vertex -31.5 -47 1.6
    endloop
  endfacet
  facet normal 0 0 -1
    outer loop
      vertex -17.0163 -43.279 1.6
      vertex -31.5 -32 1.6
      vertex -16.9526 -43.15 1.6
    endloop
  endfacet
  facet normal 0 0 -1
    outer loop
      vertex -16.9526 -43.15 1.6
      vertex -31.5 -32 1.6
      vertex -16.8727 -43.0304 1.6
    endloop
  endfacet
  facet normal 0 0 -1
    outer loop
      vertex -16.8727 -43.0304 1.6
      vertex -31.5 -32 1.6
      vertex -16.7778 -42.9222 1.6
    endloop
  endfacet
  facet normal 0 0 -1
    outer loop
      vertex -16.7778 -42.9222 1.6
      vertex -31.5 -32 1.6
      vertex -16.6696 -42.8273 1.6
    endloop
  endfacet
  facet normal 0 0 -1
    outer loop
      vertex -16.6696 -42.8273 1.6
      vertex -31.5 -32 1.6
      vertex -16.55 -42.7474 1.6
    endloop
  endfacet
  facet normal 0 0 -1
    outer loop
      vertex -16.55 -42.7474 1.6
      vertex -31.5 -32 1.6
      vertex -16.421 -42.6837 1.6
    endloop
  endfacet
  facet normal 0 0 -1
    outer loop
      vertex -16.421 -42.6837 1.6
      vertex -31.5 -32 1.6
      vertex -16.2847 -42.6375 1.6
    endloop
  endfacet
  facet normal 0 0 -1
    outer loop
      vertex -15.7153 -42.6375 1.6
      vertex -31.5 -32 1.6
      vertex 15.5 -32 1.6
    endloop
  endfacet
  facet normal -1 0 0
    outer loop
      vertex 15.5 -47 0
      vertex 15.5 -32 1.6
      vertex 15.5 -32 0
    endloop
  endfacet
  facet normal -1 -0 0
    outer loop
      vertex 15.5 -32 1.6
      vertex 15.5 -47 0
      vertex 15.5 -47 1.6
    endloop
  endfacet
  facet normal 0 -1 0
    outer loop
      vertex -31.5 -32 0
      vertex 15.5 -32 1.6
      vertex -31.5 -32 1.6
    endloop
  endfacet
  facet normal 0 -1 -0
    outer loop
      vertex 15.5 -32 1.6
      vertex -31.5 -32 0
      vertex 15.5 -32 0
    endloop
  endfacet
  facet normal 1 -0 0
    outer loop
      vertex -31.5 32 1.6
      vertex -31.5 47 0
      vertex -31.5 47 1.6
    endloop
  endfacet
  facet normal 1 0 0
    outer loop
      vertex -31.5 47 0
      vertex -31.5 32 1.6
      vertex -31.5 32 0
    endloop
  endfacet
  facet normal 0 0 -1
    outer loop
      vertex 1.01627 43.279 1.6
      vertex 15.5 47 1.6
      vertex 15.5 32 1.6
    endloop
  endfacet
  facet normal 0 0 -1
    outer loop
      vertex 15.5 47 1.6
      vertex 1.09059 43.5564 1.6
      vertex 1.1 43.7 1.6
    endloop
  endfacet
  facet normal 0 0 -1
    outer loop
      vertex 15.5 47 1.6
      vertex 1.06252 43.4153 1.6
      vertex 1.09059 43.5564 1.6
    endloop
  endfacet
  facet normal 0 0 -1
    outer loop
      vertex 15.5 47 1.6
      vertex 1.01627 43.279 1.6
      vertex 1.06252 43.4153 1.6
    endloop
  endfacet
  facet normal 0 0 -1
    outer loop
      vertex 15.5 32 1.6
      vertex 0.952627 43.15 1.6
      vertex 1.01627 43.279 1.6
    endloop
  endfacet
  facet normal 0 0 -1
    outer loop
      vertex 15.5 32 1.6
      vertex 0.872688 43.0304 1.6
      vertex 0.952627 43.15 1.6
    endloop
  endfacet
  facet normal 0 0 -1
    outer loop
      vertex 15.5 32 1.6
      vertex 0.777817 42.9222 1.6
      vertex 0.872688 43.0304 1.6
    endloop
  endfacet
  facet normal 0 0 -1
    outer loop
      vertex 15.5 32 1.6
      vertex 0.669637 42.8273 1.6
      vertex 0.777817 42.9222 1.6
    endloop
  endfacet
  facet normal 0 0 -1
    outer loop
      vertex 15.5 32 1.6
      vertex 0.549999 42.7474 1.6
      vertex 0.669637 42.8273 1.6
    endloop
  endfacet
  facet normal 0 0 -1
    outer loop
      vertex 15.5 32 1.6
      vertex 0.420951 42.6837 1.6
      vertex 0.549999 42.7474 1.6
    endloop
  endfacet
  facet normal 0 0 -1
    outer loop
      vertex 15.5 32 1.6
      vertex 0.2847 42.6375 1.6
      vertex 0.420951 42.6837 1.6
    endloop
  endfacet
  facet normal 0 0 -1
    outer loop
      vertex 15.5 32 1.6
      vertex 0.143579 42.6094 1.6
      vertex 0.2847 42.6375 1.6
    endloop
  endfacet
  facet normal 0 0 -1
    outer loop
      vertex 15.5 32 1.6
      vertex 0 42.6 1.6
      vertex 0.143579 42.6094 1.6
    endloop
  endfacet
  facet normal 0 0 -1
    outer loop
      vertex 15.5 32 1.6
      vertex -0.143579 42.6094 1.6
      vertex 0 42.6 1.6
    endloop
  endfacet
  facet normal 0 0 -1
    outer loop
      vertex 15.5 32 1.6
      vertex -0.2847 42.6375 1.6
      vertex -0.143579 42.6094 1.6
    endloop
  endfacet
  facet normal 0 0 -1
    outer loop
      vertex -15.7153 42.6375 1.6
      vertex -0.2847 42.6375 1.6
      vertex 15.5 32 1.6
    endloop
  endfacet
  facet normal 0 0 -1
    outer loop
      vertex -0.2847 42.6375 1.6
      vertex -15.7153 42.6375 1.6
      vertex -0.420951 42.6837 1.6
    endloop
  endfacet
  facet normal 0 -0 -1
    outer loop
      vertex -15.579 42.6837 1.6
      vertex -0.420951 42.6837 1.6
      vertex -15.7153 42.6375 1.6
    endloop
  endfacet
  facet normal 0 0 -1
    outer loop
      vertex -1.09059 43.5564 1.6
      vertex -14.9 43.7 1.6
      vertex -1.1 43.7 1.6
    endloop
  endfacet
  facet normal 0 0 -1
    outer loop
      vertex -14.9094 43.5564 1.6
      vertex -1.09059 43.5564 1.6
      vertex -1.06252 43.4153 1.6
    endloop
  endfacet
  facet normal 0 0 -1
    outer loop
      vertex -14.9375 43.4153 1.6
      vertex -1.06252 43.4153 1.6
      vertex -1.01627 43.279 1.6
    endloop
  endfacet
  facet normal 0 0 -1
    outer loop
      vertex -14.9837 43.279 1.6
      vertex -1.01627 43.279 1.6
      vertex -0.952627 43.15 1.6
    endloop
  endfacet
  facet normal 0 0 -1
    outer loop
      vertex -15.0474 43.15 1.6
      vertex -0.952627 43.15 1.6
      vertex -0.872688 43.0304 1.6
    endloop
  endfacet
  facet normal 0 0 -1
    outer loop
      vertex -15.1273 43.0304 1.6
      vertex -0.872688 43.0304 1.6
      vertex -0.777817 42.9222 1.6
    endloop
  endfacet
  facet normal 0 0 -1
    outer loop
      vertex -15.2222 42.9222 1.6
      vertex -0.777817 42.9222 1.6
      vertex -0.669637 42.8273 1.6
    endloop
  endfacet
  facet normal 0 0 -1
    outer loop
      vertex -0.420951 42.6837 1.6
      vertex -15.579 42.6837 1.6
      vertex -0.549999 42.7474 1.6
    endloop
  endfacet
  facet normal 0 0 -1
    outer loop
      vertex -1.09059 43.5564 1.6
      vertex -14.9094 43.5564 1.6
      vertex -14.9 43.7 1.6
    endloop
  endfacet
  facet normal 0 0 -1
    outer loop
      vertex -1.06252 43.4153 1.6
      vertex -14.9375 43.4153 1.6
      vertex -14.9094 43.5564 1.6
    endloop
  endfacet
  facet normal 0 0 -1
    outer loop
      vertex -1.01627 43.279 1.6
      vertex -14.9837 43.279 1.6
      vertex -14.9375 43.4153 1.6
    endloop
  endfacet
  facet normal 0 0 -1
    outer loop
      vertex -0.952627 43.15 1.6
      vertex -15.0474 43.15 1.6
      vertex -14.9837 43.279 1.6
    endloop
  endfacet
  facet normal 0 0 -1
    outer loop
      vertex -0.872688 43.0304 1.6
      vertex -15.1273 43.0304 1.6
      vertex -15.0474 43.15 1.6
    endloop
  endfacet
  facet normal 0 0 -1
    outer loop
      vertex -0.777817 42.9222 1.6
      vertex -15.2222 42.9222 1.6
      vertex -15.1273 43.0304 1.6
    endloop
  endfacet
  facet normal 0 0 -1
    outer loop
      vertex -0.669637 42.8273 1.6
      vertex -15.3304 42.8273 1.6
      vertex -15.2222 42.9222 1.6
    endloop
  endfacet
  facet normal -0 0 -1
    outer loop
      vertex -0.669637 42.8273 1.6
      vertex -15.45 42.7474 1.6
      vertex -15.3304 42.8273 1.6
    endloop
  endfacet
  facet normal 0 0 -1
    outer loop
      vertex -0.549999 42.7474 1.6
      vertex -15.45 42.7474 1.6
      vertex -0.669637 42.8273 1.6
    endloop
  endfacet
  facet normal 0 -0 -1
    outer loop
      vertex -15.45 42.7474 1.6
      vertex -0.549999 42.7474 1.6
      vertex -15.579 42.6837 1.6
    endloop
  endfacet
  facet normal 0 0 -1
    outer loop
      vertex -31.5 32 1.6
      vertex -15.7153 42.6375 1.6
      vertex 15.5 32 1.6
    endloop
  endfacet
  facet normal 0 0 -1
    outer loop
      vertex -15.7153 42.6375 1.6
      vertex -31.5 32 1.6
      vertex -15.8564 42.6094 1.6
    endloop
  endfacet
  facet normal 0 0 -1
    outer loop
      vertex -15.8564 42.6094 1.6
      vertex -31.5 32 1.6
      vertex -16 42.6 1.6
    endloop
  endfacet
  facet normal -0 0 -1
    outer loop
      vertex -16 42.6 1.6
      vertex -31.5 32 1.6
      vertex -16.1436 42.6094 1.6
    endloop
  endfacet
  facet normal 0 0 -1
    outer loop
      vertex -17.0625 43.4153 1.6
      vertex -31.5 47 1.6
      vertex -17.0906 43.5564 1.6
    endloop
  endfacet
  facet normal 0 0 -1
    outer loop
      vertex -17.0163 43.279 1.6
      vertex -31.5 47 1.6
      vertex -17.0625 43.4153 1.6
    endloop
  endfacet
  facet normal 0 0 -1
    outer loop
      vertex -31.5 47 1.6
      vertex -17.0163 43.279 1.6
      vertex -31.5 32 1.6
    endloop
  endfacet
  facet normal -0 0 -1
    outer loop
      vertex -16.9526 43.15 1.6
      vertex -31.5 32 1.6
      vertex -17.0163 43.279 1.6
    endloop
  endfacet
  facet normal -0 0 -1
    outer loop
      vertex -16.8727 43.0304 1.6
      vertex -31.5 32 1.6
      vertex -16.9526 43.15 1.6
    endloop
  endfacet
  facet normal -0 0 -1
    outer loop
      vertex -16.7778 42.9222 1.6
      vertex -31.5 32 1.6
      vertex -16.8727 43.0304 1.6
    endloop
  endfacet
  facet normal -0 0 -1
    outer loop
      vertex -16.6696 42.8273 1.6
      vertex -31.5 32 1.6
      vertex -16.7778 42.9222 1.6
    endloop
  endfacet
  facet normal -0 0 -1
    outer loop
      vertex -16.55 42.7474 1.6
      vertex -31.5 32 1.6
      vertex -16.6696 42.8273 1.6
    endloop
  endfacet
  facet normal -0 0 -1
    outer loop
      vertex -16.421 42.6837 1.6
      vertex -31.5 32 1.6
      vertex -16.55 42.7474 1.6
    endloop
  endfacet
  facet normal -0 0 -1
    outer loop
      vertex -16.2847 42.6375 1.6
      vertex -31.5 32 1.6
      vertex -16.421 42.6837 1.6
    endloop
  endfacet
  facet normal -0 0 -1
    outer loop
      vertex -16.1436 42.6094 1.6
      vertex -31.5 32 1.6
      vertex -16.2847 42.6375 1.6
    endloop
  endfacet
  facet normal 0 0 -1
    outer loop
      vertex 1.09059 43.8436 1.6
      vertex 15.5 47 1.6
      vertex 1.1 43.7 1.6
    endloop
  endfacet
  facet normal 0 0 -1
    outer loop
      vertex 1.06252 43.9847 1.6
      vertex 15.5 47 1.6
      vertex 1.09059 43.8436 1.6
    endloop
  endfacet
  facet normal 0 0 -1
    outer loop
      vertex 1.01627 44.121 1.6
      vertex 15.5 47 1.6
      vertex 1.06252 43.9847 1.6
    endloop
  endfacet
  facet normal 0 0 -1
    outer loop
      vertex 0.952627 44.25 1.6
      vertex 15.5 47 1.6
      vertex 1.01627 44.121 1.6
    endloop
  endfacet
  facet normal 0 0 -1
    outer loop
      vertex 0.872688 44.3696 1.6
      vertex 15.5 47 1.6
      vertex 0.952627 44.25 1.6
    endloop
  endfacet
  facet normal 0 0 -1
    outer loop
      vertex 0.777817 44.4778 1.6
      vertex 15.5 47 1.6
      vertex 0.872688 44.3696 1.6
    endloop
  endfacet
  facet normal 0 0 -1
    outer loop
      vertex 0.669637 44.5727 1.6
      vertex 15.5 47 1.6
      vertex 0.777817 44.4778 1.6
    endloop
  endfacet
  facet normal 0 0 -1
    outer loop
      vertex 0.549999 44.6526 1.6
      vertex 15.5 47 1.6
      vertex 0.669637 44.5727 1.6
    endloop
  endfacet
  facet normal 0 0 -1
    outer loop
      vertex 0.420951 44.7163 1.6
      vertex 15.5 47 1.6
      vertex 0.549999 44.6526 1.6
    endloop
  endfacet
  facet normal 0 0 -1
    outer loop
      vertex 0.2847 44.7625 1.6
      vertex 15.5 47 1.6
      vertex 0.420951 44.7163 1.6
    endloop
  endfacet
  facet normal 0 0 -1
    outer loop
      vertex 0.143579 44.7906 1.6
      vertex 15.5 47 1.6
      vertex 0.2847 44.7625 1.6
    endloop
  endfacet
  facet normal 0 0 -1
    outer loop
      vertex 0 44.8 1.6
      vertex 15.5 47 1.6
      vertex 0.143579 44.7906 1.6
    endloop
  endfacet
  facet normal 0 0 -1
    outer loop
      vertex -0.143579 44.7906 1.6
      vertex 15.5 47 1.6
      vertex 0 44.8 1.6
    endloop
  endfacet
  facet normal 0 0 -1
    outer loop
      vertex -14.9 43.7 1.6
      vertex -1.09059 43.8436 1.6
      vertex -1.1 43.7 1.6
    endloop
  endfacet
  facet normal 0 0 -1
    outer loop
      vertex -14.9094 43.8436 1.6
      vertex -1.09059 43.8436 1.6
      vertex -14.9 43.7 1.6
    endloop
  endfacet
  facet normal 0 0 -1
    outer loop
      vertex -1.09059 43.8436 1.6
      vertex -14.9094 43.8436 1.6
      vertex -1.06252 43.9847 1.6
    endloop
  endfacet
  facet normal 0 0 -1
    outer loop
      vertex -14.9375 43.9847 1.6
      vertex -1.06252 43.9847 1.6
      vertex -14.9094 43.8436 1.6
    endloop
  endfacet
  facet normal 0 0 -1
    outer loop
      vertex -1.06252 43.9847 1.6
      vertex -14.9375 43.9847 1.6
      vertex -1.01627 44.121 1.6
    endloop
  endfacet
  facet normal 0 0 -1
    outer loop
      vertex -14.9837 44.121 1.6
      vertex -1.01627 44.121 1.6
      vertex -14.9375 43.9847 1.6
    endloop
  endfacet
  facet normal 0 0 -1
    outer loop
      vertex -1.01627 44.121 1.6
      vertex -14.9837 44.121 1.6
      vertex -0.952627 44.25 1.6
    endloop
  endfacet
  facet normal 0 0 -1
    outer loop
      vertex -15.0474 44.25 1.6
      vertex -0.952627 44.25 1.6
      vertex -14.9837 44.121 1.6
    endloop
  endfacet
  facet normal 0 0 -1
    outer loop
      vertex -0.952627 44.25 1.6
      vertex -15.0474 44.25 1.6
      vertex -0.872688 44.3696 1.6
    endloop
  endfacet
  facet normal 0 0 -1
    outer loop
      vertex -15.1273 44.3696 1.6
      vertex -0.872688 44.3696 1.6
      vertex -15.0474 44.25 1.6
    endloop
  endfacet
  facet normal 0 0 -1
    outer loop
      vertex -0.872688 44.3696 1.6
      vertex -15.1273 44.3696 1.6
      vertex -0.777817 44.4778 1.6
    endloop
  endfacet
  facet normal 0 0 -1
    outer loop
      vertex -15.2222 44.4778 1.6
      vertex -0.777817 44.4778 1.6
      vertex -15.1273 44.3696 1.6
    endloop
  endfacet
  facet normal 0 0 -1
    outer loop
      vertex -0.777817 44.4778 1.6
      vertex -15.2222 44.4778 1.6
      vertex -0.669637 44.5727 1.6
    endloop
  endfacet
  facet normal 0 0 -1
    outer loop
      vertex -15.3304 44.5727 1.6
      vertex -0.669637 44.5727 1.6
      vertex -15.2222 44.4778 1.6
    endloop
  endfacet
  facet normal 0 0 -1
    outer loop
      vertex -0.669637 44.5727 1.6
      vertex -15.3304 44.5727 1.6
      vertex -0.549999 44.6526 1.6
    endloop
  endfacet
  facet normal 0 0 -1
    outer loop
      vertex -15.45 44.6526 1.6
      vertex -0.549999 44.6526 1.6
      vertex -15.3304 44.5727 1.6
    endloop
  endfacet
  facet normal 0 0 -1
    outer loop
      vertex -0.549999 44.6526 1.6
      vertex -15.45 44.6526 1.6
      vertex -0.420951 44.7163 1.6
    endloop
  endfacet
  facet normal 0 0 -1
    outer loop
      vertex -15.579 44.7163 1.6
      vertex -0.420951 44.7163 1.6
      vertex -15.45 44.6526 1.6
    endloop
  endfacet
  facet normal 0 0 -1
    outer loop
      vertex -0.420951 44.7163 1.6
      vertex -15.579 44.7163 1.6
      vertex -0.2847 44.7625 1.6
    endloop
  endfacet
  facet normal 0 0 -1
    outer loop
      vertex -15.7153 44.7625 1.6
      vertex -0.2847 44.7625 1.6
      vertex -15.579 44.7163 1.6
    endloop
  endfacet
  facet normal 0 0 -1
    outer loop
      vertex -0.2847 44.7625 1.6
      vertex -15.7153 44.7625 1.6
      vertex -0.143579 44.7906 1.6
    endloop
  endfacet
  facet normal 0 0 -1
    outer loop
      vertex -15.8564 44.7906 1.6
      vertex -0.143579 44.7906 1.6
      vertex -15.7153 44.7625 1.6
    endloop
  endfacet
  facet normal 0 0 -1
    outer loop
      vertex -0.143579 44.7906 1.6
      vertex -15.8564 44.7906 1.6
      vertex 15.5 47 1.6
    endloop
  endfacet
  facet normal 0 0 -1
    outer loop
      vertex -16 44.8 1.6
      vertex 15.5 47 1.6
      vertex -15.8564 44.7906 1.6
    endloop
  endfacet
  facet normal 0 0 -1
    outer loop
      vertex -31.5 47 1.6
      vertex -16 44.8 1.6
      vertex -16.1436 44.7906 1.6
    endloop
  endfacet
  facet normal 0 0 -1
    outer loop
      vertex -17.0906 43.5564 1.6
      vertex -31.5 47 1.6
      vertex -17.1 43.7 1.6
    endloop
  endfacet
  facet normal 0 0 -1
    outer loop
      vertex -17.1 43.7 1.6
      vertex -31.5 47 1.6
      vertex -17.0906 43.8436 1.6
    endloop
  endfacet
  facet normal 0 0 -1
    outer loop
      vertex -17.0906 43.8436 1.6
      vertex -31.5 47 1.6
      vertex -17.0625 43.9847 1.6
    endloop
  endfacet
  facet normal 0 0 -1
    outer loop
      vertex -17.0625 43.9847 1.6
      vertex -31.5 47 1.6
      vertex -17.0163 44.121 1.6
    endloop
  endfacet
  facet normal 0 0 -1
    outer loop
      vertex -17.0163 44.121 1.6
      vertex -31.5 47 1.6
      vertex -16.9526 44.25 1.6
    endloop
  endfacet
  facet normal 0 0 -1
    outer loop
      vertex -16.9526 44.25 1.6
      vertex -31.5 47 1.6
      vertex -16.8727 44.3696 1.6
    endloop
  endfacet
  facet normal 0 0 -1
    outer loop
      vertex -16.8727 44.3696 1.6
      vertex -31.5 47 1.6
      vertex -16.7778 44.4778 1.6
    endloop
  endfacet
  facet normal 0 0 -1
    outer loop
      vertex -16 44.8 1.6
      vertex -31.5 47 1.6
      vertex 15.5 47 1.6
    endloop
  endfacet
  facet normal 0 0 -1
    outer loop
      vertex -16.2847 44.7625 1.6
      vertex -31.5 47 1.6
      vertex -16.1436 44.7906 1.6
    endloop
  endfacet
  facet normal 0 0 -1
    outer loop
      vertex -16.421 44.7163 1.6
      vertex -31.5 47 1.6
      vertex -16.2847 44.7625 1.6
    endloop
  endfacet
  facet normal 0 0 -1
    outer loop
      vertex -16.55 44.6526 1.6
      vertex -31.5 47 1.6
      vertex -16.421 44.7163 1.6
    endloop
  endfacet
  facet normal 0 0 -1
    outer loop
      vertex -16.6696 44.5727 1.6
      vertex -31.5 47 1.6
      vertex -16.55 44.6526 1.6
    endloop
  endfacet
  facet normal 0 0 -1
    outer loop
      vertex -16.7778 44.4778 1.6
      vertex -31.5 47 1.6
      vertex -16.6696 44.5727 1.6
    endloop
  endfacet
  facet normal -1 0 0
    outer loop
      vertex 15.5 32 0
      vertex 15.5 47 1.6
      vertex 15.5 47 0
    endloop
  endfacet
  facet normal -1 -0 0
    outer loop
      vertex 15.5 47 1.6
      vertex 15.5 32 0
      vertex 15.5 32 1.6
    endloop
  endfacet
  facet normal 0 1 -0
    outer loop
      vertex 15.5 32 0
      vertex -31.5 32 1.6
      vertex 15.5 32 1.6
    endloop
  endfacet
  facet normal 0 1 0
    outer loop
      vertex -31.5 32 1.6
      vertex 15.5 32 0
      vertex -31.5 32 0
    endloop
  endfacet
  facet normal -0.555502 -0.831515 0
    outer loop
      vertex -15.45 -23.5474 0
      vertex -15.3304 -23.6273 3.2
      vertex -15.45 -23.5474 3.2
    endloop
  endfacet
  facet normal -0.555502 -0.831515 -0
    outer loop
      vertex -15.3304 -23.6273 3.2
      vertex -15.45 -23.5474 0
      vertex -15.3304 -23.6273 0
    endloop
  endfacet
  facet normal 0.947073 -0.321018 0
    outer loop
      vertex -17.0625 -24.2153 3.2
      vertex -17.0163 -24.079 0
      vertex -17.0163 -24.079 3.2
    endloop
  endfacet
  facet normal 0.947073 -0.321018 0
    outer loop
      vertex -17.0163 -24.079 0
      vertex -17.0625 -24.2153 3.2
      vertex -17.0625 -24.2153 0
    endloop
  endfacet
  facet normal 0.321018 0.947073 -0
    outer loop
      vertex -16.2847 -25.5625 0
      vertex -16.421 -25.5163 3.2
      vertex -16.2847 -25.5625 3.2
    endloop
  endfacet
  facet normal 0.321018 0.947073 0
    outer loop
      vertex -16.421 -25.5163 3.2
      vertex -16.2847 -25.5625 0
      vertex -16.421 -25.5163 0
    endloop
  endfacet
  facet normal 0.321018 -0.947073 0
    outer loop
      vertex -16.421 -23.4837 0
      vertex -16.2847 -23.4375 3.2
      vertex -16.421 -23.4837 3.2
    endloop
  endfacet
  facet normal 0.321018 -0.947073 0
    outer loop
      vertex -16.2847 -23.4375 3.2
      vertex -16.421 -23.4837 0
      vertex -16.2847 -23.4375 0
    endloop
  endfacet
  facet normal 0.89664 -0.44276 0
    outer loop
      vertex -17.0163 -24.079 3.2
      vertex -16.9526 -23.95 0
      vertex -16.9526 -23.95 3.2
    endloop
  endfacet
  facet normal 0.89664 -0.44276 0
    outer loop
      vertex -16.9526 -23.95 0
      vertex -17.0163 -24.079 3.2
      vertex -17.0163 -24.079 0
    endloop
  endfacet
  facet normal 0.89664 0.44276 0
    outer loop
      vertex -16.9526 -25.05 3.2
      vertex -17.0163 -24.921 0
      vertex -17.0163 -24.921 3.2
    endloop
  endfacet
  facet normal 0.89664 0.44276 0
    outer loop
      vertex -17.0163 -24.921 0
      vertex -16.9526 -25.05 3.2
      vertex -16.9526 -25.05 0
    endloop
  endfacet
  facet normal -0.947073 -0.321018 0
    outer loop
      vertex -14.9375 -24.2153 0
      vertex -14.9837 -24.079 3.2
      vertex -14.9837 -24.079 0
    endloop
  endfacet
  facet normal -0.947073 -0.321018 0
    outer loop
      vertex -14.9837 -24.079 3.2
      vertex -14.9375 -24.2153 0
      vertex -14.9375 -24.2153 3.2
    endloop
  endfacet
  facet normal -0.831515 -0.555502 0
    outer loop
      vertex -15.0474 -23.95 0
      vertex -15.1273 -23.8304 3.2
      vertex -15.1273 -23.8304 0
    endloop
  endfacet
  facet normal -0.831515 -0.555502 0
    outer loop
      vertex -15.1273 -23.8304 3.2
      vertex -15.0474 -23.95 0
      vertex -15.0474 -23.95 3.2
    endloop
  endfacet
  facet normal -0.751801 -0.65939 0
    outer loop
      vertex -15.1273 -23.8304 0
      vertex -15.2222 -23.7222 3.2
      vertex -15.2222 -23.7222 0
    endloop
  endfacet
  facet normal -0.751801 -0.65939 0
    outer loop
      vertex -15.2222 -23.7222 3.2
      vertex -15.1273 -23.8304 0
      vertex -15.1273 -23.8304 3.2
    endloop
  endfacet
  facet normal -0.44276 -0.89664 0
    outer loop
      vertex -15.579 -23.4837 0
      vertex -15.45 -23.5474 3.2
      vertex -15.579 -23.4837 3.2
    endloop
  endfacet
  facet normal -0.44276 -0.89664 -0
    outer loop
      vertex -15.45 -23.5474 3.2
      vertex -15.579 -23.4837 0
      vertex -15.45 -23.5474 0
    endloop
  endfacet
  facet normal -0.0653198 -0.997864 0
    outer loop
      vertex -16 -23.4 0
      vertex -15.8564 -23.4094 3.2
      vertex -16 -23.4 3.2
    endloop
  endfacet
  facet normal -0.0653198 -0.997864 -0
    outer loop
      vertex -15.8564 -23.4094 3.2
      vertex -16 -23.4 0
      vertex -15.8564 -23.4094 0
    endloop
  endfacet
  facet normal 0.751801 -0.65939 0
    outer loop
      vertex -16.8727 -23.8304 3.2
      vertex -16.7778 -23.7222 0
      vertex -16.7778 -23.7222 3.2
    endloop
  endfacet
  facet normal 0.751801 -0.65939 0
    outer loop
      vertex -16.7778 -23.7222 0
      vertex -16.8727 -23.8304 3.2
      vertex -16.8727 -23.8304 0
    endloop
  endfacet
  facet normal 0.65939 -0.751801 0
    outer loop
      vertex -16.7778 -23.7222 0
      vertex -16.6696 -23.6273 3.2
      vertex -16.7778 -23.7222 3.2
    endloop
  endfacet
  facet normal 0.65939 -0.751801 0
    outer loop
      vertex -16.6696 -23.6273 3.2
      vertex -16.7778 -23.7222 0
      vertex -16.6696 -23.6273 0
    endloop
  endfacet
  facet normal -0.997864 -0.0653198 0
    outer loop
      vertex -14.9 -24.5 0
      vertex -14.9094 -24.3564 3.2
      vertex -14.9094 -24.3564 0
    endloop
  endfacet
  facet normal -0.997864 -0.0653198 0
    outer loop
      vertex -14.9094 -24.3564 3.2
      vertex -14.9 -24.5 0
      vertex -14.9 -24.5 3.2
    endloop
  endfacet
  facet normal -0.321018 0.947073 0
    outer loop
      vertex -15.579 -25.5163 0
      vertex -15.7153 -25.5625 3.2
      vertex -15.579 -25.5163 3.2
    endloop
  endfacet
  facet normal -0.321018 0.947073 0
    outer loop
      vertex -15.7153 -25.5625 3.2
      vertex -15.579 -25.5163 0
      vertex -15.7153 -25.5625 0
    endloop
  endfacet
  facet normal -0.947073 0.321018 0
    outer loop
      vertex -14.9837 -24.921 0
      vertex -14.9375 -24.7847 3.2
      vertex -14.9375 -24.7847 0
    endloop
  endfacet
  facet normal -0.947073 0.321018 0
    outer loop
      vertex -14.9375 -24.7847 3.2
      vertex -14.9837 -24.921 0
      vertex -14.9837 -24.921 3.2
    endloop
  endfacet
  facet normal -0.751801 0.65939 0
    outer loop
      vertex -15.2222 -25.2778 0
      vertex -15.1273 -25.1696 3.2
      vertex -15.1273 -25.1696 0
    endloop
  endfacet
  facet normal -0.751801 0.65939 0
    outer loop
      vertex -15.1273 -25.1696 3.2
      vertex -15.2222 -25.2778 0
      vertex -15.2222 -25.2778 3.2
    endloop
  endfacet
  facet normal -0.831515 0.555502 0
    outer loop
      vertex -15.1273 -25.1696 0
      vertex -15.0474 -25.05 3.2
      vertex -15.0474 -25.05 0
    endloop
  endfacet
  facet normal -0.831515 0.555502 0
    outer loop
      vertex -15.0474 -25.05 3.2
      vertex -15.1273 -25.1696 0
      vertex -15.1273 -25.1696 3.2
    endloop
  endfacet
  facet normal 0.65939 0.751801 -0
    outer loop
      vertex -16.6696 -25.3727 0
      vertex -16.7778 -25.2778 3.2
      vertex -16.6696 -25.3727 3.2
    endloop
  endfacet
  facet normal 0.65939 0.751801 0
    outer loop
      vertex -16.7778 -25.2778 3.2
      vertex -16.6696 -25.3727 0
      vertex -16.7778 -25.2778 0
    endloop
  endfacet
  facet normal -0.980741 -0.195314 0
    outer loop
      vertex -14.9094 -24.3564 0
      vertex -14.9375 -24.2153 3.2
      vertex -14.9375 -24.2153 0
    endloop
  endfacet
  facet normal -0.980741 -0.195314 0
    outer loop
      vertex -14.9375 -24.2153 3.2
      vertex -14.9094 -24.3564 0
      vertex -14.9094 -24.3564 3.2
    endloop
  endfacet
  facet normal -0.89664 -0.44276 0
    outer loop
      vertex -14.9837 -24.079 0
      vertex -15.0474 -23.95 3.2
      vertex -15.0474 -23.95 0
    endloop
  endfacet
  facet normal -0.89664 -0.44276 0
    outer loop
      vertex -15.0474 -23.95 3.2
      vertex -14.9837 -24.079 0
      vertex -14.9837 -24.079 3.2
    endloop
  endfacet
  facet normal -0.65939 -0.751801 0
    outer loop
      vertex -15.3304 -23.6273 0
      vertex -15.2222 -23.7222 3.2
      vertex -15.3304 -23.6273 3.2
    endloop
  endfacet
  facet normal -0.65939 -0.751801 -0
    outer loop
      vertex -15.2222 -23.7222 3.2
      vertex -15.3304 -23.6273 0
      vertex -15.2222 -23.7222 0
    endloop
  endfacet
  facet normal -0.321018 -0.947073 0
    outer loop
      vertex -15.7153 -23.4375 0
      vertex -15.579 -23.4837 3.2
      vertex -15.7153 -23.4375 3.2
    endloop
  endfacet
  facet normal -0.321018 -0.947073 -0
    outer loop
      vertex -15.579 -23.4837 3.2
      vertex -15.7153 -23.4375 0
      vertex -15.579 -23.4837 0
    endloop
  endfacet
  facet normal -0.195314 -0.980741 0
    outer loop
      vertex -15.8564 -23.4094 0
      vertex -15.7153 -23.4375 3.2
      vertex -15.8564 -23.4094 3.2
    endloop
  endfacet
  facet normal -0.195314 -0.980741 -0
    outer loop
      vertex -15.7153 -23.4375 3.2
      vertex -15.8564 -23.4094 0
      vertex -15.7153 -23.4375 0
    endloop
  endfacet
  facet normal 0.997864 -0.0653198 0
    outer loop
      vertex -17.1 -24.5 3.2
      vertex -17.0906 -24.3564 0
      vertex -17.0906 -24.3564 3.2
    endloop
  endfacet
  facet normal 0.997864 -0.0653198 0
    outer loop
      vertex -17.0906 -24.3564 0
      vertex -17.1 -24.5 3.2
      vertex -17.1 -24.5 0
    endloop
  endfacet
  facet normal 0.980741 -0.195314 0
    outer loop
      vertex -17.0906 -24.3564 3.2
      vertex -17.0625 -24.2153 0
      vertex -17.0625 -24.2153 3.2
    endloop
  endfacet
  facet normal 0.980741 -0.195314 0
    outer loop
      vertex -17.0625 -24.2153 0
      vertex -17.0906 -24.3564 3.2
      vertex -17.0906 -24.3564 0
    endloop
  endfacet
  facet normal 0.0653198 -0.997864 0
    outer loop
      vertex -16.1436 -23.4094 0
      vertex -16 -23.4 3.2
      vertex -16.1436 -23.4094 3.2
    endloop
  endfacet
  facet normal 0.0653198 -0.997864 0
    outer loop
      vertex -16 -23.4 3.2
      vertex -16.1436 -23.4094 0
      vertex -16 -23.4 0
    endloop
  endfacet
  facet normal 0.195314 -0.980741 0
    outer loop
      vertex -16.2847 -23.4375 0
      vertex -16.1436 -23.4094 3.2
      vertex -16.2847 -23.4375 3.2
    endloop
  endfacet
  facet normal 0.195314 -0.980741 0
    outer loop
      vertex -16.1436 -23.4094 3.2
      vertex -16.2847 -23.4375 0
      vertex -16.1436 -23.4094 0
    endloop
  endfacet
  facet normal 0.44276 -0.89664 0
    outer loop
      vertex -16.55 -23.5474 0
      vertex -16.421 -23.4837 3.2
      vertex -16.55 -23.5474 3.2
    endloop
  endfacet
  facet normal 0.44276 -0.89664 0
    outer loop
      vertex -16.421 -23.4837 3.2
      vertex -16.55 -23.5474 0
      vertex -16.421 -23.4837 0
    endloop
  endfacet
  facet normal 0.555502 -0.831515 0
    outer loop
      vertex -16.6696 -23.6273 0
      vertex -16.55 -23.5474 3.2
      vertex -16.6696 -23.6273 3.2
    endloop
  endfacet
  facet normal 0.555502 -0.831515 0
    outer loop
      vertex -16.55 -23.5474 3.2
      vertex -16.6696 -23.6273 0
      vertex -16.55 -23.5474 0
    endloop
  endfacet
  facet normal -0.997864 0.0653198 0
    outer loop
      vertex -14.9094 -24.6436 0
      vertex -14.9 -24.5 3.2
      vertex -14.9 -24.5 0
    endloop
  endfacet
  facet normal -0.997864 0.0653198 0
    outer loop
      vertex -14.9 -24.5 3.2
      vertex -14.9094 -24.6436 0
      vertex -14.9094 -24.6436 3.2
    endloop
  endfacet
  facet normal -0.980741 0.195314 0
    outer loop
      vertex -14.9375 -24.7847 0
      vertex -14.9094 -24.6436 3.2
      vertex -14.9094 -24.6436 0
    endloop
  endfacet
  facet normal -0.980741 0.195314 0
    outer loop
      vertex -14.9094 -24.6436 3.2
      vertex -14.9375 -24.7847 0
      vertex -14.9375 -24.7847 3.2
    endloop
  endfacet
  facet normal -0.0653198 0.997864 0
    outer loop
      vertex -15.8564 -25.5906 0
      vertex -16 -25.6 3.2
      vertex -15.8564 -25.5906 3.2
    endloop
  endfacet
  facet normal -0.0653198 0.997864 0
    outer loop
      vertex -16 -25.6 3.2
      vertex -15.8564 -25.5906 0
      vertex -16 -25.6 0
    endloop
  endfacet
  facet normal -0.195314 0.980741 0
    outer loop
      vertex -15.7153 -25.5625 0
      vertex -15.8564 -25.5906 3.2
      vertex -15.7153 -25.5625 3.2
    endloop
  endfacet
  facet normal -0.195314 0.980741 0
    outer loop
      vertex -15.8564 -25.5906 3.2
      vertex -15.7153 -25.5625 0
      vertex -15.8564 -25.5906 0
    endloop
  endfacet
  facet normal -0.44276 0.89664 0
    outer loop
      vertex -15.45 -25.4526 0
      vertex -15.579 -25.5163 3.2
      vertex -15.45 -25.4526 3.2
    endloop
  endfacet
  facet normal -0.44276 0.89664 0
    outer loop
      vertex -15.579 -25.5163 3.2
      vertex -15.45 -25.4526 0
      vertex -15.579 -25.5163 0
    endloop
  endfacet
  facet normal -0.65939 0.751801 0
    outer loop
      vertex -15.2222 -25.2778 0
      vertex -15.3304 -25.3727 3.2
      vertex -15.2222 -25.2778 3.2
    endloop
  endfacet
  facet normal -0.65939 0.751801 0
    outer loop
      vertex -15.3304 -25.3727 3.2
      vertex -15.2222 -25.2778 0
      vertex -15.3304 -25.3727 0
    endloop
  endfacet
  facet normal -0.555502 0.831515 0
    outer loop
      vertex -15.3304 -25.3727 0
      vertex -15.45 -25.4526 3.2
      vertex -15.3304 -25.3727 3.2
    endloop
  endfacet
  facet normal -0.555502 0.831515 0
    outer loop
      vertex -15.45 -25.4526 3.2
      vertex -15.3304 -25.3727 0
      vertex -15.45 -25.4526 0
    endloop
  endfacet
  facet normal -0.89664 0.44276 0
    outer loop
      vertex -15.0474 -25.05 0
      vertex -14.9837 -24.921 3.2
      vertex -14.9837 -24.921 0
    endloop
  endfacet
  facet normal -0.89664 0.44276 0
    outer loop
      vertex -14.9837 -24.921 3.2
      vertex -15.0474 -25.05 0
      vertex -15.0474 -25.05 3.2
    endloop
  endfacet
  facet normal 0.195314 0.980741 -0
    outer loop
      vertex -16.1436 -25.5906 0
      vertex -16.2847 -25.5625 3.2
      vertex -16.1436 -25.5906 3.2
    endloop
  endfacet
  facet normal 0.195314 0.980741 0
    outer loop
      vertex -16.2847 -25.5625 3.2
      vertex -16.1436 -25.5906 0
      vertex -16.2847 -25.5625 0
    endloop
  endfacet
  facet normal 0.0653198 0.997864 -0
    outer loop
      vertex -16 -25.6 0
      vertex -16.1436 -25.5906 3.2
      vertex -16 -25.6 3.2
    endloop
  endfacet
  facet normal 0.0653198 0.997864 0
    outer loop
      vertex -16.1436 -25.5906 3.2
      vertex -16 -25.6 0
      vertex -16.1436 -25.5906 0
    endloop
  endfacet
  facet normal 0.555502 0.831515 -0
    outer loop
      vertex -16.55 -25.4526 0
      vertex -16.6696 -25.3727 3.2
      vertex -16.55 -25.4526 3.2
    endloop
  endfacet
  facet normal 0.555502 0.831515 0
    outer loop
      vertex -16.6696 -25.3727 3.2
      vertex -16.55 -25.4526 0
      vertex -16.6696 -25.3727 0
    endloop
  endfacet
  facet normal 0.44276 0.89664 -0
    outer loop
      vertex -16.421 -25.5163 0
      vertex -16.55 -25.4526 3.2
      vertex -16.421 -25.5163 3.2
    endloop
  endfacet
  facet normal 0.44276 0.89664 0
    outer loop
      vertex -16.55 -25.4526 3.2
      vertex -16.421 -25.5163 0
      vertex -16.55 -25.4526 0
    endloop
  endfacet
  facet normal 0.947073 0.321018 0
    outer loop
      vertex -17.0163 -24.921 3.2
      vertex -17.0625 -24.7847 0
      vertex -17.0625 -24.7847 3.2
    endloop
  endfacet
  facet normal 0.947073 0.321018 0
    outer loop
      vertex -17.0625 -24.7847 0
      vertex -17.0163 -24.921 3.2
      vertex -17.0163 -24.921 0
    endloop
  endfacet
  facet normal 0.997864 0.0653198 0
    outer loop
      vertex -17.0906 -24.6436 3.2
      vertex -17.1 -24.5 0
      vertex -17.1 -24.5 3.2
    endloop
  endfacet
  facet normal 0.997864 0.0653198 0
    outer loop
      vertex -17.1 -24.5 0
      vertex -17.0906 -24.6436 3.2
      vertex -17.0906 -24.6436 0
    endloop
  endfacet
  facet normal 0.751801 0.65939 0
    outer loop
      vertex -16.7778 -25.2778 3.2
      vertex -16.8727 -25.1696 0
      vertex -16.8727 -25.1696 3.2
    endloop
  endfacet
  facet normal 0.751801 0.65939 0
    outer loop
      vertex -16.8727 -25.1696 0
      vertex -16.7778 -25.2778 3.2
      vertex -16.7778 -25.2778 0
    endloop
  endfacet
  facet normal 0.831515 -0.555502 0
    outer loop
      vertex -16.9526 -23.95 3.2
      vertex -16.8727 -23.8304 0
      vertex -16.8727 -23.8304 3.2
    endloop
  endfacet
  facet normal 0.831515 -0.555502 0
    outer loop
      vertex -16.8727 -23.8304 0
      vertex -16.9526 -23.95 3.2
      vertex -16.9526 -23.95 0
    endloop
  endfacet
  facet normal 0.980741 0.195314 0
    outer loop
      vertex -17.0625 -24.7847 3.2
      vertex -17.0906 -24.6436 0
      vertex -17.0906 -24.6436 3.2
    endloop
  endfacet
  facet normal 0.980741 0.195314 0
    outer loop
      vertex -17.0906 -24.6436 0
      vertex -17.0625 -24.7847 3.2
      vertex -17.0625 -24.7847 0
    endloop
  endfacet
  facet normal 0.831515 0.555502 0
    outer loop
      vertex -16.8727 -25.1696 3.2
      vertex -16.9526 -25.05 0
      vertex -16.9526 -25.05 3.2
    endloop
  endfacet
  facet normal 0.831515 0.555502 0
    outer loop
      vertex -16.9526 -25.05 0
      vertex -16.8727 -25.1696 3.2
      vertex -16.8727 -25.1696 0
    endloop
  endfacet
  facet normal -0.997864 -0.0653198 0
    outer loop
      vertex -14.9 -43.7 1.6
      vertex -14.9094 -43.5564 3.2
      vertex -14.9094 -43.5564 1.6
    endloop
  endfacet
  facet normal -0.997864 -0.0653198 0
    outer loop
      vertex -14.9094 -43.5564 3.2
      vertex -14.9 -43.7 1.6
      vertex -14.9 -43.7 3.2
    endloop
  endfacet
  facet normal 0.997864 -0.0653198 0
    outer loop
      vertex -17.1 -43.7 3.2
      vertex -17.0906 -43.5564 1.6
      vertex -17.0906 -43.5564 3.2
    endloop
  endfacet
  facet normal 0.997864 -0.0653198 0
    outer loop
      vertex -17.0906 -43.5564 1.6
      vertex -17.1 -43.7 3.2
      vertex -17.1 -43.7 1.6
    endloop
  endfacet
  facet normal -0.0653198 -0.997864 0
    outer loop
      vertex -16 -42.6 1.6
      vertex -15.8564 -42.6094 3.2
      vertex -16 -42.6 3.2
    endloop
  endfacet
  facet normal -0.0653198 -0.997864 -0
    outer loop
      vertex -15.8564 -42.6094 3.2
      vertex -16 -42.6 1.6
      vertex -15.8564 -42.6094 1.6
    endloop
  endfacet
  facet normal -0.65939 -0.751801 0
    outer loop
      vertex -15.3304 -42.8273 1.6
      vertex -15.2222 -42.9222 3.2
      vertex -15.3304 -42.8273 3.2
    endloop
  endfacet
  facet normal -0.65939 -0.751801 -0
    outer loop
      vertex -15.2222 -42.9222 3.2
      vertex -15.3304 -42.8273 1.6
      vertex -15.2222 -42.9222 1.6
    endloop
  endfacet
  facet normal 0.65939 -0.751801 0
    outer loop
      vertex -16.7778 -42.9222 1.6
      vertex -16.6696 -42.8273 3.2
      vertex -16.7778 -42.9222 3.2
    endloop
  endfacet
  facet normal 0.65939 -0.751801 0
    outer loop
      vertex -16.6696 -42.8273 3.2
      vertex -16.7778 -42.9222 1.6
      vertex -16.6696 -42.8273 1.6
    endloop
  endfacet
  facet normal 0.321018 -0.947073 0
    outer loop
      vertex -16.421 -42.6837 1.6
      vertex -16.2847 -42.6375 3.2
      vertex -16.421 -42.6837 3.2
    endloop
  endfacet
  facet normal 0.321018 -0.947073 0
    outer loop
      vertex -16.2847 -42.6375 3.2
      vertex -16.421 -42.6837 1.6
      vertex -16.2847 -42.6375 1.6
    endloop
  endfacet
  facet normal -0.831515 0.555502 0
    outer loop
      vertex -15.1273 -44.3696 1.6
      vertex -15.0474 -44.25 3.2
      vertex -15.0474 -44.25 1.6
    endloop
  endfacet
  facet normal -0.831515 0.555502 0
    outer loop
      vertex -15.0474 -44.25 3.2
      vertex -15.1273 -44.3696 1.6
      vertex -15.1273 -44.3696 3.2
    endloop
  endfacet
  facet normal -0.89664 -0.44276 0
    outer loop
      vertex -14.9837 -43.279 1.6
      vertex -15.0474 -43.15 3.2
      vertex -15.0474 -43.15 1.6
    endloop
  endfacet
  facet normal -0.89664 -0.44276 0
    outer loop
      vertex -15.0474 -43.15 3.2
      vertex -14.9837 -43.279 1.6
      vertex -14.9837 -43.279 3.2
    endloop
  endfacet
  facet normal -0.980741 -0.195314 0
    outer loop
      vertex -14.9094 -43.5564 1.6
      vertex -14.9375 -43.4153 3.2
      vertex -14.9375 -43.4153 1.6
    endloop
  endfacet
  facet normal -0.980741 -0.195314 0
    outer loop
      vertex -14.9375 -43.4153 3.2
      vertex -14.9094 -43.5564 1.6
      vertex -14.9094 -43.5564 3.2
    endloop
  endfacet
  facet normal -0.831515 -0.555502 0
    outer loop
      vertex -15.0474 -43.15 1.6
      vertex -15.1273 -43.0304 3.2
      vertex -15.1273 -43.0304 1.6
    endloop
  endfacet
  facet normal -0.831515 -0.555502 0
    outer loop
      vertex -15.1273 -43.0304 3.2
      vertex -15.0474 -43.15 1.6
      vertex -15.0474 -43.15 3.2
    endloop
  endfacet
  facet normal -0.321018 -0.947073 0
    outer loop
      vertex -15.7153 -42.6375 1.6
      vertex -15.579 -42.6837 3.2
      vertex -15.7153 -42.6375 3.2
    endloop
  endfacet
  facet normal -0.321018 -0.947073 -0
    outer loop
      vertex -15.579 -42.6837 3.2
      vertex -15.7153 -42.6375 1.6
      vertex -15.579 -42.6837 1.6
    endloop
  endfacet
  facet normal -0.195314 -0.980741 0
    outer loop
      vertex -15.8564 -42.6094 1.6
      vertex -15.7153 -42.6375 3.2
      vertex -15.8564 -42.6094 3.2
    endloop
  endfacet
  facet normal -0.195314 -0.980741 -0
    outer loop
      vertex -15.7153 -42.6375 3.2
      vertex -15.8564 -42.6094 1.6
      vertex -15.7153 -42.6375 1.6
    endloop
  endfacet
  facet normal -0.555502 -0.831515 0
    outer loop
      vertex -15.45 -42.7474 1.6
      vertex -15.3304 -42.8273 3.2
      vertex -15.45 -42.7474 3.2
    endloop
  endfacet
  facet normal -0.555502 -0.831515 -0
    outer loop
      vertex -15.3304 -42.8273 3.2
      vertex -15.45 -42.7474 1.6
      vertex -15.3304 -42.8273 1.6
    endloop
  endfacet
  facet normal 0.831515 -0.555502 0
    outer loop
      vertex -16.9526 -43.15 3.2
      vertex -16.8727 -43.0304 1.6
      vertex -16.8727 -43.0304 3.2
    endloop
  endfacet
  facet normal 0.831515 -0.555502 0
    outer loop
      vertex -16.8727 -43.0304 1.6
      vertex -16.9526 -43.15 3.2
      vertex -16.9526 -43.15 1.6
    endloop
  endfacet
  facet normal 0.751801 -0.65939 0
    outer loop
      vertex -16.8727 -43.0304 3.2
      vertex -16.7778 -42.9222 1.6
      vertex -16.7778 -42.9222 3.2
    endloop
  endfacet
  facet normal 0.751801 -0.65939 0
    outer loop
      vertex -16.7778 -42.9222 1.6
      vertex -16.8727 -43.0304 3.2
      vertex -16.8727 -43.0304 1.6
    endloop
  endfacet
  facet normal 0.947073 -0.321018 0
    outer loop
      vertex -17.0625 -43.4153 3.2
      vertex -17.0163 -43.279 1.6
      vertex -17.0163 -43.279 3.2
    endloop
  endfacet
  facet normal 0.947073 -0.321018 0
    outer loop
      vertex -17.0163 -43.279 1.6
      vertex -17.0625 -43.4153 3.2
      vertex -17.0625 -43.4153 1.6
    endloop
  endfacet
  facet normal 0.555502 -0.831515 0
    outer loop
      vertex -16.6696 -42.8273 1.6
      vertex -16.55 -42.7474 3.2
      vertex -16.6696 -42.8273 3.2
    endloop
  endfacet
  facet normal 0.555502 -0.831515 0
    outer loop
      vertex -16.55 -42.7474 3.2
      vertex -16.6696 -42.8273 1.6
      vertex -16.55 -42.7474 1.6
    endloop
  endfacet
  facet normal 0.0653198 -0.997864 0
    outer loop
      vertex -16.1436 -42.6094 1.6
      vertex -16 -42.6 3.2
      vertex -16.1436 -42.6094 3.2
    endloop
  endfacet
  facet normal 0.0653198 -0.997864 0
    outer loop
      vertex -16 -42.6 3.2
      vertex -16.1436 -42.6094 1.6
      vertex -16 -42.6 1.6
    endloop
  endfacet
  facet normal -0.997864 0.0653198 0
    outer loop
      vertex -14.9094 -43.8436 1.6
      vertex -14.9 -43.7 3.2
      vertex -14.9 -43.7 1.6
    endloop
  endfacet
  facet normal -0.997864 0.0653198 0
    outer loop
      vertex -14.9 -43.7 3.2
      vertex -14.9094 -43.8436 1.6
      vertex -14.9094 -43.8436 3.2
    endloop
  endfacet
  facet normal 0.195314 0.980741 -0
    outer loop
      vertex -16.1436 -44.7906 1.6
      vertex -16.2847 -44.7625 3.2
      vertex -16.1436 -44.7906 3.2
    endloop
  endfacet
  facet normal 0.195314 0.980741 0
    outer loop
      vertex -16.2847 -44.7625 3.2
      vertex -16.1436 -44.7906 1.6
      vertex -16.2847 -44.7625 1.6
    endloop
  endfacet
  facet normal 0.89664 0.44276 0
    outer loop
      vertex -16.9526 -44.25 3.2
      vertex -17.0163 -44.121 1.6
      vertex -17.0163 -44.121 3.2
    endloop
  endfacet
  facet normal 0.89664 0.44276 0
    outer loop
      vertex -17.0163 -44.121 1.6
      vertex -16.9526 -44.25 3.2
      vertex -16.9526 -44.25 1.6
    endloop
  endfacet
  facet normal -0.195314 0.980741 0
    outer loop
      vertex -15.7153 -44.7625 1.6
      vertex -15.8564 -44.7906 3.2
      vertex -15.7153 -44.7625 3.2
    endloop
  endfacet
  facet normal -0.195314 0.980741 0
    outer loop
      vertex -15.8564 -44.7906 3.2
      vertex -15.7153 -44.7625 1.6
      vertex -15.8564 -44.7906 1.6
    endloop
  endfacet
  facet normal -0.947073 -0.321018 0
    outer loop
      vertex -14.9375 -43.4153 1.6
      vertex -14.9837 -43.279 3.2
      vertex -14.9837 -43.279 1.6
    endloop
  endfacet
  facet normal -0.947073 -0.321018 0
    outer loop
      vertex -14.9837 -43.279 3.2
      vertex -14.9375 -43.4153 1.6
      vertex -14.9375 -43.4153 3.2
    endloop
  endfacet
  facet normal -0.751801 -0.65939 0
    outer loop
      vertex -15.1273 -43.0304 1.6
      vertex -15.2222 -42.9222 3.2
      vertex -15.2222 -42.9222 1.6
    endloop
  endfacet
  facet normal -0.751801 -0.65939 0
    outer loop
      vertex -15.2222 -42.9222 3.2
      vertex -15.1273 -43.0304 1.6
      vertex -15.1273 -43.0304 3.2
    endloop
  endfacet
  facet normal 0.89664 -0.44276 0
    outer loop
      vertex -17.0163 -43.279 3.2
      vertex -16.9526 -43.15 1.6
      vertex -16.9526 -43.15 3.2
    endloop
  endfacet
  facet normal 0.89664 -0.44276 0
    outer loop
      vertex -16.9526 -43.15 1.6
      vertex -17.0163 -43.279 3.2
      vertex -17.0163 -43.279 1.6
    endloop
  endfacet
  facet normal 0.44276 -0.89664 0
    outer loop
      vertex -16.55 -42.7474 1.6
      vertex -16.421 -42.6837 3.2
      vertex -16.55 -42.7474 3.2
    endloop
  endfacet
  facet normal 0.44276 -0.89664 0
    outer loop
      vertex -16.421 -42.6837 3.2
      vertex -16.55 -42.7474 1.6
      vertex -16.421 -42.6837 1.6
    endloop
  endfacet
  facet normal 0.195314 -0.980741 0
    outer loop
      vertex -16.2847 -42.6375 1.6
      vertex -16.1436 -42.6094 3.2
      vertex -16.2847 -42.6375 3.2
    endloop
  endfacet
  facet normal 0.195314 -0.980741 0
    outer loop
      vertex -16.1436 -42.6094 3.2
      vertex -16.2847 -42.6375 1.6
      vertex -16.1436 -42.6094 1.6
    endloop
  endfacet
  facet normal -0.555502 0.831515 0
    outer loop
      vertex -15.3304 -44.5727 1.6
      vertex -15.45 -44.6526 3.2
      vertex -15.3304 -44.5727 3.2
    endloop
  endfacet
  facet normal -0.555502 0.831515 0
    outer loop
      vertex -15.45 -44.6526 3.2
      vertex -15.3304 -44.5727 1.6
      vertex -15.45 -44.6526 1.6
    endloop
  endfacet
  facet normal -0.947073 0.321018 0
    outer loop
      vertex -14.9837 -44.121 1.6
      vertex -14.9375 -43.9847 3.2
      vertex -14.9375 -43.9847 1.6
    endloop
  endfacet
  facet normal -0.947073 0.321018 0
    outer loop
      vertex -14.9375 -43.9847 3.2
      vertex -14.9837 -44.121 1.6
      vertex -14.9837 -44.121 3.2
    endloop
  endfacet
  facet normal -0.89664 0.44276 0
    outer loop
      vertex -15.0474 -44.25 1.6
      vertex -14.9837 -44.121 3.2
      vertex -14.9837 -44.121 1.6
    endloop
  endfacet
  facet normal -0.89664 0.44276 0
    outer loop
      vertex -14.9837 -44.121 3.2
      vertex -15.0474 -44.25 1.6
      vertex -15.0474 -44.25 3.2
    endloop
  endfacet
  facet normal -0.980741 0.195314 0
    outer loop
      vertex -14.9375 -43.9847 1.6
      vertex -14.9094 -43.8436 3.2
      vertex -14.9094 -43.8436 1.6
    endloop
  endfacet
  facet normal -0.980741 0.195314 0
    outer loop
      vertex -14.9094 -43.8436 3.2
      vertex -14.9375 -43.9847 1.6
      vertex -14.9375 -43.9847 3.2
    endloop
  endfacet
  facet normal 0.0653198 0.997864 -0
    outer loop
      vertex -16 -44.8 1.6
      vertex -16.1436 -44.7906 3.2
      vertex -16 -44.8 3.2
    endloop
  endfacet
  facet normal 0.0653198 0.997864 0
    outer loop
      vertex -16.1436 -44.7906 3.2
      vertex -16 -44.8 1.6
      vertex -16.1436 -44.7906 1.6
    endloop
  endfacet
  facet normal 0.947073 0.321018 0
    outer loop
      vertex -17.0163 -44.121 3.2
      vertex -17.0625 -43.9847 1.6
      vertex -17.0625 -43.9847 3.2
    endloop
  endfacet
  facet normal 0.947073 0.321018 0
    outer loop
      vertex -17.0625 -43.9847 1.6
      vertex -17.0163 -44.121 3.2
      vertex -17.0163 -44.121 1.6
    endloop
  endfacet
  facet normal -0.44276 0.89664 0
    outer loop
      vertex -15.45 -44.6526 1.6
      vertex -15.579 -44.7163 3.2
      vertex -15.45 -44.6526 3.2
    endloop
  endfacet
  facet normal -0.44276 0.89664 0
    outer loop
      vertex -15.579 -44.7163 3.2
      vertex -15.45 -44.6526 1.6
      vertex -15.579 -44.7163 1.6
    endloop
  endfacet
  facet normal -0.321018 0.947073 0
    outer loop
      vertex -15.579 -44.7163 1.6
      vertex -15.7153 -44.7625 3.2
      vertex -15.579 -44.7163 3.2
    endloop
  endfacet
  facet normal -0.321018 0.947073 0
    outer loop
      vertex -15.7153 -44.7625 3.2
      vertex -15.579 -44.7163 1.6
      vertex -15.7153 -44.7625 1.6
    endloop
  endfacet
  facet normal -0.44276 -0.89664 0
    outer loop
      vertex -15.579 -42.6837 1.6
      vertex -15.45 -42.7474 3.2
      vertex -15.579 -42.6837 3.2
    endloop
  endfacet
  facet normal -0.44276 -0.89664 -0
    outer loop
      vertex -15.45 -42.7474 3.2
      vertex -15.579 -42.6837 1.6
      vertex -15.45 -42.7474 1.6
    endloop
  endfacet
  facet normal 0.980741 -0.195314 0
    outer loop
      vertex -17.0906 -43.5564 3.2
      vertex -17.0625 -43.4153 1.6
      vertex -17.0625 -43.4153 3.2
    endloop
  endfacet
  facet normal 0.980741 -0.195314 0
    outer loop
      vertex -17.0625 -43.4153 1.6
      vertex -17.0906 -43.5564 3.2
      vertex -17.0906 -43.5564 1.6
    endloop
  endfacet
  facet normal 0.321018 0.947073 -0
    outer loop
      vertex -16.2847 -44.7625 1.6
      vertex -16.421 -44.7163 3.2
      vertex -16.2847 -44.7625 3.2
    endloop
  endfacet
  facet normal 0.321018 0.947073 0
    outer loop
      vertex -16.421 -44.7163 3.2
      vertex -16.2847 -44.7625 1.6
      vertex -16.421 -44.7163 1.6
    endloop
  endfacet
  facet normal 0.751801 0.65939 0
    outer loop
      vertex -16.7778 -44.4778 3.2
      vertex -16.8727 -44.3696 1.6
      vertex -16.8727 -44.3696 3.2
    endloop
  endfacet
  facet normal 0.751801 0.65939 0
    outer loop
      vertex -16.8727 -44.3696 1.6
      vertex -16.7778 -44.4778 3.2
      vertex -16.7778 -44.4778 1.6
    endloop
  endfacet
  facet normal 0.997864 0.0653198 0
    outer loop
      vertex -17.0906 -43.8436 3.2
      vertex -17.1 -43.7 1.6
      vertex -17.1 -43.7 3.2
    endloop
  endfacet
  facet normal 0.997864 0.0653198 0
    outer loop
      vertex -17.1 -43.7 1.6
      vertex -17.0906 -43.8436 3.2
      vertex -17.0906 -43.8436 1.6
    endloop
  endfacet
  facet normal 0.980741 0.195314 0
    outer loop
      vertex -17.0625 -43.9847 3.2
      vertex -17.0906 -43.8436 1.6
      vertex -17.0906 -43.8436 3.2
    endloop
  endfacet
  facet normal 0.980741 0.195314 0
    outer loop
      vertex -17.0906 -43.8436 1.6
      vertex -17.0625 -43.9847 3.2
      vertex -17.0625 -43.9847 1.6
    endloop
  endfacet
  facet normal -0.65939 0.751801 0
    outer loop
      vertex -15.2222 -44.4778 1.6
      vertex -15.3304 -44.5727 3.2
      vertex -15.2222 -44.4778 3.2
    endloop
  endfacet
  facet normal -0.65939 0.751801 0
    outer loop
      vertex -15.3304 -44.5727 3.2
      vertex -15.2222 -44.4778 1.6
      vertex -15.3304 -44.5727 1.6
    endloop
  endfacet
  facet normal -0.751801 0.65939 0
    outer loop
      vertex -15.2222 -44.4778 1.6
      vertex -15.1273 -44.3696 3.2
      vertex -15.1273 -44.3696 1.6
    endloop
  endfacet
  facet normal -0.751801 0.65939 0
    outer loop
      vertex -15.1273 -44.3696 3.2
      vertex -15.2222 -44.4778 1.6
      vertex -15.2222 -44.4778 3.2
    endloop
  endfacet
  facet normal -0.0653198 0.997864 0
    outer loop
      vertex -15.8564 -44.7906 1.6
      vertex -16 -44.8 3.2
      vertex -15.8564 -44.7906 3.2
    endloop
  endfacet
  facet normal -0.0653198 0.997864 0
    outer loop
      vertex -16 -44.8 3.2
      vertex -15.8564 -44.7906 1.6
      vertex -16 -44.8 1.6
    endloop
  endfacet
  facet normal 0.555502 0.831515 -0
    outer loop
      vertex -16.55 -44.6526 1.6
      vertex -16.6696 -44.5727 3.2
      vertex -16.55 -44.6526 3.2
    endloop
  endfacet
  facet normal 0.555502 0.831515 0
    outer loop
      vertex -16.6696 -44.5727 3.2
      vertex -16.55 -44.6526 1.6
      vertex -16.6696 -44.5727 1.6
    endloop
  endfacet
  facet normal 0.65939 0.751801 -0
    outer loop
      vertex -16.6696 -44.5727 1.6
      vertex -16.7778 -44.4778 3.2
      vertex -16.6696 -44.5727 3.2
    endloop
  endfacet
  facet normal 0.65939 0.751801 0
    outer loop
      vertex -16.7778 -44.4778 3.2
      vertex -16.6696 -44.5727 1.6
      vertex -16.7778 -44.4778 1.6
    endloop
  endfacet
  facet normal 0.831515 0.555502 0
    outer loop
      vertex -16.8727 -44.3696 3.2
      vertex -16.9526 -44.25 1.6
      vertex -16.9526 -44.25 3.2
    endloop
  endfacet
  facet normal 0.831515 0.555502 0
    outer loop
      vertex -16.9526 -44.25 1.6
      vertex -16.8727 -44.3696 3.2
      vertex -16.8727 -44.3696 1.6
    endloop
  endfacet
  facet normal 0.44276 0.89664 -0
    outer loop
      vertex -16.421 -44.7163 1.6
      vertex -16.55 -44.6526 3.2
      vertex -16.421 -44.7163 3.2
    endloop
  endfacet
  facet normal 0.44276 0.89664 0
    outer loop
      vertex -16.55 -44.6526 3.2
      vertex -16.421 -44.7163 1.6
      vertex -16.55 -44.6526 1.6
    endloop
  endfacet
  facet normal -0.99786 -0.065389 0
    outer loop
      vertex 1.1 -24.5 0
      vertex 1.09059 -24.3564 3.2
      vertex 1.09059 -24.3564 0
    endloop
  endfacet
  facet normal -0.99786 -0.065389 0
    outer loop
      vertex 1.09059 -24.3564 3.2
      vertex 1.1 -24.5 0
      vertex 1.1 -24.5 3.2
    endloop
  endfacet
  facet normal 0.99786 -0.065389 0
    outer loop
      vertex -1.1 -24.5 3.2
      vertex -1.09059 -24.3564 0
      vertex -1.09059 -24.3564 3.2
    endloop
  endfacet
  facet normal 0.99786 -0.065389 0
    outer loop
      vertex -1.09059 -24.3564 0
      vertex -1.1 -24.5 3.2
      vertex -1.1 -24.5 0
    endloop
  endfacet
  facet normal -0.0653293 -0.997864 0
    outer loop
      vertex 0 -23.4 0
      vertex 0.143579 -23.4094 3.2
      vertex 0 -23.4 3.2
    endloop
  endfacet
  facet normal -0.0653293 -0.997864 -0
    outer loop
      vertex 0.143579 -23.4094 3.2
      vertex 0 -23.4 0
      vertex 0.143579 -23.4094 0
    endloop
  endfacet
  facet normal -0.659458 -0.751741 0
    outer loop
      vertex 0.669637 -23.6273 0
      vertex 0.777817 -23.7222 3.2
      vertex 0.669637 -23.6273 3.2
    endloop
  endfacet
  facet normal -0.659458 -0.751741 -0
    outer loop
      vertex 0.777817 -23.7222 3.2
      vertex 0.669637 -23.6273 0
      vertex 0.777817 -23.7222 0
    endloop
  endfacet
  facet normal 0.659458 -0.751741 0
    outer loop
      vertex -0.777817 -23.7222 0
      vertex -0.669637 -23.6273 3.2
      vertex -0.777817 -23.7222 3.2
    endloop
  endfacet
  facet normal 0.659458 -0.751741 0
    outer loop
      vertex -0.669637 -23.6273 3.2
      vertex -0.777817 -23.7222 0
      vertex -0.669637 -23.6273 0
    endloop
  endfacet
  facet normal 0.321122 -0.947038 0
    outer loop
      vertex -0.420951 -23.4837 0
      vertex -0.2847 -23.4375 3.2
      vertex -0.420951 -23.4837 3.2
    endloop
  endfacet
  facet normal 0.321122 -0.947038 0
    outer loop
      vertex -0.2847 -23.4375 3.2
      vertex -0.420951 -23.4837 0
      vertex -0.2847 -23.4375 0
    endloop
  endfacet
  facet normal 0.751901 0.659276 0
    outer loop
      vertex -0.777817 -25.2778 3.2
      vertex -0.872688 -25.1696 0
      vertex -0.872688 -25.1696 3.2
    endloop
  endfacet
  facet normal 0.751901 0.659276 0
    outer loop
      vertex -0.872688 -25.1696 0
      vertex -0.777817 -25.2778 3.2
      vertex -0.777817 -25.2778 0
    endloop
  endfacet
  facet normal -0.946967 -0.32133 0
    outer loop
      vertex 1.06252 -24.2153 0
      vertex 1.01627 -24.079 3.2
      vertex 1.01627 -24.079 0
    endloop
  endfacet
  facet normal -0.946967 -0.32133 0
    outer loop
      vertex 1.01627 -24.079 3.2
      vertex 1.06252 -24.2153 0
      vertex 1.06252 -24.2153 3.2
    endloop
  endfacet
  facet normal -0.980781 -0.195113 0
    outer loop
      vertex 1.09059 -24.3564 0
      vertex 1.06252 -24.2153 3.2
      vertex 1.06252 -24.2153 0
    endloop
  endfacet
  facet normal -0.980781 -0.195113 0
    outer loop
      vertex 1.06252 -24.2153 3.2
      vertex 1.09059 -24.3564 0
      vertex 1.09059 -24.3564 3.2
    endloop
  endfacet
  facet normal -0.83139 -0.55569 0
    outer loop
      vertex 0.952627 -23.95 0
      vertex 0.872688 -23.8304 3.2
      vertex 0.872688 -23.8304 0
    endloop
  endfacet
  facet normal -0.83139 -0.55569 0
    outer loop
      vertex 0.872688 -23.8304 3.2
      vertex 0.952627 -23.95 0
      vertex 0.952627 -23.95 3.2
    endloop
  endfacet
  facet normal -0.321122 -0.947038 0
    outer loop
      vertex 0.2847 -23.4375 0
      vertex 0.420951 -23.4837 3.2
      vertex 0.2847 -23.4375 3.2
    endloop
  endfacet
  facet normal -0.321122 -0.947038 -0
    outer loop
      vertex 0.420951 -23.4837 3.2
      vertex 0.2847 -23.4375 0
      vertex 0.420951 -23.4837 0
    endloop
  endfacet
  facet normal -0.195286 -0.980746 0
    outer loop
      vertex 0.143579 -23.4094 0
      vertex 0.2847 -23.4375 3.2
      vertex 0.143579 -23.4094 3.2
    endloop
  endfacet
  facet normal -0.195286 -0.980746 -0
    outer loop
      vertex 0.2847 -23.4375 3.2
      vertex 0.143579 -23.4094 0
      vertex 0.2847 -23.4375 0
    endloop
  endfacet
  facet normal -0.55538 -0.831597 0
    outer loop
      vertex 0.549999 -23.5474 0
      vertex 0.669637 -23.6273 3.2
      vertex 0.549999 -23.5474 3.2
    endloop
  endfacet
  facet normal -0.55538 -0.831597 -0
    outer loop
      vertex 0.669637 -23.6273 3.2
      vertex 0.549999 -23.5474 0
      vertex 0.669637 -23.6273 0
    endloop
  endfacet
  facet normal 0.83139 -0.55569 0
    outer loop
      vertex -0.952627 -23.95 3.2
      vertex -0.872688 -23.8304 0
      vertex -0.872688 -23.8304 3.2
    endloop
  endfacet
  facet normal 0.83139 -0.55569 0
    outer loop
      vertex -0.872688 -23.8304 0
      vertex -0.952627 -23.95 3.2
      vertex -0.952627 -23.95 0
    endloop
  endfacet
  facet normal 0.751901 -0.659276 0
    outer loop
      vertex -0.872688 -23.8304 3.2
      vertex -0.777817 -23.7222 0
      vertex -0.777817 -23.7222 3.2
    endloop
  endfacet
  facet normal 0.751901 -0.659276 0
    outer loop
      vertex -0.777817 -23.7222 0
      vertex -0.872688 -23.8304 3.2
      vertex -0.872688 -23.8304 0
    endloop
  endfacet
  facet normal 0.946967 -0.32133 0
    outer loop
      vertex -1.06252 -24.2153 3.2
      vertex -1.01627 -24.079 0
      vertex -1.01627 -24.079 3.2
    endloop
  endfacet
  facet normal 0.946967 -0.32133 0
    outer loop
      vertex -1.01627 -24.079 0
      vertex -1.06252 -24.2153 3.2
      vertex -1.06252 -24.2153 0
    endloop
  endfacet
  facet normal 0.55538 -0.831597 0
    outer loop
      vertex -0.669637 -23.6273 0
      vertex -0.549999 -23.5474 3.2
      vertex -0.669637 -23.6273 3.2
    endloop
  endfacet
  facet normal 0.55538 -0.831597 0
    outer loop
      vertex -0.549999 -23.5474 3.2
      vertex -0.669637 -23.6273 0
      vertex -0.549999 -23.5474 0
    endloop
  endfacet
  facet normal 0.0653293 -0.997864 0
    outer loop
      vertex -0.143579 -23.4094 0
      vertex 0 -23.4 3.2
      vertex -0.143579 -23.4094 3.2
    endloop
  endfacet
  facet normal 0.0653293 -0.997864 0
    outer loop
      vertex 0 -23.4 3.2
      vertex -0.143579 -23.4094 0
      vertex 0 -23.4 0
    endloop
  endfacet
  facet normal -0.321122 0.947038 0
    outer loop
      vertex 0.420951 -25.5163 0
      vertex 0.2847 -25.5625 3.2
      vertex 0.420951 -25.5163 3.2
    endloop
  endfacet
  facet normal -0.321122 0.947038 0
    outer loop
      vertex 0.2847 -25.5625 3.2
      vertex 0.420951 -25.5163 0
      vertex 0.2847 -25.5625 0
    endloop
  endfacet
  facet normal -0.751901 0.659276 0
    outer loop
      vertex 0.777817 -25.2778 0
      vertex 0.872688 -25.1696 3.2
      vertex 0.872688 -25.1696 0
    endloop
  endfacet
  facet normal -0.751901 0.659276 0
    outer loop
      vertex 0.872688 -25.1696 3.2
      vertex 0.777817 -25.2778 0
      vertex 0.777817 -25.2778 3.2
    endloop
  endfacet
  facet normal -0.55538 0.831597 0
    outer loop
      vertex 0.669637 -25.3727 0
      vertex 0.549999 -25.4526 3.2
      vertex 0.669637 -25.3727 3.2
    endloop
  endfacet
  facet normal -0.55538 0.831597 0
    outer loop
      vertex 0.549999 -25.4526 3.2
      vertex 0.669637 -25.3727 0
      vertex 0.549999 -25.4526 0
    endloop
  endfacet
  facet normal -0.99786 0.065389 0
    outer loop
      vertex 1.09059 -24.6436 0
      vertex 1.1 -24.5 3.2
      vertex 1.1 -24.5 0
    endloop
  endfacet
  facet normal -0.99786 0.065389 0
    outer loop
      vertex 1.1 -24.5 3.2
      vertex 1.09059 -24.6436 0
      vertex 1.09059 -24.6436 3.2
    endloop
  endfacet
  facet normal 0.659458 0.751741 -0
    outer loop
      vertex -0.669637 -25.3727 0
      vertex -0.777817 -25.2778 3.2
      vertex -0.669637 -25.3727 3.2
    endloop
  endfacet
  facet normal 0.659458 0.751741 0
    outer loop
      vertex -0.777817 -25.2778 3.2
      vertex -0.669637 -25.3727 0
      vertex -0.777817 -25.2778 0
    endloop
  endfacet
  facet normal 0.321122 0.947038 -0
    outer loop
      vertex -0.2847 -25.5625 0
      vertex -0.420951 -25.5163 3.2
      vertex -0.2847 -25.5625 3.2
    endloop
  endfacet
  facet normal 0.321122 0.947038 0
    outer loop
      vertex -0.420951 -25.5163 3.2
      vertex -0.2847 -25.5625 0
      vertex -0.420951 -25.5163 0
    endloop
  endfacet
  facet normal 0.980781 0.195113 0
    outer loop
      vertex -1.06252 -24.7847 3.2
      vertex -1.09059 -24.6436 0
      vertex -1.09059 -24.6436 3.2
    endloop
  endfacet
  facet normal 0.980781 0.195113 0
    outer loop
      vertex -1.09059 -24.6436 0
      vertex -1.06252 -24.7847 3.2
      vertex -1.06252 -24.7847 0
    endloop
  endfacet
  facet normal -0.896798 -0.442441 0
    outer loop
      vertex 1.01627 -24.079 0
      vertex 0.952627 -23.95 3.2
      vertex 0.952627 -23.95 0
    endloop
  endfacet
  facet normal -0.896798 -0.442441 0
    outer loop
      vertex 0.952627 -23.95 3.2
      vertex 1.01627 -24.079 0
      vertex 1.01627 -24.079 3.2
    endloop
  endfacet
  facet normal -0.442627 -0.896706 0
    outer loop
      vertex 0.420951 -23.4837 0
      vertex 0.549999 -23.5474 3.2
      vertex 0.420951 -23.4837 3.2
    endloop
  endfacet
  facet normal -0.442627 -0.896706 -0
    outer loop
      vertex 0.549999 -23.5474 3.2
      vertex 0.420951 -23.4837 0
      vertex 0.549999 -23.5474 0
    endloop
  endfacet
  facet normal 0.896798 -0.442441 0
    outer loop
      vertex -1.01627 -24.079 3.2
      vertex -0.952627 -23.95 0
      vertex -0.952627 -23.95 3.2
    endloop
  endfacet
  facet normal 0.896798 -0.442441 0
    outer loop
      vertex -0.952627 -23.95 0
      vertex -1.01627 -24.079 3.2
      vertex -1.01627 -24.079 0
    endloop
  endfacet
  facet normal 0.980781 -0.195113 0
    outer loop
      vertex -1.09059 -24.3564 3.2
      vertex -1.06252 -24.2153 0
      vertex -1.06252 -24.2153 3.2
    endloop
  endfacet
  facet normal 0.980781 -0.195113 0
    outer loop
      vertex -1.06252 -24.2153 0
      vertex -1.09059 -24.3564 3.2
      vertex -1.09059 -24.3564 0
    endloop
  endfacet
  facet normal 0.442627 -0.896706 0
    outer loop
      vertex -0.549999 -23.5474 0
      vertex -0.420951 -23.4837 3.2
      vertex -0.549999 -23.5474 3.2
    endloop
  endfacet
  facet normal 0.442627 -0.896706 0
    outer loop
      vertex -0.420951 -23.4837 3.2
      vertex -0.549999 -23.5474 0
      vertex -0.420951 -23.4837 0
    endloop
  endfacet
  facet normal 0.195286 -0.980746 0
    outer loop
      vertex -0.2847 -23.4375 0
      vertex -0.143579 -23.4094 3.2
      vertex -0.2847 -23.4375 3.2
    endloop
  endfacet
  facet normal 0.195286 -0.980746 0
    outer loop
      vertex -0.143579 -23.4094 3.2
      vertex -0.2847 -23.4375 0
      vertex -0.143579 -23.4094 0
    endloop
  endfacet
  facet normal -0.0653293 0.997864 0
    outer loop
      vertex 0.143579 -25.5906 0
      vertex 0 -25.6 3.2
      vertex 0.143579 -25.5906 3.2
    endloop
  endfacet
  facet normal -0.0653293 0.997864 0
    outer loop
      vertex 0 -25.6 3.2
      vertex 0.143579 -25.5906 0
      vertex 0 -25.6 0
    endloop
  endfacet
  facet normal -0.195286 0.980746 0
    outer loop
      vertex 0.2847 -25.5625 0
      vertex 0.143579 -25.5906 3.2
      vertex 0.2847 -25.5625 3.2
    endloop
  endfacet
  facet normal -0.195286 0.980746 0
    outer loop
      vertex 0.143579 -25.5906 3.2
      vertex 0.2847 -25.5625 0
      vertex 0.143579 -25.5906 0
    endloop
  endfacet
  facet normal -0.659458 0.751741 0
    outer loop
      vertex 0.777817 -25.2778 0
      vertex 0.669637 -25.3727 3.2
      vertex 0.777817 -25.2778 3.2
    endloop
  endfacet
  facet normal -0.659458 0.751741 0
    outer loop
      vertex 0.669637 -25.3727 3.2
      vertex 0.777817 -25.2778 0
      vertex 0.669637 -25.3727 0
    endloop
  endfacet
  facet normal -0.83139 0.55569 0
    outer loop
      vertex 0.872688 -25.1696 0
      vertex 0.952627 -25.05 3.2
      vertex 0.952627 -25.05 0
    endloop
  endfacet
  facet normal -0.83139 0.55569 0
    outer loop
      vertex 0.952627 -25.05 3.2
      vertex 0.872688 -25.1696 0
      vertex 0.872688 -25.1696 3.2
    endloop
  endfacet
  facet normal -0.980781 0.195113 0
    outer loop
      vertex 1.06252 -24.7847 0
      vertex 1.09059 -24.6436 3.2
      vertex 1.09059 -24.6436 0
    endloop
  endfacet
  facet normal -0.980781 0.195113 0
    outer loop
      vertex 1.09059 -24.6436 3.2
      vertex 1.06252 -24.7847 0
      vertex 1.06252 -24.7847 3.2
    endloop
  endfacet
  facet normal 0.195286 0.980746 -0
    outer loop
      vertex -0.143579 -25.5906 0
      vertex -0.2847 -25.5625 3.2
      vertex -0.143579 -25.5906 3.2
    endloop
  endfacet
  facet normal 0.195286 0.980746 0
    outer loop
      vertex -0.2847 -25.5625 3.2
      vertex -0.143579 -25.5906 0
      vertex -0.2847 -25.5625 0
    endloop
  endfacet
  facet normal 0.55538 0.831597 -0
    outer loop
      vertex -0.549999 -25.4526 0
      vertex -0.669637 -25.3727 3.2
      vertex -0.549999 -25.4526 3.2
    endloop
  endfacet
  facet normal 0.55538 0.831597 0
    outer loop
      vertex -0.669637 -25.3727 3.2
      vertex -0.549999 -25.4526 0
      vertex -0.669637 -25.3727 0
    endloop
  endfacet
  facet normal 0.0653293 0.997864 -0
    outer loop
      vertex 0 -25.6 0
      vertex -0.143579 -25.5906 3.2
      vertex 0 -25.6 3.2
    endloop
  endfacet
  facet normal 0.0653293 0.997864 0
    outer loop
      vertex -0.143579 -25.5906 3.2
      vertex 0 -25.6 0
      vertex -0.143579 -25.5906 0
    endloop
  endfacet
  facet normal 0.896798 0.442441 0
    outer loop
      vertex -0.952627 -25.05 3.2
      vertex -1.01627 -24.921 0
      vertex -1.01627 -24.921 3.2
    endloop
  endfacet
  facet normal 0.896798 0.442441 0
    outer loop
      vertex -1.01627 -24.921 0
      vertex -0.952627 -25.05 3.2
      vertex -0.952627 -25.05 0
    endloop
  endfacet
  facet normal 0.946967 0.32133 0
    outer loop
      vertex -1.01627 -24.921 3.2
      vertex -1.06252 -24.7847 0
      vertex -1.06252 -24.7847 3.2
    endloop
  endfacet
  facet normal 0.946967 0.32133 0
    outer loop
      vertex -1.06252 -24.7847 0
      vertex -1.01627 -24.921 3.2
      vertex -1.01627 -24.921 0
    endloop
  endfacet
  facet normal 0.99786 0.065389 0
    outer loop
      vertex -1.09059 -24.6436 3.2
      vertex -1.1 -24.5 0
      vertex -1.1 -24.5 3.2
    endloop
  endfacet
  facet normal 0.99786 0.065389 0
    outer loop
      vertex -1.1 -24.5 0
      vertex -1.09059 -24.6436 3.2
      vertex -1.09059 -24.6436 0
    endloop
  endfacet
  facet normal -0.751901 -0.659276 0
    outer loop
      vertex 0.872688 -23.8304 0
      vertex 0.777817 -23.7222 3.2
      vertex 0.777817 -23.7222 0
    endloop
  endfacet
  facet normal -0.751901 -0.659276 0
    outer loop
      vertex 0.777817 -23.7222 3.2
      vertex 0.872688 -23.8304 0
      vertex 0.872688 -23.8304 3.2
    endloop
  endfacet
  facet normal -0.442627 0.896706 0
    outer loop
      vertex 0.549999 -25.4526 0
      vertex 0.420951 -25.5163 3.2
      vertex 0.549999 -25.4526 3.2
    endloop
  endfacet
  facet normal -0.442627 0.896706 0
    outer loop
      vertex 0.420951 -25.5163 3.2
      vertex 0.549999 -25.4526 0
      vertex 0.420951 -25.5163 0
    endloop
  endfacet
  facet normal -0.896798 0.442441 0
    outer loop
      vertex 0.952627 -25.05 0
      vertex 1.01627 -24.921 3.2
      vertex 1.01627 -24.921 0
    endloop
  endfacet
  facet normal -0.896798 0.442441 0
    outer loop
      vertex 1.01627 -24.921 3.2
      vertex 0.952627 -25.05 0
      vertex 0.952627 -25.05 3.2
    endloop
  endfacet
  facet normal 0.442627 0.896706 -0
    outer loop
      vertex -0.420951 -25.5163 0
      vertex -0.549999 -25.4526 3.2
      vertex -0.420951 -25.5163 3.2
    endloop
  endfacet
  facet normal 0.442627 0.896706 0
    outer loop
      vertex -0.549999 -25.4526 3.2
      vertex -0.420951 -25.5163 0
      vertex -0.549999 -25.4526 0
    endloop
  endfacet
  facet normal 0.83139 0.55569 0
    outer loop
      vertex -0.872688 -25.1696 3.2
      vertex -0.952627 -25.05 0
      vertex -0.952627 -25.05 3.2
    endloop
  endfacet
  facet normal 0.83139 0.55569 0
    outer loop
      vertex -0.952627 -25.05 0
      vertex -0.872688 -25.1696 3.2
      vertex -0.872688 -25.1696 0
    endloop
  endfacet
  facet normal -0.946967 0.32133 0
    outer loop
      vertex 1.01627 -24.921 0
      vertex 1.06252 -24.7847 3.2
      vertex 1.06252 -24.7847 0
    endloop
  endfacet
  facet normal -0.946967 0.32133 0
    outer loop
      vertex 1.06252 -24.7847 3.2
      vertex 1.01627 -24.921 0
      vertex 1.01627 -24.921 3.2
    endloop
  endfacet
  facet normal -0.99786 -0.065389 0
    outer loop
      vertex 1.1 -43.7 1.6
      vertex 1.09059 -43.5564 3.2
      vertex 1.09059 -43.5564 1.6
    endloop
  endfacet
  facet normal -0.99786 -0.065389 0
    outer loop
      vertex 1.09059 -43.5564 3.2
      vertex 1.1 -43.7 1.6
      vertex 1.1 -43.7 3.2
    endloop
  endfacet
  facet normal 0.99786 -0.065389 0
    outer loop
      vertex -1.1 -43.7 3.2
      vertex -1.09059 -43.5564 1.6
      vertex -1.09059 -43.5564 3.2
    endloop
  endfacet
  facet normal 0.99786 -0.065389 0
    outer loop
      vertex -1.09059 -43.5564 1.6
      vertex -1.1 -43.7 3.2
      vertex -1.1 -43.7 1.6
    endloop
  endfacet
  facet normal -0.0653293 -0.997864 0
    outer loop
      vertex 0 -42.6 1.6
      vertex 0.143579 -42.6094 3.2
      vertex 0 -42.6 3.2
    endloop
  endfacet
  facet normal -0.0653293 -0.997864 -0
    outer loop
      vertex 0.143579 -42.6094 3.2
      vertex 0 -42.6 1.6
      vertex 0.143579 -42.6094 1.6
    endloop
  endfacet
  facet normal -0.0653293 0.997864 0
    outer loop
      vertex 0.143579 -44.7906 1.6
      vertex 0 -44.8 3.2
      vertex 0.143579 -44.7906 3.2
    endloop
  endfacet
  facet normal -0.0653293 0.997864 0
    outer loop
      vertex 0 -44.8 3.2
      vertex 0.143579 -44.7906 1.6
      vertex 0 -44.8 1.6
    endloop
  endfacet
  facet normal -0.751901 0.659276 0
    outer loop
      vertex 0.777817 -44.4778 1.6
      vertex 0.872688 -44.3696 3.2
      vertex 0.872688 -44.3696 1.6
    endloop
  endfacet
  facet normal -0.751901 0.659276 0
    outer loop
      vertex 0.872688 -44.3696 3.2
      vertex 0.777817 -44.4778 1.6
      vertex 0.777817 -44.4778 3.2
    endloop
  endfacet
  facet normal -0.659458 -0.751741 0
    outer loop
      vertex 0.669637 -42.8273 1.6
      vertex 0.777817 -42.9222 3.2
      vertex 0.669637 -42.8273 3.2
    endloop
  endfacet
  facet normal -0.659458 -0.751741 -0
    outer loop
      vertex 0.777817 -42.9222 3.2
      vertex 0.669637 -42.8273 1.6
      vertex 0.777817 -42.9222 1.6
    endloop
  endfacet
  facet normal 0.659458 -0.751741 0
    outer loop
      vertex -0.777817 -42.9222 1.6
      vertex -0.669637 -42.8273 3.2
      vertex -0.777817 -42.9222 3.2
    endloop
  endfacet
  facet normal 0.659458 -0.751741 0
    outer loop
      vertex -0.669637 -42.8273 3.2
      vertex -0.777817 -42.9222 1.6
      vertex -0.669637 -42.8273 1.6
    endloop
  endfacet
  facet normal 0.321122 -0.947038 0
    outer loop
      vertex -0.420951 -42.6837 1.6
      vertex -0.2847 -42.6375 3.2
      vertex -0.420951 -42.6837 3.2
    endloop
  endfacet
  facet normal 0.321122 -0.947038 0
    outer loop
      vertex -0.2847 -42.6375 3.2
      vertex -0.420951 -42.6837 1.6
      vertex -0.2847 -42.6375 1.6
    endloop
  endfacet
  facet normal -0.896798 -0.442441 0
    outer loop
      vertex 1.01627 -43.279 1.6
      vertex 0.952627 -43.15 3.2
      vertex 0.952627 -43.15 1.6
    endloop
  endfacet
  facet normal -0.896798 -0.442441 0
    outer loop
      vertex 0.952627 -43.15 3.2
      vertex 1.01627 -43.279 1.6
      vertex 1.01627 -43.279 3.2
    endloop
  endfacet
  facet normal -0.980781 -0.195113 0
    outer loop
      vertex 1.09059 -43.5564 1.6
      vertex 1.06252 -43.4153 3.2
      vertex 1.06252 -43.4153 1.6
    endloop
  endfacet
  facet normal -0.980781 -0.195113 0
    outer loop
      vertex 1.06252 -43.4153 3.2
      vertex 1.09059 -43.5564 1.6
      vertex 1.09059 -43.5564 3.2
    endloop
  endfacet
  facet normal -0.83139 -0.55569 0
    outer loop
      vertex 0.952627 -43.15 1.6
      vertex 0.872688 -43.0304 3.2
      vertex 0.872688 -43.0304 1.6
    endloop
  endfacet
  facet normal -0.83139 -0.55569 0
    outer loop
      vertex 0.872688 -43.0304 3.2
      vertex 0.952627 -43.15 1.6
      vertex 0.952627 -43.15 3.2
    endloop
  endfacet
  facet normal -0.321122 -0.947038 0
    outer loop
      vertex 0.2847 -42.6375 1.6
      vertex 0.420951 -42.6837 3.2
      vertex 0.2847 -42.6375 3.2
    endloop
  endfacet
  facet normal -0.321122 -0.947038 -0
    outer loop
      vertex 0.420951 -42.6837 3.2
      vertex 0.2847 -42.6375 1.6
      vertex 0.420951 -42.6837 1.6
    endloop
  endfacet
  facet normal -0.195286 -0.980746 0
    outer loop
      vertex 0.143579 -42.6094 1.6
      vertex 0.2847 -42.6375 3.2
      vertex 0.143579 -42.6094 3.2
    endloop
  endfacet
  facet normal -0.195286 -0.980746 -0
    outer loop
      vertex 0.2847 -42.6375 3.2
      vertex 0.143579 -42.6094 1.6
      vertex 0.2847 -42.6375 1.6
    endloop
  endfacet
  facet normal -0.55538 -0.831597 0
    outer loop
      vertex 0.549999 -42.7474 1.6
      vertex 0.669637 -42.8273 3.2
      vertex 0.549999 -42.7474 3.2
    endloop
  endfacet
  facet normal -0.55538 -0.831597 -0
    outer loop
      vertex 0.669637 -42.8273 3.2
      vertex 0.549999 -42.7474 1.6
      vertex 0.669637 -42.8273 1.6
    endloop
  endfacet
  facet normal 0.83139 -0.55569 0
    outer loop
      vertex -0.952627 -43.15 3.2
      vertex -0.872688 -43.0304 1.6
      vertex -0.872688 -43.0304 3.2
    endloop
  endfacet
  facet normal 0.83139 -0.55569 0
    outer loop
      vertex -0.872688 -43.0304 1.6
      vertex -0.952627 -43.15 3.2
      vertex -0.952627 -43.15 1.6
    endloop
  endfacet
  facet normal 0.751901 -0.659276 0
    outer loop
      vertex -0.872688 -43.0304 3.2
      vertex -0.777817 -42.9222 1.6
      vertex -0.777817 -42.9222 3.2
    endloop
  endfacet
  facet normal 0.751901 -0.659276 0
    outer loop
      vertex -0.777817 -42.9222 1.6
      vertex -0.872688 -43.0304 3.2
      vertex -0.872688 -43.0304 1.6
    endloop
  endfacet
  facet normal 0.946967 -0.32133 0
    outer loop
      vertex -1.06252 -43.4153 3.2
      vertex -1.01627 -43.279 1.6
      vertex -1.01627 -43.279 3.2
    endloop
  endfacet
  facet normal 0.946967 -0.32133 0
    outer loop
      vertex -1.01627 -43.279 1.6
      vertex -1.06252 -43.4153 3.2
      vertex -1.06252 -43.4153 1.6
    endloop
  endfacet
  facet normal 0.55538 -0.831597 0
    outer loop
      vertex -0.669637 -42.8273 1.6
      vertex -0.549999 -42.7474 3.2
      vertex -0.669637 -42.8273 3.2
    endloop
  endfacet
  facet normal 0.55538 -0.831597 0
    outer loop
      vertex -0.549999 -42.7474 3.2
      vertex -0.669637 -42.8273 1.6
      vertex -0.549999 -42.7474 1.6
    endloop
  endfacet
  facet normal 0.195286 -0.980746 0
    outer loop
      vertex -0.2847 -42.6375 1.6
      vertex -0.143579 -42.6094 3.2
      vertex -0.2847 -42.6375 3.2
    endloop
  endfacet
  facet normal 0.195286 -0.980746 0
    outer loop
      vertex -0.143579 -42.6094 3.2
      vertex -0.2847 -42.6375 1.6
      vertex -0.143579 -42.6094 1.6
    endloop
  endfacet
  facet normal -0.195286 0.980746 0
    outer loop
      vertex 0.2847 -44.7625 1.6
      vertex 0.143579 -44.7906 3.2
      vertex 0.2847 -44.7625 3.2
    endloop
  endfacet
  facet normal -0.195286 0.980746 0
    outer loop
      vertex 0.143579 -44.7906 3.2
      vertex 0.2847 -44.7625 1.6
      vertex 0.143579 -44.7906 1.6
    endloop
  endfacet
  facet normal -0.946967 -0.32133 0
    outer loop
      vertex 1.06252 -43.4153 1.6
      vertex 1.01627 -43.279 3.2
      vertex 1.01627 -43.279 1.6
    endloop
  endfacet
  facet normal -0.946967 -0.32133 0
    outer loop
      vertex 1.01627 -43.279 3.2
      vertex 1.06252 -43.4153 1.6
      vertex 1.06252 -43.4153 3.2
    endloop
  endfacet
  facet normal -0.751901 -0.659276 0
    outer loop
      vertex 0.872688 -43.0304 1.6
      vertex 0.777817 -42.9222 3.2
      vertex 0.777817 -42.9222 1.6
    endloop
  endfacet
  facet normal -0.751901 -0.659276 0
    outer loop
      vertex 0.777817 -42.9222 3.2
      vertex 0.872688 -43.0304 1.6
      vertex 0.872688 -43.0304 3.2
    endloop
  endfacet
  facet normal -0.442627 -0.896706 0
    outer loop
      vertex 0.420951 -42.6837 1.6
      vertex 0.549999 -42.7474 3.2
      vertex 0.420951 -42.6837 3.2
    endloop
  endfacet
  facet normal -0.442627 -0.896706 -0
    outer loop
      vertex 0.549999 -42.7474 3.2
      vertex 0.420951 -42.6837 1.6
      vertex 0.549999 -42.7474 1.6
    endloop
  endfacet
  facet normal 0.896798 -0.442441 0
    outer loop
      vertex -1.01627 -43.279 3.2
      vertex -0.952627 -43.15 1.6
      vertex -0.952627 -43.15 3.2
    endloop
  endfacet
  facet normal 0.896798 -0.442441 0
    outer loop
      vertex -0.952627 -43.15 1.6
      vertex -1.01627 -43.279 3.2
      vertex -1.01627 -43.279 1.6
    endloop
  endfacet
  facet normal 0.980781 -0.195113 0
    outer loop
      vertex -1.09059 -43.5564 3.2
      vertex -1.06252 -43.4153 1.6
      vertex -1.06252 -43.4153 3.2
    endloop
  endfacet
  facet normal 0.980781 -0.195113 0
    outer loop
      vertex -1.06252 -43.4153 1.6
      vertex -1.09059 -43.5564 3.2
      vertex -1.09059 -43.5564 1.6
    endloop
  endfacet
  facet normal 0.0653293 -0.997864 0
    outer loop
      vertex -0.143579 -42.6094 1.6
      vertex 0 -42.6 3.2
      vertex -0.143579 -42.6094 3.2
    endloop
  endfacet
  facet normal 0.0653293 -0.997864 0
    outer loop
      vertex 0 -42.6 3.2
      vertex -0.143579 -42.6094 1.6
      vertex 0 -42.6 1.6
    endloop
  endfacet
  facet normal -0.946967 0.32133 0
    outer loop
      vertex 1.01627 -44.121 1.6
      vertex 1.06252 -43.9847 3.2
      vertex 1.06252 -43.9847 1.6
    endloop
  endfacet
  facet normal -0.946967 0.32133 0
    outer loop
      vertex 1.06252 -43.9847 3.2
      vertex 1.01627 -44.121 1.6
      vertex 1.01627 -44.121 3.2
    endloop
  endfacet
  facet normal -0.980781 0.195113 0
    outer loop
      vertex 1.06252 -43.9847 1.6
      vertex 1.09059 -43.8436 3.2
      vertex 1.09059 -43.8436 1.6
    endloop
  endfacet
  facet normal -0.980781 0.195113 0
    outer loop
      vertex 1.09059 -43.8436 3.2
      vertex 1.06252 -43.9847 1.6
      vertex 1.06252 -43.9847 3.2
    endloop
  endfacet
  facet normal 0.896798 0.442441 0
    outer loop
      vertex -0.952627 -44.25 3.2
      vertex -1.01627 -44.121 1.6
      vertex -1.01627 -44.121 3.2
    endloop
  endfacet
  facet normal 0.896798 0.442441 0
    outer loop
      vertex -1.01627 -44.121 1.6
      vertex -0.952627 -44.25 3.2
      vertex -0.952627 -44.25 1.6
    endloop
  endfacet
  facet normal -0.55538 0.831597 0
    outer loop
      vertex 0.669637 -44.5727 1.6
      vertex 0.549999 -44.6526 3.2
      vertex 0.669637 -44.5727 3.2
    endloop
  endfacet
  facet normal -0.55538 0.831597 0
    outer loop
      vertex 0.549999 -44.6526 3.2
      vertex 0.669637 -44.5727 1.6
      vertex 0.549999 -44.6526 1.6
    endloop
  endfacet
  facet normal -0.442627 0.896706 0
    outer loop
      vertex 0.549999 -44.6526 1.6
      vertex 0.420951 -44.7163 3.2
      vertex 0.549999 -44.6526 3.2
    endloop
  endfacet
  facet normal -0.442627 0.896706 0
    outer loop
      vertex 0.420951 -44.7163 3.2
      vertex 0.549999 -44.6526 1.6
      vertex 0.420951 -44.7163 1.6
    endloop
  endfacet
  facet normal 0.442627 -0.896706 0
    outer loop
      vertex -0.549999 -42.7474 1.6
      vertex -0.420951 -42.6837 3.2
      vertex -0.549999 -42.7474 3.2
    endloop
  endfacet
  facet normal 0.442627 -0.896706 0
    outer loop
      vertex -0.420951 -42.6837 3.2
      vertex -0.549999 -42.7474 1.6
      vertex -0.420951 -42.6837 1.6
    endloop
  endfacet
  facet normal -0.83139 0.55569 0
    outer loop
      vertex 0.872688 -44.3696 1.6
      vertex 0.952627 -44.25 3.2
      vertex 0.952627 -44.25 1.6
    endloop
  endfacet
  facet normal -0.83139 0.55569 0
    outer loop
      vertex 0.952627 -44.25 3.2
      vertex 0.872688 -44.3696 1.6
      vertex 0.872688 -44.3696 3.2
    endloop
  endfacet
  facet normal -0.99786 0.065389 0
    outer loop
      vertex 1.09059 -43.8436 1.6
      vertex 1.1 -43.7 3.2
      vertex 1.1 -43.7 1.6
    endloop
  endfacet
  facet normal -0.99786 0.065389 0
    outer loop
      vertex 1.1 -43.7 3.2
      vertex 1.09059 -43.8436 1.6
      vertex 1.09059 -43.8436 3.2
    endloop
  endfacet
  facet normal 0.321122 0.947038 -0
    outer loop
      vertex -0.2847 -44.7625 1.6
      vertex -0.420951 -44.7163 3.2
      vertex -0.2847 -44.7625 3.2
    endloop
  endfacet
  facet normal 0.321122 0.947038 0
    outer loop
      vertex -0.420951 -44.7163 3.2
      vertex -0.2847 -44.7625 1.6
      vertex -0.420951 -44.7163 1.6
    endloop
  endfacet
  facet normal 0.751901 0.659276 0
    outer loop
      vertex -0.777817 -44.4778 3.2
      vertex -0.872688 -44.3696 1.6
      vertex -0.872688 -44.3696 3.2
    endloop
  endfacet
  facet normal 0.751901 0.659276 0
    outer loop
      vertex -0.872688 -44.3696 1.6
      vertex -0.777817 -44.4778 3.2
      vertex -0.777817 -44.4778 1.6
    endloop
  endfacet
  facet normal 0.946967 0.32133 0
    outer loop
      vertex -1.01627 -44.121 3.2
      vertex -1.06252 -43.9847 1.6
      vertex -1.06252 -43.9847 3.2
    endloop
  endfacet
  facet normal 0.946967 0.32133 0
    outer loop
      vertex -1.06252 -43.9847 1.6
      vertex -1.01627 -44.121 3.2
      vertex -1.01627 -44.121 1.6
    endloop
  endfacet
  facet normal 0.99786 0.065389 0
    outer loop
      vertex -1.09059 -43.8436 3.2
      vertex -1.1 -43.7 1.6
      vertex -1.1 -43.7 3.2
    endloop
  endfacet
  facet normal 0.99786 0.065389 0
    outer loop
      vertex -1.1 -43.7 1.6
      vertex -1.09059 -43.8436 3.2
      vertex -1.09059 -43.8436 1.6
    endloop
  endfacet
  facet normal -0.659458 0.751741 0
    outer loop
      vertex 0.777817 -44.4778 1.6
      vertex 0.669637 -44.5727 3.2
      vertex 0.777817 -44.4778 3.2
    endloop
  endfacet
  facet normal -0.659458 0.751741 0
    outer loop
      vertex 0.669637 -44.5727 3.2
      vertex 0.777817 -44.4778 1.6
      vertex 0.669637 -44.5727 1.6
    endloop
  endfacet
  facet normal -0.321122 0.947038 0
    outer loop
      vertex 0.420951 -44.7163 1.6
      vertex 0.2847 -44.7625 3.2
      vertex 0.420951 -44.7163 3.2
    endloop
  endfacet
  facet normal -0.321122 0.947038 0
    outer loop
      vertex 0.2847 -44.7625 3.2
      vertex 0.420951 -44.7163 1.6
      vertex 0.2847 -44.7625 1.6
    endloop
  endfacet
  facet normal -0.896798 0.442441 0
    outer loop
      vertex 0.952627 -44.25 1.6
      vertex 1.01627 -44.121 3.2
      vertex 1.01627 -44.121 1.6
    endloop
  endfacet
  facet normal -0.896798 0.442441 0
    outer loop
      vertex 1.01627 -44.121 3.2
      vertex 0.952627 -44.25 1.6
      vertex 0.952627 -44.25 3.2
    endloop
  endfacet
  facet normal 0.55538 0.831597 -0
    outer loop
      vertex -0.549999 -44.6526 1.6
      vertex -0.669637 -44.5727 3.2
      vertex -0.549999 -44.6526 3.2
    endloop
  endfacet
  facet normal 0.55538 0.831597 0
    outer loop
      vertex -0.669637 -44.5727 3.2
      vertex -0.549999 -44.6526 1.6
      vertex -0.669637 -44.5727 1.6
    endloop
  endfacet
  facet normal 0.195286 0.980746 -0
    outer loop
      vertex -0.143579 -44.7906 1.6
      vertex -0.2847 -44.7625 3.2
      vertex -0.143579 -44.7906 3.2
    endloop
  endfacet
  facet normal 0.195286 0.980746 0
    outer loop
      vertex -0.2847 -44.7625 3.2
      vertex -0.143579 -44.7906 1.6
      vertex -0.2847 -44.7625 1.6
    endloop
  endfacet
  facet normal 0.659458 0.751741 -0
    outer loop
      vertex -0.669637 -44.5727 1.6
      vertex -0.777817 -44.4778 3.2
      vertex -0.669637 -44.5727 3.2
    endloop
  endfacet
  facet normal 0.659458 0.751741 0
    outer loop
      vertex -0.777817 -44.4778 3.2
      vertex -0.669637 -44.5727 1.6
      vertex -0.777817 -44.4778 1.6
    endloop
  endfacet
  facet normal 0.83139 0.55569 0
    outer loop
      vertex -0.872688 -44.3696 3.2
      vertex -0.952627 -44.25 1.6
      vertex -0.952627 -44.25 3.2
    endloop
  endfacet
  facet normal 0.83139 0.55569 0
    outer loop
      vertex -0.952627 -44.25 1.6
      vertex -0.872688 -44.3696 3.2
      vertex -0.872688 -44.3696 1.6
    endloop
  endfacet
  facet normal 0.980781 0.195113 0
    outer loop
      vertex -1.06252 -43.9847 3.2
      vertex -1.09059 -43.8436 1.6
      vertex -1.09059 -43.8436 3.2
    endloop
  endfacet
  facet normal 0.980781 0.195113 0
    outer loop
      vertex -1.09059 -43.8436 1.6
      vertex -1.06252 -43.9847 3.2
      vertex -1.06252 -43.9847 1.6
    endloop
  endfacet
  facet normal 0.442627 0.896706 -0
    outer loop
      vertex -0.420951 -44.7163 1.6
      vertex -0.549999 -44.6526 3.2
      vertex -0.420951 -44.7163 3.2
    endloop
  endfacet
  facet normal 0.442627 0.896706 0
    outer loop
      vertex -0.549999 -44.6526 3.2
      vertex -0.420951 -44.7163 1.6
      vertex -0.549999 -44.6526 1.6
    endloop
  endfacet
  facet normal 0.0653293 0.997864 -0
    outer loop
      vertex 0 -44.8 1.6
      vertex -0.143579 -44.7906 3.2
      vertex 0 -44.8 3.2
    endloop
  endfacet
  facet normal 0.0653293 0.997864 0
    outer loop
      vertex -0.143579 -44.7906 3.2
      vertex 0 -44.8 1.6
      vertex -0.143579 -44.7906 1.6
    endloop
  endfacet
  facet normal -0.997864 -0.0653198 0
    outer loop
      vertex -14.9 24.5 0
      vertex -14.9094 24.6436 3.2
      vertex -14.9094 24.6436 0
    endloop
  endfacet
  facet normal -0.997864 -0.0653198 0
    outer loop
      vertex -14.9094 24.6436 3.2
      vertex -14.9 24.5 0
      vertex -14.9 24.5 3.2
    endloop
  endfacet
  facet normal 0.0653198 -0.997864 0
    outer loop
      vertex -16.1436 25.5906 0
      vertex -16 25.6 3.2
      vertex -16.1436 25.5906 3.2
    endloop
  endfacet
  facet normal 0.0653198 -0.997864 0
    outer loop
      vertex -16 25.6 3.2
      vertex -16.1436 25.5906 0
      vertex -16 25.6 0
    endloop
  endfacet
  facet normal -0.0653198 0.997864 0
    outer loop
      vertex -15.8564 23.4094 0
      vertex -16 23.4 3.2
      vertex -15.8564 23.4094 3.2
    endloop
  endfacet
  facet normal -0.0653198 0.997864 0
    outer loop
      vertex -16 23.4 3.2
      vertex -15.8564 23.4094 0
      vertex -16 23.4 0
    endloop
  endfacet
  facet normal -0.65939 -0.751801 0
    outer loop
      vertex -15.3304 25.3727 0
      vertex -15.2222 25.2778 3.2
      vertex -15.3304 25.3727 3.2
    endloop
  endfacet
  facet normal -0.65939 -0.751801 -0
    outer loop
      vertex -15.2222 25.2778 3.2
      vertex -15.3304 25.3727 0
      vertex -15.2222 25.2778 0
    endloop
  endfacet
  facet normal 0.751801 -0.65939 0
    outer loop
      vertex -16.8727 25.1696 3.2
      vertex -16.7778 25.2778 0
      vertex -16.7778 25.2778 3.2
    endloop
  endfacet
  facet normal 0.751801 -0.65939 0
    outer loop
      vertex -16.7778 25.2778 0
      vertex -16.8727 25.1696 3.2
      vertex -16.8727 25.1696 0
    endloop
  endfacet
  facet normal 0.44276 -0.89664 0
    outer loop
      vertex -16.55 25.4526 0
      vertex -16.421 25.5163 3.2
      vertex -16.55 25.4526 3.2
    endloop
  endfacet
  facet normal 0.44276 -0.89664 0
    outer loop
      vertex -16.421 25.5163 3.2
      vertex -16.55 25.4526 0
      vertex -16.421 25.5163 0
    endloop
  endfacet
  facet normal -0.947073 0.321018 0
    outer loop
      vertex -14.9837 24.079 0
      vertex -14.9375 24.2153 3.2
      vertex -14.9375 24.2153 0
    endloop
  endfacet
  facet normal -0.947073 0.321018 0
    outer loop
      vertex -14.9375 24.2153 3.2
      vertex -14.9837 24.079 0
      vertex -14.9837 24.079 3.2
    endloop
  endfacet
  facet normal -0.89664 -0.44276 0
    outer loop
      vertex -14.9837 24.921 0
      vertex -15.0474 25.05 3.2
      vertex -15.0474 25.05 0
    endloop
  endfacet
  facet normal -0.89664 -0.44276 0
    outer loop
      vertex -15.0474 25.05 3.2
      vertex -14.9837 24.921 0
      vertex -14.9837 24.921 3.2
    endloop
  endfacet
  facet normal -0.980741 -0.195314 0
    outer loop
      vertex -14.9094 24.6436 0
      vertex -14.9375 24.7847 3.2
      vertex -14.9375 24.7847 0
    endloop
  endfacet
  facet normal -0.980741 -0.195314 0
    outer loop
      vertex -14.9375 24.7847 3.2
      vertex -14.9094 24.6436 0
      vertex -14.9094 24.6436 3.2
    endloop
  endfacet
  facet normal -0.831515 -0.555502 0
    outer loop
      vertex -15.0474 25.05 0
      vertex -15.1273 25.1696 3.2
      vertex -15.1273 25.1696 0
    endloop
  endfacet
  facet normal -0.831515 -0.555502 0
    outer loop
      vertex -15.1273 25.1696 3.2
      vertex -15.0474 25.05 0
      vertex -15.0474 25.05 3.2
    endloop
  endfacet
  facet normal -0.321018 -0.947073 0
    outer loop
      vertex -15.7153 25.5625 0
      vertex -15.579 25.5163 3.2
      vertex -15.7153 25.5625 3.2
    endloop
  endfacet
  facet normal -0.321018 -0.947073 -0
    outer loop
      vertex -15.579 25.5163 3.2
      vertex -15.7153 25.5625 0
      vertex -15.579 25.5163 0
    endloop
  endfacet
  facet normal -0.555502 -0.831515 0
    outer loop
      vertex -15.45 25.4526 0
      vertex -15.3304 25.3727 3.2
      vertex -15.45 25.4526 3.2
    endloop
  endfacet
  facet normal -0.555502 -0.831515 -0
    outer loop
      vertex -15.3304 25.3727 3.2
      vertex -15.45 25.4526 0
      vertex -15.3304 25.3727 0
    endloop
  endfacet
  facet normal 0.947073 -0.321018 0
    outer loop
      vertex -17.0625 24.7847 3.2
      vertex -17.0163 24.921 0
      vertex -17.0163 24.921 3.2
    endloop
  endfacet
  facet normal 0.947073 -0.321018 0
    outer loop
      vertex -17.0163 24.921 0
      vertex -17.0625 24.7847 3.2
      vertex -17.0625 24.7847 0
    endloop
  endfacet
  facet normal 0.831515 -0.555502 0
    outer loop
      vertex -16.9526 25.05 3.2
      vertex -16.8727 25.1696 0
      vertex -16.8727 25.1696 3.2
    endloop
  endfacet
  facet normal 0.831515 -0.555502 0
    outer loop
      vertex -16.8727 25.1696 0
      vertex -16.9526 25.05 3.2
      vertex -16.9526 25.05 0
    endloop
  endfacet
  facet normal 0.555502 -0.831515 0
    outer loop
      vertex -16.6696 25.3727 0
      vertex -16.55 25.4526 3.2
      vertex -16.6696 25.3727 3.2
    endloop
  endfacet
  facet normal 0.555502 -0.831515 0
    outer loop
      vertex -16.55 25.4526 3.2
      vertex -16.6696 25.3727 0
      vertex -16.55 25.4526 0
    endloop
  endfacet
  facet normal 0.195314 -0.980741 0
    outer loop
      vertex -16.2847 25.5625 0
      vertex -16.1436 25.5906 3.2
      vertex -16.2847 25.5625 3.2
    endloop
  endfacet
  facet normal 0.195314 -0.980741 0
    outer loop
      vertex -16.1436 25.5906 3.2
      vertex -16.2847 25.5625 0
      vertex -16.1436 25.5906 0
    endloop
  endfacet
  facet normal -0.44276 0.89664 0
    outer loop
      vertex -15.45 23.5474 0
      vertex -15.579 23.4837 3.2
      vertex -15.45 23.5474 3.2
    endloop
  endfacet
  facet normal -0.44276 0.89664 0
    outer loop
      vertex -15.579 23.4837 3.2
      vertex -15.45 23.5474 0
      vertex -15.579 23.4837 0
    endloop
  endfacet
  facet normal -0.947073 -0.321018 0
    outer loop
      vertex -14.9375 24.7847 0
      vertex -14.9837 24.921 3.2
      vertex -14.9837 24.921 0
    endloop
  endfacet
  facet normal -0.947073 -0.321018 0
    outer loop
      vertex -14.9837 24.921 3.2
      vertex -14.9375 24.7847 0
      vertex -14.9375 24.7847 3.2
    endloop
  endfacet
  facet normal -0.751801 -0.65939 0
    outer loop
      vertex -15.1273 25.1696 0
      vertex -15.2222 25.2778 3.2
      vertex -15.2222 25.2778 0
    endloop
  endfacet
  facet normal -0.751801 -0.65939 0
    outer loop
      vertex -15.2222 25.2778 3.2
      vertex -15.1273 25.1696 0
      vertex -15.1273 25.1696 3.2
    endloop
  endfacet
  facet normal -0.195314 -0.980741 0
    outer loop
      vertex -15.8564 25.5906 0
      vertex -15.7153 25.5625 3.2
      vertex -15.8564 25.5906 3.2
    endloop
  endfacet
  facet normal -0.195314 -0.980741 -0
    outer loop
      vertex -15.7153 25.5625 3.2
      vertex -15.8564 25.5906 0
      vertex -15.7153 25.5625 0
    endloop
  endfacet
  facet normal -0.0653198 -0.997864 0
    outer loop
      vertex -16 25.6 0
      vertex -15.8564 25.5906 3.2
      vertex -16 25.6 3.2
    endloop
  endfacet
  facet normal -0.0653198 -0.997864 -0
    outer loop
      vertex -15.8564 25.5906 3.2
      vertex -16 25.6 0
      vertex -15.8564 25.5906 0
    endloop
  endfacet
  facet normal -0.44276 -0.89664 0
    outer loop
      vertex -15.579 25.5163 0
      vertex -15.45 25.4526 3.2
      vertex -15.579 25.5163 3.2
    endloop
  endfacet
  facet normal -0.44276 -0.89664 -0
    outer loop
      vertex -15.45 25.4526 3.2
      vertex -15.579 25.5163 0
      vertex -15.45 25.4526 0
    endloop
  endfacet
  facet normal 0.89664 -0.44276 0
    outer loop
      vertex -17.0163 24.921 3.2
      vertex -16.9526 25.05 0
      vertex -16.9526 25.05 3.2
    endloop
  endfacet
  facet normal 0.89664 -0.44276 0
    outer loop
      vertex -16.9526 25.05 0
      vertex -17.0163 24.921 3.2
      vertex -17.0163 24.921 0
    endloop
  endfacet
  facet normal 0.980741 -0.195314 0
    outer loop
      vertex -17.0906 24.6436 3.2
      vertex -17.0625 24.7847 0
      vertex -17.0625 24.7847 3.2
    endloop
  endfacet
  facet normal 0.980741 -0.195314 0
    outer loop
      vertex -17.0625 24.7847 0
      vertex -17.0906 24.6436 3.2
      vertex -17.0906 24.6436 0
    endloop
  endfacet
  facet normal 0.997864 -0.0653198 0
    outer loop
      vertex -17.1 24.5 3.2
      vertex -17.0906 24.6436 0
      vertex -17.0906 24.6436 3.2
    endloop
  endfacet
  facet normal 0.997864 -0.0653198 0
    outer loop
      vertex -17.0906 24.6436 0
      vertex -17.1 24.5 3.2
      vertex -17.1 24.5 0
    endloop
  endfacet
  facet normal 0.997864 0.0653198 0
    outer loop
      vertex -17.0906 24.3564 3.2
      vertex -17.1 24.5 0
      vertex -17.1 24.5 3.2
    endloop
  endfacet
  facet normal 0.997864 0.0653198 0
    outer loop
      vertex -17.1 24.5 0
      vertex -17.0906 24.3564 3.2
      vertex -17.0906 24.3564 0
    endloop
  endfacet
  facet normal 0.65939 -0.751801 0
    outer loop
      vertex -16.7778 25.2778 0
      vertex -16.6696 25.3727 3.2
      vertex -16.7778 25.2778 3.2
    endloop
  endfacet
  facet normal 0.65939 -0.751801 0
    outer loop
      vertex -16.6696 25.3727 3.2
      vertex -16.7778 25.2778 0
      vertex -16.6696 25.3727 0
    endloop
  endfacet
  facet normal 0.321018 -0.947073 0
    outer loop
      vertex -16.421 25.5163 0
      vertex -16.2847 25.5625 3.2
      vertex -16.421 25.5163 3.2
    endloop
  endfacet
  facet normal 0.321018 -0.947073 0
    outer loop
      vertex -16.2847 25.5625 3.2
      vertex -16.421 25.5163 0
      vertex -16.2847 25.5625 0
    endloop
  endfacet
  facet normal -0.997864 0.0653198 0
    outer loop
      vertex -14.9094 24.3564 0
      vertex -14.9 24.5 3.2
      vertex -14.9 24.5 0
    endloop
  endfacet
  facet normal -0.997864 0.0653198 0
    outer loop
      vertex -14.9 24.5 3.2
      vertex -14.9094 24.3564 0
      vertex -14.9094 24.3564 3.2
    endloop
  endfacet
  facet normal -0.831515 0.555502 0
    outer loop
      vertex -15.1273 23.8304 0
      vertex -15.0474 23.95 3.2
      vertex -15.0474 23.95 0
    endloop
  endfacet
  facet normal -0.831515 0.555502 0
    outer loop
      vertex -15.0474 23.95 3.2
      vertex -15.1273 23.8304 0
      vertex -15.1273 23.8304 3.2
    endloop
  endfacet
  facet normal -0.980741 0.195314 0
    outer loop
      vertex -14.9375 24.2153 0
      vertex -14.9094 24.3564 3.2
      vertex -14.9094 24.3564 0
    endloop
  endfacet
  facet normal -0.980741 0.195314 0
    outer loop
      vertex -14.9094 24.3564 3.2
      vertex -14.9375 24.2153 0
      vertex -14.9375 24.2153 3.2
    endloop
  endfacet
  facet normal 0.555502 0.831515 -0
    outer loop
      vertex -16.55 23.5474 0
      vertex -16.6696 23.6273 3.2
      vertex -16.55 23.5474 3.2
    endloop
  endfacet
  facet normal 0.555502 0.831515 0
    outer loop
      vertex -16.6696 23.6273 3.2
      vertex -16.55 23.5474 0
      vertex -16.6696 23.6273 0
    endloop
  endfacet
  facet normal 0.831515 0.555502 0
    outer loop
      vertex -16.8727 23.8304 3.2
      vertex -16.9526 23.95 0
      vertex -16.9526 23.95 3.2
    endloop
  endfacet
  facet normal 0.831515 0.555502 0
    outer loop
      vertex -16.9526 23.95 0
      vertex -16.8727 23.8304 3.2
      vertex -16.8727 23.8304 0
    endloop
  endfacet
  facet normal 0.751801 0.65939 0
    outer loop
      vertex -16.7778 23.7222 3.2
      vertex -16.8727 23.8304 0
      vertex -16.8727 23.8304 3.2
    endloop
  endfacet
  facet normal 0.751801 0.65939 0
    outer loop
      vertex -16.8727 23.8304 0
      vertex -16.7778 23.7222 3.2
      vertex -16.7778 23.7222 0
    endloop
  endfacet
  facet normal -0.555502 0.831515 0
    outer loop
      vertex -15.3304 23.6273 0
      vertex -15.45 23.5474 3.2
      vertex -15.3304 23.6273 3.2
    endloop
  endfacet
  facet normal -0.555502 0.831515 0
    outer loop
      vertex -15.45 23.5474 3.2
      vertex -15.3304 23.6273 0
      vertex -15.45 23.5474 0
    endloop
  endfacet
  facet normal -0.89664 0.44276 0
    outer loop
      vertex -15.0474 23.95 0
      vertex -14.9837 24.079 3.2
      vertex -14.9837 24.079 0
    endloop
  endfacet
  facet normal -0.89664 0.44276 0
    outer loop
      vertex -14.9837 24.079 3.2
      vertex -15.0474 23.95 0
      vertex -15.0474 23.95 3.2
    endloop
  endfacet
  facet normal 0.195314 0.980741 -0
    outer loop
      vertex -16.1436 23.4094 0
      vertex -16.2847 23.4375 3.2
      vertex -16.1436 23.4094 3.2
    endloop
  endfacet
  facet normal 0.195314 0.980741 0
    outer loop
      vertex -16.2847 23.4375 3.2
      vertex -16.1436 23.4094 0
      vertex -16.2847 23.4375 0
    endloop
  endfacet
  facet normal 0.65939 0.751801 -0
    outer loop
      vertex -16.6696 23.6273 0
      vertex -16.7778 23.7222 3.2
      vertex -16.6696 23.6273 3.2
    endloop
  endfacet
  facet normal 0.65939 0.751801 0
    outer loop
      vertex -16.7778 23.7222 3.2
      vertex -16.6696 23.6273 0
      vertex -16.7778 23.7222 0
    endloop
  endfacet
  facet normal 0.947073 0.321018 0
    outer loop
      vertex -17.0163 24.079 3.2
      vertex -17.0625 24.2153 0
      vertex -17.0625 24.2153 3.2
    endloop
  endfacet
  facet normal 0.947073 0.321018 0
    outer loop
      vertex -17.0625 24.2153 0
      vertex -17.0163 24.079 3.2
      vertex -17.0163 24.079 0
    endloop
  endfacet
  facet normal 0.980741 0.195314 0
    outer loop
      vertex -17.0625 24.2153 3.2
      vertex -17.0906 24.3564 0
      vertex -17.0906 24.3564 3.2
    endloop
  endfacet
  facet normal 0.980741 0.195314 0
    outer loop
      vertex -17.0906 24.3564 0
      vertex -17.0625 24.2153 3.2
      vertex -17.0625 24.2153 0
    endloop
  endfacet
  facet normal 0.89664 0.44276 0
    outer loop
      vertex -16.9526 23.95 3.2
      vertex -17.0163 24.079 0
      vertex -17.0163 24.079 3.2
    endloop
  endfacet
  facet normal 0.89664 0.44276 0
    outer loop
      vertex -17.0163 24.079 0
      vertex -16.9526 23.95 3.2
      vertex -16.9526 23.95 0
    endloop
  endfacet
  facet normal -0.65939 0.751801 0
    outer loop
      vertex -15.2222 23.7222 0
      vertex -15.3304 23.6273 3.2
      vertex -15.2222 23.7222 3.2
    endloop
  endfacet
  facet normal -0.65939 0.751801 0
    outer loop
      vertex -15.3304 23.6273 3.2
      vertex -15.2222 23.7222 0
      vertex -15.3304 23.6273 0
    endloop
  endfacet
  facet normal -0.321018 0.947073 0
    outer loop
      vertex -15.579 23.4837 0
      vertex -15.7153 23.4375 3.2
      vertex -15.579 23.4837 3.2
    endloop
  endfacet
  facet normal -0.321018 0.947073 0
    outer loop
      vertex -15.7153 23.4375 3.2
      vertex -15.579 23.4837 0
      vertex -15.7153 23.4375 0
    endloop
  endfacet
  facet normal -0.195314 0.980741 0
    outer loop
      vertex -15.7153 23.4375 0
      vertex -15.8564 23.4094 3.2
      vertex -15.7153 23.4375 3.2
    endloop
  endfacet
  facet normal -0.195314 0.980741 0
    outer loop
      vertex -15.8564 23.4094 3.2
      vertex -15.7153 23.4375 0
      vertex -15.8564 23.4094 0
    endloop
  endfacet
  facet normal 0.0653198 0.997864 -0
    outer loop
      vertex -16 23.4 0
      vertex -16.1436 23.4094 3.2
      vertex -16 23.4 3.2
    endloop
  endfacet
  facet normal 0.0653198 0.997864 0
    outer loop
      vertex -16.1436 23.4094 3.2
      vertex -16 23.4 0
      vertex -16.1436 23.4094 0
    endloop
  endfacet
  facet normal 0.44276 0.89664 -0
    outer loop
      vertex -16.421 23.4837 0
      vertex -16.55 23.5474 3.2
      vertex -16.421 23.4837 3.2
    endloop
  endfacet
  facet normal 0.44276 0.89664 0
    outer loop
      vertex -16.55 23.5474 3.2
      vertex -16.421 23.4837 0
      vertex -16.55 23.5474 0
    endloop
  endfacet
  facet normal -0.751801 0.65939 0
    outer loop
      vertex -15.2222 23.7222 0
      vertex -15.1273 23.8304 3.2
      vertex -15.1273 23.8304 0
    endloop
  endfacet
  facet normal -0.751801 0.65939 0
    outer loop
      vertex -15.1273 23.8304 3.2
      vertex -15.2222 23.7222 0
      vertex -15.2222 23.7222 3.2
    endloop
  endfacet
  facet normal 0.321018 0.947073 -0
    outer loop
      vertex -16.2847 23.4375 0
      vertex -16.421 23.4837 3.2
      vertex -16.2847 23.4375 3.2
    endloop
  endfacet
  facet normal 0.321018 0.947073 0
    outer loop
      vertex -16.421 23.4837 3.2
      vertex -16.2847 23.4375 0
      vertex -16.421 23.4837 0
    endloop
  endfacet
  facet normal -0.997864 -0.0653198 0
    outer loop
      vertex -14.9 43.7 1.6
      vertex -14.9094 43.8436 3.2
      vertex -14.9094 43.8436 1.6
    endloop
  endfacet
  facet normal -0.997864 -0.0653198 0
    outer loop
      vertex -14.9094 43.8436 3.2
      vertex -14.9 43.7 1.6
      vertex -14.9 43.7 3.2
    endloop
  endfacet
  facet normal 0.0653198 -0.997864 0
    outer loop
      vertex -16.1436 44.7906 1.6
      vertex -16 44.8 3.2
      vertex -16.1436 44.7906 3.2
    endloop
  endfacet
  facet normal 0.0653198 -0.997864 0
    outer loop
      vertex -16 44.8 3.2
      vertex -16.1436 44.7906 1.6
      vertex -16 44.8 1.6
    endloop
  endfacet
  facet normal -0.0653198 0.997864 0
    outer loop
      vertex -15.8564 42.6094 1.6
      vertex -16 42.6 3.2
      vertex -15.8564 42.6094 3.2
    endloop
  endfacet
  facet normal -0.0653198 0.997864 0
    outer loop
      vertex -16 42.6 3.2
      vertex -15.8564 42.6094 1.6
      vertex -16 42.6 1.6
    endloop
  endfacet
  facet normal -0.751801 0.65939 0
    outer loop
      vertex -15.2222 42.9222 1.6
      vertex -15.1273 43.0304 3.2
      vertex -15.1273 43.0304 1.6
    endloop
  endfacet
  facet normal -0.751801 0.65939 0
    outer loop
      vertex -15.1273 43.0304 3.2
      vertex -15.2222 42.9222 1.6
      vertex -15.2222 42.9222 3.2
    endloop
  endfacet
  facet normal -0.65939 -0.751801 0
    outer loop
      vertex -15.3304 44.5727 1.6
      vertex -15.2222 44.4778 3.2
      vertex -15.3304 44.5727 3.2
    endloop
  endfacet
  facet normal -0.65939 -0.751801 -0
    outer loop
      vertex -15.2222 44.4778 3.2
      vertex -15.3304 44.5727 1.6
      vertex -15.2222 44.4778 1.6
    endloop
  endfacet
  facet normal 0.751801 -0.65939 0
    outer loop
      vertex -16.8727 44.3696 3.2
      vertex -16.7778 44.4778 1.6
      vertex -16.7778 44.4778 3.2
    endloop
  endfacet
  facet normal 0.751801 -0.65939 0
    outer loop
      vertex -16.7778 44.4778 1.6
      vertex -16.8727 44.3696 3.2
      vertex -16.8727 44.3696 1.6
    endloop
  endfacet
  facet normal 0.44276 -0.89664 0
    outer loop
      vertex -16.55 44.6526 1.6
      vertex -16.421 44.7163 3.2
      vertex -16.55 44.6526 3.2
    endloop
  endfacet
  facet normal 0.44276 -0.89664 0
    outer loop
      vertex -16.421 44.7163 3.2
      vertex -16.55 44.6526 1.6
      vertex -16.421 44.7163 1.6
    endloop
  endfacet
  facet normal -0.947073 0.321018 0
    outer loop
      vertex -14.9837 43.279 1.6
      vertex -14.9375 43.4153 3.2
      vertex -14.9375 43.4153 1.6
    endloop
  endfacet
  facet normal -0.947073 0.321018 0
    outer loop
      vertex -14.9375 43.4153 3.2
      vertex -14.9837 43.279 1.6
      vertex -14.9837 43.279 3.2
    endloop
  endfacet
  facet normal -0.89664 -0.44276 0
    outer loop
      vertex -14.9837 44.121 1.6
      vertex -15.0474 44.25 3.2
      vertex -15.0474 44.25 1.6
    endloop
  endfacet
  facet normal -0.89664 -0.44276 0
    outer loop
      vertex -15.0474 44.25 3.2
      vertex -14.9837 44.121 1.6
      vertex -14.9837 44.121 3.2
    endloop
  endfacet
  facet normal -0.980741 -0.195314 0
    outer loop
      vertex -14.9094 43.8436 1.6
      vertex -14.9375 43.9847 3.2
      vertex -14.9375 43.9847 1.6
    endloop
  endfacet
  facet normal -0.980741 -0.195314 0
    outer loop
      vertex -14.9375 43.9847 3.2
      vertex -14.9094 43.8436 1.6
      vertex -14.9094 43.8436 3.2
    endloop
  endfacet
  facet normal -0.831515 -0.555502 0
    outer loop
      vertex -15.0474 44.25 1.6
      vertex -15.1273 44.3696 3.2
      vertex -15.1273 44.3696 1.6
    endloop
  endfacet
  facet normal -0.831515 -0.555502 0
    outer loop
      vertex -15.1273 44.3696 3.2
      vertex -15.0474 44.25 1.6
      vertex -15.0474 44.25 3.2
    endloop
  endfacet
  facet normal -0.321018 -0.947073 0
    outer loop
      vertex -15.7153 44.7625 1.6
      vertex -15.579 44.7163 3.2
      vertex -15.7153 44.7625 3.2
    endloop
  endfacet
  facet normal -0.321018 -0.947073 -0
    outer loop
      vertex -15.579 44.7163 3.2
      vertex -15.7153 44.7625 1.6
      vertex -15.579 44.7163 1.6
    endloop
  endfacet
  facet normal -0.195314 -0.980741 0
    outer loop
      vertex -15.8564 44.7906 1.6
      vertex -15.7153 44.7625 3.2
      vertex -15.8564 44.7906 3.2
    endloop
  endfacet
  facet normal -0.195314 -0.980741 -0
    outer loop
      vertex -15.7153 44.7625 3.2
      vertex -15.8564 44.7906 1.6
      vertex -15.7153 44.7625 1.6
    endloop
  endfacet
  facet normal -0.555502 -0.831515 0
    outer loop
      vertex -15.45 44.6526 1.6
      vertex -15.3304 44.5727 3.2
      vertex -15.45 44.6526 3.2
    endloop
  endfacet
  facet normal -0.555502 -0.831515 -0
    outer loop
      vertex -15.3304 44.5727 3.2
      vertex -15.45 44.6526 1.6
      vertex -15.3304 44.5727 1.6
    endloop
  endfacet
  facet normal 0.947073 -0.321018 0
    outer loop
      vertex -17.0625 43.9847 3.2
      vertex -17.0163 44.121 1.6
      vertex -17.0163 44.121 3.2
    endloop
  endfacet
  facet normal 0.947073 -0.321018 0
    outer loop
      vertex -17.0163 44.121 1.6
      vertex -17.0625 43.9847 3.2
      vertex -17.0625 43.9847 1.6
    endloop
  endfacet
  facet normal 0.555502 -0.831515 0
    outer loop
      vertex -16.6696 44.5727 1.6
      vertex -16.55 44.6526 3.2
      vertex -16.6696 44.5727 3.2
    endloop
  endfacet
  facet normal 0.555502 -0.831515 0
    outer loop
      vertex -16.55 44.6526 3.2
      vertex -16.6696 44.5727 1.6
      vertex -16.55 44.6526 1.6
    endloop
  endfacet
  facet normal 0.195314 -0.980741 0
    outer loop
      vertex -16.2847 44.7625 1.6
      vertex -16.1436 44.7906 3.2
      vertex -16.2847 44.7625 3.2
    endloop
  endfacet
  facet normal 0.195314 -0.980741 0
    outer loop
      vertex -16.1436 44.7906 3.2
      vertex -16.2847 44.7625 1.6
      vertex -16.1436 44.7906 1.6
    endloop
  endfacet
  facet normal -0.44276 0.89664 0
    outer loop
      vertex -15.45 42.7474 1.6
      vertex -15.579 42.6837 3.2
      vertex -15.45 42.7474 3.2
    endloop
  endfacet
  facet normal -0.44276 0.89664 0
    outer loop
      vertex -15.579 42.6837 3.2
      vertex -15.45 42.7474 1.6
      vertex -15.579 42.6837 1.6
    endloop
  endfacet
  facet normal -0.947073 -0.321018 0
    outer loop
      vertex -14.9375 43.9847 1.6
      vertex -14.9837 44.121 3.2
      vertex -14.9837 44.121 1.6
    endloop
  endfacet
  facet normal -0.947073 -0.321018 0
    outer loop
      vertex -14.9837 44.121 3.2
      vertex -14.9375 43.9847 1.6
      vertex -14.9375 43.9847 3.2
    endloop
  endfacet
  facet normal -0.751801 -0.65939 0
    outer loop
      vertex -15.1273 44.3696 1.6
      vertex -15.2222 44.4778 3.2
      vertex -15.2222 44.4778 1.6
    endloop
  endfacet
  facet normal -0.751801 -0.65939 0
    outer loop
      vertex -15.2222 44.4778 3.2
      vertex -15.1273 44.3696 1.6
      vertex -15.1273 44.3696 3.2
    endloop
  endfacet
  facet normal -0.0653198 -0.997864 0
    outer loop
      vertex -16 44.8 1.6
      vertex -15.8564 44.7906 3.2
      vertex -16 44.8 3.2
    endloop
  endfacet
  facet normal -0.0653198 -0.997864 -0
    outer loop
      vertex -15.8564 44.7906 3.2
      vertex -16 44.8 1.6
      vertex -15.8564 44.7906 1.6
    endloop
  endfacet
  facet normal -0.44276 -0.89664 0
    outer loop
      vertex -15.579 44.7163 1.6
      vertex -15.45 44.6526 3.2
      vertex -15.579 44.7163 3.2
    endloop
  endfacet
  facet normal -0.44276 -0.89664 -0
    outer loop
      vertex -15.45 44.6526 3.2
      vertex -15.579 44.7163 1.6
      vertex -15.45 44.6526 1.6
    endloop
  endfacet
  facet normal 0.89664 -0.44276 0
    outer loop
      vertex -17.0163 44.121 3.2
      vertex -16.9526 44.25 1.6
      vertex -16.9526 44.25 3.2
    endloop
  endfacet
  facet normal 0.89664 -0.44276 0
    outer loop
      vertex -16.9526 44.25 1.6
      vertex -17.0163 44.121 3.2
      vertex -17.0163 44.121 1.6
    endloop
  endfacet
  facet normal 0.831515 -0.555502 0
    outer loop
      vertex -16.9526 44.25 3.2
      vertex -16.8727 44.3696 1.6
      vertex -16.8727 44.3696 3.2
    endloop
  endfacet
  facet normal 0.831515 -0.555502 0
    outer loop
      vertex -16.8727 44.3696 1.6
      vertex -16.9526 44.25 3.2
      vertex -16.9526 44.25 1.6
    endloop
  endfacet
  facet normal 0.980741 -0.195314 0
    outer loop
      vertex -17.0906 43.8436 3.2
      vertex -17.0625 43.9847 1.6
      vertex -17.0625 43.9847 3.2
    endloop
  endfacet
  facet normal 0.980741 -0.195314 0
    outer loop
      vertex -17.0625 43.9847 1.6
      vertex -17.0906 43.8436 3.2
      vertex -17.0906 43.8436 1.6
    endloop
  endfacet
  facet normal 0.997864 -0.0653198 0
    outer loop
      vertex -17.1 43.7 3.2
      vertex -17.0906 43.8436 1.6
      vertex -17.0906 43.8436 3.2
    endloop
  endfacet
  facet normal 0.997864 -0.0653198 0
    outer loop
      vertex -17.0906 43.8436 1.6
      vertex -17.1 43.7 3.2
      vertex -17.1 43.7 1.6
    endloop
  endfacet
  facet normal 0.997864 0.0653198 0
    outer loop
      vertex -17.0906 43.5564 3.2
      vertex -17.1 43.7 1.6
      vertex -17.1 43.7 3.2
    endloop
  endfacet
  facet normal 0.997864 0.0653198 0
    outer loop
      vertex -17.1 43.7 1.6
      vertex -17.0906 43.5564 3.2
      vertex -17.0906 43.5564 1.6
    endloop
  endfacet
  facet normal 0.65939 -0.751801 0
    outer loop
      vertex -16.7778 44.4778 1.6
      vertex -16.6696 44.5727 3.2
      vertex -16.7778 44.4778 3.2
    endloop
  endfacet
  facet normal 0.65939 -0.751801 0
    outer loop
      vertex -16.6696 44.5727 3.2
      vertex -16.7778 44.4778 1.6
      vertex -16.6696 44.5727 1.6
    endloop
  endfacet
  facet normal 0.321018 -0.947073 0
    outer loop
      vertex -16.421 44.7163 1.6
      vertex -16.2847 44.7625 3.2
      vertex -16.421 44.7163 3.2
    endloop
  endfacet
  facet normal 0.321018 -0.947073 0
    outer loop
      vertex -16.2847 44.7625 3.2
      vertex -16.421 44.7163 1.6
      vertex -16.2847 44.7625 1.6
    endloop
  endfacet
  facet normal -0.831515 0.555502 0
    outer loop
      vertex -15.1273 43.0304 1.6
      vertex -15.0474 43.15 3.2
      vertex -15.0474 43.15 1.6
    endloop
  endfacet
  facet normal -0.831515 0.555502 0
    outer loop
      vertex -15.0474 43.15 3.2
      vertex -15.1273 43.0304 1.6
      vertex -15.1273 43.0304 3.2
    endloop
  endfacet
  facet normal -0.980741 0.195314 0
    outer loop
      vertex -14.9375 43.4153 1.6
      vertex -14.9094 43.5564 3.2
      vertex -14.9094 43.5564 1.6
    endloop
  endfacet
  facet normal -0.980741 0.195314 0
    outer loop
      vertex -14.9094 43.5564 3.2
      vertex -14.9375 43.4153 1.6
      vertex -14.9375 43.4153 3.2
    endloop
  endfacet
  facet normal 0.555502 0.831515 -0
    outer loop
      vertex -16.55 42.7474 1.6
      vertex -16.6696 42.8273 3.2
      vertex -16.55 42.7474 3.2
    endloop
  endfacet
  facet normal 0.555502 0.831515 0
    outer loop
      vertex -16.6696 42.8273 3.2
      vertex -16.55 42.7474 1.6
      vertex -16.6696 42.8273 1.6
    endloop
  endfacet
  facet normal 0.831515 0.555502 0
    outer loop
      vertex -16.8727 43.0304 3.2
      vertex -16.9526 43.15 1.6
      vertex -16.9526 43.15 3.2
    endloop
  endfacet
  facet normal 0.831515 0.555502 0
    outer loop
      vertex -16.9526 43.15 1.6
      vertex -16.8727 43.0304 3.2
      vertex -16.8727 43.0304 1.6
    endloop
  endfacet
  facet normal 0.751801 0.65939 0
    outer loop
      vertex -16.7778 42.9222 3.2
      vertex -16.8727 43.0304 1.6
      vertex -16.8727 43.0304 3.2
    endloop
  endfacet
  facet normal 0.751801 0.65939 0
    outer loop
      vertex -16.8727 43.0304 1.6
      vertex -16.7778 42.9222 3.2
      vertex -16.7778 42.9222 1.6
    endloop
  endfacet
  facet normal -0.555502 0.831515 0
    outer loop
      vertex -15.3304 42.8273 1.6
      vertex -15.45 42.7474 3.2
      vertex -15.3304 42.8273 3.2
    endloop
  endfacet
  facet normal -0.555502 0.831515 0
    outer loop
      vertex -15.45 42.7474 3.2
      vertex -15.3304 42.8273 1.6
      vertex -15.45 42.7474 1.6
    endloop
  endfacet
  facet normal -0.89664 0.44276 0
    outer loop
      vertex -15.0474 43.15 1.6
      vertex -14.9837 43.279 3.2
      vertex -14.9837 43.279 1.6
    endloop
  endfacet
  facet normal -0.89664 0.44276 0
    outer loop
      vertex -14.9837 43.279 3.2
      vertex -15.0474 43.15 1.6
      vertex -15.0474 43.15 3.2
    endloop
  endfacet
  facet normal -0.997864 0.0653198 0
    outer loop
      vertex -14.9094 43.5564 1.6
      vertex -14.9 43.7 3.2
      vertex -14.9 43.7 1.6
    endloop
  endfacet
  facet normal -0.997864 0.0653198 0
    outer loop
      vertex -14.9 43.7 3.2
      vertex -14.9094 43.5564 1.6
      vertex -14.9094 43.5564 3.2
    endloop
  endfacet
  facet normal 0.195314 0.980741 -0
    outer loop
      vertex -16.1436 42.6094 1.6
      vertex -16.2847 42.6375 3.2
      vertex -16.1436 42.6094 3.2
    endloop
  endfacet
  facet normal 0.195314 0.980741 0
    outer loop
      vertex -16.2847 42.6375 3.2
      vertex -16.1436 42.6094 1.6
      vertex -16.2847 42.6375 1.6
    endloop
  endfacet
  facet normal 0.65939 0.751801 -0
    outer loop
      vertex -16.6696 42.8273 1.6
      vertex -16.7778 42.9222 3.2
      vertex -16.6696 42.8273 3.2
    endloop
  endfacet
  facet normal 0.65939 0.751801 0
    outer loop
      vertex -16.7778 42.9222 3.2
      vertex -16.6696 42.8273 1.6
      vertex -16.7778 42.9222 1.6
    endloop
  endfacet
  facet normal 0.947073 0.321018 0
    outer loop
      vertex -17.0163 43.279 3.2
      vertex -17.0625 43.4153 1.6
      vertex -17.0625 43.4153 3.2
    endloop
  endfacet
  facet normal 0.947073 0.321018 0
    outer loop
      vertex -17.0625 43.4153 1.6
      vertex -17.0163 43.279 3.2
      vertex -17.0163 43.279 1.6
    endloop
  endfacet
  facet normal 0.980741 0.195314 0
    outer loop
      vertex -17.0625 43.4153 3.2
      vertex -17.0906 43.5564 1.6
      vertex -17.0906 43.5564 3.2
    endloop
  endfacet
  facet normal 0.980741 0.195314 0
    outer loop
      vertex -17.0906 43.5564 1.6
      vertex -17.0625 43.4153 3.2
      vertex -17.0625 43.4153 1.6
    endloop
  endfacet
  facet normal 0.89664 0.44276 0
    outer loop
      vertex -16.9526 43.15 3.2
      vertex -17.0163 43.279 1.6
      vertex -17.0163 43.279 3.2
    endloop
  endfacet
  facet normal 0.89664 0.44276 0
    outer loop
      vertex -17.0163 43.279 1.6
      vertex -16.9526 43.15 3.2
      vertex -16.9526 43.15 1.6
    endloop
  endfacet
  facet normal -0.65939 0.751801 0
    outer loop
      vertex -15.2222 42.9222 1.6
      vertex -15.3304 42.8273 3.2
      vertex -15.2222 42.9222 3.2
    endloop
  endfacet
  facet normal -0.65939 0.751801 0
    outer loop
      vertex -15.3304 42.8273 3.2
      vertex -15.2222 42.9222 1.6
      vertex -15.3304 42.8273 1.6
    endloop
  endfacet
  facet normal -0.321018 0.947073 0
    outer loop
      vertex -15.579 42.6837 1.6
      vertex -15.7153 42.6375 3.2
      vertex -15.579 42.6837 3.2
    endloop
  endfacet
  facet normal -0.321018 0.947073 0
    outer loop
      vertex -15.7153 42.6375 3.2
      vertex -15.579 42.6837 1.6
      vertex -15.7153 42.6375 1.6
    endloop
  endfacet
  facet normal -0.195314 0.980741 0
    outer loop
      vertex -15.7153 42.6375 1.6
      vertex -15.8564 42.6094 3.2
      vertex -15.7153 42.6375 3.2
    endloop
  endfacet
  facet normal -0.195314 0.980741 0
    outer loop
      vertex -15.8564 42.6094 3.2
      vertex -15.7153 42.6375 1.6
      vertex -15.8564 42.6094 1.6
    endloop
  endfacet
  facet normal 0.0653198 0.997864 -0
    outer loop
      vertex -16 42.6 1.6
      vertex -16.1436 42.6094 3.2
      vertex -16 42.6 3.2
    endloop
  endfacet
  facet normal 0.0653198 0.997864 0
    outer loop
      vertex -16.1436 42.6094 3.2
      vertex -16 42.6 1.6
      vertex -16.1436 42.6094 1.6
    endloop
  endfacet
  facet normal 0.44276 0.89664 -0
    outer loop
      vertex -16.421 42.6837 1.6
      vertex -16.55 42.7474 3.2
      vertex -16.421 42.6837 3.2
    endloop
  endfacet
  facet normal 0.44276 0.89664 0
    outer loop
      vertex -16.55 42.7474 3.2
      vertex -16.421 42.6837 1.6
      vertex -16.55 42.7474 1.6
    endloop
  endfacet
  facet normal 0.321018 0.947073 -0
    outer loop
      vertex -16.2847 42.6375 1.6
      vertex -16.421 42.6837 3.2
      vertex -16.2847 42.6375 3.2
    endloop
  endfacet
  facet normal 0.321018 0.947073 0
    outer loop
      vertex -16.421 42.6837 3.2
      vertex -16.2847 42.6375 1.6
      vertex -16.421 42.6837 1.6
    endloop
  endfacet
  facet normal -0.99786 -0.065389 0
    outer loop
      vertex 1.1 24.5 0
      vertex 1.09059 24.6436 3.2
      vertex 1.09059 24.6436 0
    endloop
  endfacet
  facet normal -0.99786 -0.065389 0
    outer loop
      vertex 1.09059 24.6436 3.2
      vertex 1.1 24.5 0
      vertex 1.1 24.5 3.2
    endloop
  endfacet
  facet normal 0.0653293 -0.997864 0
    outer loop
      vertex -0.143579 25.5906 0
      vertex 0 25.6 3.2
      vertex -0.143579 25.5906 3.2
    endloop
  endfacet
  facet normal 0.0653293 -0.997864 0
    outer loop
      vertex 0 25.6 3.2
      vertex -0.143579 25.5906 0
      vertex 0 25.6 0
    endloop
  endfacet
  facet normal -0.0653293 0.997864 0
    outer loop
      vertex 0.143579 23.4094 0
      vertex 0 23.4 3.2
      vertex 0.143579 23.4094 3.2
    endloop
  endfacet
  facet normal -0.0653293 0.997864 0
    outer loop
      vertex 0 23.4 3.2
      vertex 0.143579 23.4094 0
      vertex 0 23.4 0
    endloop
  endfacet
  facet normal -0.659458 -0.751741 0
    outer loop
      vertex 0.669637 25.3727 0
      vertex 0.777817 25.2778 3.2
      vertex 0.669637 25.3727 3.2
    endloop
  endfacet
  facet normal -0.659458 -0.751741 -0
    outer loop
      vertex 0.777817 25.2778 3.2
      vertex 0.669637 25.3727 0
      vertex 0.777817 25.2778 0
    endloop
  endfacet
  facet normal 0.751901 -0.659276 0
    outer loop
      vertex -0.872688 25.1696 3.2
      vertex -0.777817 25.2778 0
      vertex -0.777817 25.2778 3.2
    endloop
  endfacet
  facet normal 0.751901 -0.659276 0
    outer loop
      vertex -0.777817 25.2778 0
      vertex -0.872688 25.1696 3.2
      vertex -0.872688 25.1696 0
    endloop
  endfacet
  facet normal 0.442627 -0.896706 0
    outer loop
      vertex -0.549999 25.4526 0
      vertex -0.420951 25.5163 3.2
      vertex -0.549999 25.4526 3.2
    endloop
  endfacet
  facet normal 0.442627 -0.896706 0
    outer loop
      vertex -0.420951 25.5163 3.2
      vertex -0.549999 25.4526 0
      vertex -0.420951 25.5163 0
    endloop
  endfacet
  facet normal -0.946967 0.32133 0
    outer loop
      vertex 1.01627 24.079 0
      vertex 1.06252 24.2153 3.2
      vertex 1.06252 24.2153 0
    endloop
  endfacet
  facet normal -0.946967 0.32133 0
    outer loop
      vertex 1.06252 24.2153 3.2
      vertex 1.01627 24.079 0
      vertex 1.01627 24.079 3.2
    endloop
  endfacet
  facet normal -0.896798 -0.442441 0
    outer loop
      vertex 1.01627 24.921 0
      vertex 0.952627 25.05 3.2
      vertex 0.952627 25.05 0
    endloop
  endfacet
  facet normal -0.896798 -0.442441 0
    outer loop
      vertex 0.952627 25.05 3.2
      vertex 1.01627 24.921 0
      vertex 1.01627 24.921 3.2
    endloop
  endfacet
  facet normal -0.980781 -0.195113 0
    outer loop
      vertex 1.09059 24.6436 0
      vertex 1.06252 24.7847 3.2
      vertex 1.06252 24.7847 0
    endloop
  endfacet
  facet normal -0.980781 -0.195113 0
    outer loop
      vertex 1.06252 24.7847 3.2
      vertex 1.09059 24.6436 0
      vertex 1.09059 24.6436 3.2
    endloop
  endfacet
  facet normal -0.83139 -0.55569 0
    outer loop
      vertex 0.952627 25.05 0
      vertex 0.872688 25.1696 3.2
      vertex 0.872688 25.1696 0
    endloop
  endfacet
  facet normal -0.83139 -0.55569 0
    outer loop
      vertex 0.872688 25.1696 3.2
      vertex 0.952627 25.05 0
      vertex 0.952627 25.05 3.2
    endloop
  endfacet
  facet normal -0.321122 -0.947038 0
    outer loop
      vertex 0.2847 25.5625 0
      vertex 0.420951 25.5163 3.2
      vertex 0.2847 25.5625 3.2
    endloop
  endfacet
  facet normal -0.321122 -0.947038 -0
    outer loop
      vertex 0.420951 25.5163 3.2
      vertex 0.2847 25.5625 0
      vertex 0.420951 25.5163 0
    endloop
  endfacet
  facet normal -0.55538 -0.831597 0
    outer loop
      vertex 0.549999 25.4526 0
      vertex 0.669637 25.3727 3.2
      vertex 0.549999 25.4526 3.2
    endloop
  endfacet
  facet normal -0.55538 -0.831597 -0
    outer loop
      vertex 0.669637 25.3727 3.2
      vertex 0.549999 25.4526 0
      vertex 0.669637 25.3727 0
    endloop
  endfacet
  facet normal 0.946967 -0.32133 0
    outer loop
      vertex -1.06252 24.7847 3.2
      vertex -1.01627 24.921 0
      vertex -1.01627 24.921 3.2
    endloop
  endfacet
  facet normal 0.946967 -0.32133 0
    outer loop
      vertex -1.01627 24.921 0
      vertex -1.06252 24.7847 3.2
      vertex -1.06252 24.7847 0
    endloop
  endfacet
  facet normal 0.83139 -0.55569 0
    outer loop
      vertex -0.952627 25.05 3.2
      vertex -0.872688 25.1696 0
      vertex -0.872688 25.1696 3.2
    endloop
  endfacet
  facet normal 0.83139 -0.55569 0
    outer loop
      vertex -0.872688 25.1696 0
      vertex -0.952627 25.05 3.2
      vertex -0.952627 25.05 0
    endloop
  endfacet
  facet normal 0.55538 -0.831597 0
    outer loop
      vertex -0.669637 25.3727 0
      vertex -0.549999 25.4526 3.2
      vertex -0.669637 25.3727 3.2
    endloop
  endfacet
  facet normal 0.55538 -0.831597 0
    outer loop
      vertex -0.549999 25.4526 3.2
      vertex -0.669637 25.3727 0
      vertex -0.549999 25.4526 0
    endloop
  endfacet
  facet normal 0.195286 -0.980746 0
    outer loop
      vertex -0.2847 25.5625 0
      vertex -0.143579 25.5906 3.2
      vertex -0.2847 25.5625 3.2
    endloop
  endfacet
  facet normal 0.195286 -0.980746 0
    outer loop
      vertex -0.143579 25.5906 3.2
      vertex -0.2847 25.5625 0
      vertex -0.143579 25.5906 0
    endloop
  endfacet
  facet normal -0.442627 0.896706 0
    outer loop
      vertex 0.549999 23.5474 0
      vertex 0.420951 23.4837 3.2
      vertex 0.549999 23.5474 3.2
    endloop
  endfacet
  facet normal -0.442627 0.896706 0
    outer loop
      vertex 0.420951 23.4837 3.2
      vertex 0.549999 23.5474 0
      vertex 0.420951 23.4837 0
    endloop
  endfacet
  facet normal -0.946967 -0.32133 0
    outer loop
      vertex 1.06252 24.7847 0
      vertex 1.01627 24.921 3.2
      vertex 1.01627 24.921 0
    endloop
  endfacet
  facet normal -0.946967 -0.32133 0
    outer loop
      vertex 1.01627 24.921 3.2
      vertex 1.06252 24.7847 0
      vertex 1.06252 24.7847 3.2
    endloop
  endfacet
  facet normal -0.751901 -0.659276 0
    outer loop
      vertex 0.872688 25.1696 0
      vertex 0.777817 25.2778 3.2
      vertex 0.777817 25.2778 0
    endloop
  endfacet
  facet normal -0.751901 -0.659276 0
    outer loop
      vertex 0.777817 25.2778 3.2
      vertex 0.872688 25.1696 0
      vertex 0.872688 25.1696 3.2
    endloop
  endfacet
  facet normal -0.195286 -0.980746 0
    outer loop
      vertex 0.143579 25.5906 0
      vertex 0.2847 25.5625 3.2
      vertex 0.143579 25.5906 3.2
    endloop
  endfacet
  facet normal -0.195286 -0.980746 -0
    outer loop
      vertex 0.2847 25.5625 3.2
      vertex 0.143579 25.5906 0
      vertex 0.2847 25.5625 0
    endloop
  endfacet
  facet normal -0.0653293 -0.997864 0
    outer loop
      vertex 0 25.6 0
      vertex 0.143579 25.5906 3.2
      vertex 0 25.6 3.2
    endloop
  endfacet
  facet normal -0.0653293 -0.997864 -0
    outer loop
      vertex 0.143579 25.5906 3.2
      vertex 0 25.6 0
      vertex 0.143579 25.5906 0
    endloop
  endfacet
  facet normal -0.442627 -0.896706 0
    outer loop
      vertex 0.420951 25.5163 0
      vertex 0.549999 25.4526 3.2
      vertex 0.420951 25.5163 3.2
    endloop
  endfacet
  facet normal -0.442627 -0.896706 -0
    outer loop
      vertex 0.549999 25.4526 3.2
      vertex 0.420951 25.5163 0
      vertex 0.549999 25.4526 0
    endloop
  endfacet
  facet normal 0.896798 -0.442441 0
    outer loop
      vertex -1.01627 24.921 3.2
      vertex -0.952627 25.05 0
      vertex -0.952627 25.05 3.2
    endloop
  endfacet
  facet normal 0.896798 -0.442441 0
    outer loop
      vertex -0.952627 25.05 0
      vertex -1.01627 24.921 3.2
      vertex -1.01627 24.921 0
    endloop
  endfacet
  facet normal 0.980781 -0.195113 0
    outer loop
      vertex -1.09059 24.6436 3.2
      vertex -1.06252 24.7847 0
      vertex -1.06252 24.7847 3.2
    endloop
  endfacet
  facet normal 0.980781 -0.195113 0
    outer loop
      vertex -1.06252 24.7847 0
      vertex -1.09059 24.6436 3.2
      vertex -1.09059 24.6436 0
    endloop
  endfacet
  facet normal 0.99786 -0.065389 0
    outer loop
      vertex -1.1 24.5 3.2
      vertex -1.09059 24.6436 0
      vertex -1.09059 24.6436 3.2
    endloop
  endfacet
  facet normal 0.99786 -0.065389 0
    outer loop
      vertex -1.09059 24.6436 0
      vertex -1.1 24.5 3.2
      vertex -1.1 24.5 0
    endloop
  endfacet
  facet normal 0.99786 0.065389 0
    outer loop
      vertex -1.09059 24.3564 3.2
      vertex -1.1 24.5 0
      vertex -1.1 24.5 3.2
    endloop
  endfacet
  facet normal 0.99786 0.065389 0
    outer loop
      vertex -1.1 24.5 0
      vertex -1.09059 24.3564 3.2
      vertex -1.09059 24.3564 0
    endloop
  endfacet
  facet normal 0.659458 -0.751741 0
    outer loop
      vertex -0.777817 25.2778 0
      vertex -0.669637 25.3727 3.2
      vertex -0.777817 25.2778 3.2
    endloop
  endfacet
  facet normal 0.659458 -0.751741 0
    outer loop
      vertex -0.669637 25.3727 3.2
      vertex -0.777817 25.2778 0
      vertex -0.669637 25.3727 0
    endloop
  endfacet
  facet normal 0.321122 -0.947038 0
    outer loop
      vertex -0.420951 25.5163 0
      vertex -0.2847 25.5625 3.2
      vertex -0.420951 25.5163 3.2
    endloop
  endfacet
  facet normal 0.321122 -0.947038 0
    outer loop
      vertex -0.2847 25.5625 3.2
      vertex -0.420951 25.5163 0
      vertex -0.2847 25.5625 0
    endloop
  endfacet
  facet normal -0.83139 0.55569 0
    outer loop
      vertex 0.872688 23.8304 0
      vertex 0.952627 23.95 3.2
      vertex 0.952627 23.95 0
    endloop
  endfacet
  facet normal -0.83139 0.55569 0
    outer loop
      vertex 0.952627 23.95 3.2
      vertex 0.872688 23.8304 0
      vertex 0.872688 23.8304 3.2
    endloop
  endfacet
  facet normal -0.980781 0.195113 0
    outer loop
      vertex 1.06252 24.2153 0
      vertex 1.09059 24.3564 3.2
      vertex 1.09059 24.3564 0
    endloop
  endfacet
  facet normal -0.980781 0.195113 0
    outer loop
      vertex 1.09059 24.3564 3.2
      vertex 1.06252 24.2153 0
      vertex 1.06252 24.2153 3.2
    endloop
  endfacet
  facet normal 0.55538 0.831597 -0
    outer loop
      vertex -0.549999 23.5474 0
      vertex -0.669637 23.6273 3.2
      vertex -0.549999 23.5474 3.2
    endloop
  endfacet
  facet normal 0.55538 0.831597 0
    outer loop
      vertex -0.669637 23.6273 3.2
      vertex -0.549999 23.5474 0
      vertex -0.669637 23.6273 0
    endloop
  endfacet
  facet normal 0.83139 0.55569 0
    outer loop
      vertex -0.872688 23.8304 3.2
      vertex -0.952627 23.95 0
      vertex -0.952627 23.95 3.2
    endloop
  endfacet
  facet normal 0.83139 0.55569 0
    outer loop
      vertex -0.952627 23.95 0
      vertex -0.872688 23.8304 3.2
      vertex -0.872688 23.8304 0
    endloop
  endfacet
  facet normal 0.751901 0.659276 0
    outer loop
      vertex -0.777817 23.7222 3.2
      vertex -0.872688 23.8304 0
      vertex -0.872688 23.8304 3.2
    endloop
  endfacet
  facet normal 0.751901 0.659276 0
    outer loop
      vertex -0.872688 23.8304 0
      vertex -0.777817 23.7222 3.2
      vertex -0.777817 23.7222 0
    endloop
  endfacet
  facet normal -0.55538 0.831597 0
    outer loop
      vertex 0.669637 23.6273 0
      vertex 0.549999 23.5474 3.2
      vertex 0.669637 23.6273 3.2
    endloop
  endfacet
  facet normal -0.55538 0.831597 0
    outer loop
      vertex 0.549999 23.5474 3.2
      vertex 0.669637 23.6273 0
      vertex 0.549999 23.5474 0
    endloop
  endfacet
  facet normal -0.896798 0.442441 0
    outer loop
      vertex 0.952627 23.95 0
      vertex 1.01627 24.079 3.2
      vertex 1.01627 24.079 0
    endloop
  endfacet
  facet normal -0.896798 0.442441 0
    outer loop
      vertex 1.01627 24.079 3.2
      vertex 0.952627 23.95 0
      vertex 0.952627 23.95 3.2
    endloop
  endfacet
  facet normal -0.99786 0.065389 0
    outer loop
      vertex 1.09059 24.3564 0
      vertex 1.1 24.5 3.2
      vertex 1.1 24.5 0
    endloop
  endfacet
  facet normal -0.99786 0.065389 0
    outer loop
      vertex 1.1 24.5 3.2
      vertex 1.09059 24.3564 0
      vertex 1.09059 24.3564 3.2
    endloop
  endfacet
  facet normal 0.195286 0.980746 -0
    outer loop
      vertex -0.143579 23.4094 0
      vertex -0.2847 23.4375 3.2
      vertex -0.143579 23.4094 3.2
    endloop
  endfacet
  facet normal 0.195286 0.980746 0
    outer loop
      vertex -0.2847 23.4375 3.2
      vertex -0.143579 23.4094 0
      vertex -0.2847 23.4375 0
    endloop
  endfacet
  facet normal 0.659458 0.751741 -0
    outer loop
      vertex -0.669637 23.6273 0
      vertex -0.777817 23.7222 3.2
      vertex -0.669637 23.6273 3.2
    endloop
  endfacet
  facet normal 0.659458 0.751741 0
    outer loop
      vertex -0.777817 23.7222 3.2
      vertex -0.669637 23.6273 0
      vertex -0.777817 23.7222 0
    endloop
  endfacet
  facet normal 0.946967 0.32133 0
    outer loop
      vertex -1.01627 24.079 3.2
      vertex -1.06252 24.2153 0
      vertex -1.06252 24.2153 3.2
    endloop
  endfacet
  facet normal 0.946967 0.32133 0
    outer loop
      vertex -1.06252 24.2153 0
      vertex -1.01627 24.079 3.2
      vertex -1.01627 24.079 0
    endloop
  endfacet
  facet normal 0.980781 0.195113 0
    outer loop
      vertex -1.06252 24.2153 3.2
      vertex -1.09059 24.3564 0
      vertex -1.09059 24.3564 3.2
    endloop
  endfacet
  facet normal 0.980781 0.195113 0
    outer loop
      vertex -1.09059 24.3564 0
      vertex -1.06252 24.2153 3.2
      vertex -1.06252 24.2153 0
    endloop
  endfacet
  facet normal 0.896798 0.442441 0
    outer loop
      vertex -0.952627 23.95 3.2
      vertex -1.01627 24.079 0
      vertex -1.01627 24.079 3.2
    endloop
  endfacet
  facet normal 0.896798 0.442441 0
    outer loop
      vertex -1.01627 24.079 0
      vertex -0.952627 23.95 3.2
      vertex -0.952627 23.95 0
    endloop
  endfacet
  facet normal -0.659458 0.751741 0
    outer loop
      vertex 0.777817 23.7222 0
      vertex 0.669637 23.6273 3.2
      vertex 0.777817 23.7222 3.2
    endloop
  endfacet
  facet normal -0.659458 0.751741 0
    outer loop
      vertex 0.669637 23.6273 3.2
      vertex 0.777817 23.7222 0
      vertex 0.669637 23.6273 0
    endloop
  endfacet
  facet normal -0.321122 0.947038 0
    outer loop
      vertex 0.420951 23.4837 0
      vertex 0.2847 23.4375 3.2
      vertex 0.420951 23.4837 3.2
    endloop
  endfacet
  facet normal -0.321122 0.947038 0
    outer loop
      vertex 0.2847 23.4375 3.2
      vertex 0.420951 23.4837 0
      vertex 0.2847 23.4375 0
    endloop
  endfacet
  facet normal -0.195286 0.980746 0
    outer loop
      vertex 0.2847 23.4375 0
      vertex 0.143579 23.4094 3.2
      vertex 0.2847 23.4375 3.2
    endloop
  endfacet
  facet normal -0.195286 0.980746 0
    outer loop
      vertex 0.143579 23.4094 3.2
      vertex 0.2847 23.4375 0
      vertex 0.143579 23.4094 0
    endloop
  endfacet
  facet normal 0.0653293 0.997864 -0
    outer loop
      vertex 0 23.4 0
      vertex -0.143579 23.4094 3.2
      vertex 0 23.4 3.2
    endloop
  endfacet
  facet normal 0.0653293 0.997864 0
    outer loop
      vertex -0.143579 23.4094 3.2
      vertex 0 23.4 0
      vertex -0.143579 23.4094 0
    endloop
  endfacet
  facet normal 0.442627 0.896706 -0
    outer loop
      vertex -0.420951 23.4837 0
      vertex -0.549999 23.5474 3.2
      vertex -0.420951 23.4837 3.2
    endloop
  endfacet
  facet normal 0.442627 0.896706 0
    outer loop
      vertex -0.549999 23.5474 3.2
      vertex -0.420951 23.4837 0
      vertex -0.549999 23.5474 0
    endloop
  endfacet
  facet normal -0.751901 0.659276 0
    outer loop
      vertex 0.777817 23.7222 0
      vertex 0.872688 23.8304 3.2
      vertex 0.872688 23.8304 0
    endloop
  endfacet
  facet normal -0.751901 0.659276 0
    outer loop
      vertex 0.872688 23.8304 3.2
      vertex 0.777817 23.7222 0
      vertex 0.777817 23.7222 3.2
    endloop
  endfacet
  facet normal 0.321122 0.947038 -0
    outer loop
      vertex -0.2847 23.4375 0
      vertex -0.420951 23.4837 3.2
      vertex -0.2847 23.4375 3.2
    endloop
  endfacet
  facet normal 0.321122 0.947038 0
    outer loop
      vertex -0.420951 23.4837 3.2
      vertex -0.2847 23.4375 0
      vertex -0.420951 23.4837 0
    endloop
  endfacet
  facet normal -0.99786 -0.065389 0
    outer loop
      vertex 1.1 43.7 1.6
      vertex 1.09059 43.8436 3.2
      vertex 1.09059 43.8436 1.6
    endloop
  endfacet
  facet normal -0.99786 -0.065389 0
    outer loop
      vertex 1.09059 43.8436 3.2
      vertex 1.1 43.7 1.6
      vertex 1.1 43.7 3.2
    endloop
  endfacet
  facet normal 0.0653293 -0.997864 0
    outer loop
      vertex -0.143579 44.7906 1.6
      vertex 0 44.8 3.2
      vertex -0.143579 44.7906 3.2
    endloop
  endfacet
  facet normal 0.0653293 -0.997864 0
    outer loop
      vertex 0 44.8 3.2
      vertex -0.143579 44.7906 1.6
      vertex 0 44.8 1.6
    endloop
  endfacet
  facet normal -0.0653293 0.997864 0
    outer loop
      vertex 0.143579 42.6094 1.6
      vertex 0 42.6 3.2
      vertex 0.143579 42.6094 3.2
    endloop
  endfacet
  facet normal -0.0653293 0.997864 0
    outer loop
      vertex 0 42.6 3.2
      vertex 0.143579 42.6094 1.6
      vertex 0 42.6 1.6
    endloop
  endfacet
  facet normal -0.751901 0.659276 0
    outer loop
      vertex 0.777817 42.9222 1.6
      vertex 0.872688 43.0304 3.2
      vertex 0.872688 43.0304 1.6
    endloop
  endfacet
  facet normal -0.751901 0.659276 0
    outer loop
      vertex 0.872688 43.0304 3.2
      vertex 0.777817 42.9222 1.6
      vertex 0.777817 42.9222 3.2
    endloop
  endfacet
  facet normal -0.659458 -0.751741 0
    outer loop
      vertex 0.669637 44.5727 1.6
      vertex 0.777817 44.4778 3.2
      vertex 0.669637 44.5727 3.2
    endloop
  endfacet
  facet normal -0.659458 -0.751741 -0
    outer loop
      vertex 0.777817 44.4778 3.2
      vertex 0.669637 44.5727 1.6
      vertex 0.777817 44.4778 1.6
    endloop
  endfacet
  facet normal 0.751901 -0.659276 0
    outer loop
      vertex -0.872688 44.3696 3.2
      vertex -0.777817 44.4778 1.6
      vertex -0.777817 44.4778 3.2
    endloop
  endfacet
  facet normal 0.751901 -0.659276 0
    outer loop
      vertex -0.777817 44.4778 1.6
      vertex -0.872688 44.3696 3.2
      vertex -0.872688 44.3696 1.6
    endloop
  endfacet
  facet normal 0.442627 -0.896706 0
    outer loop
      vertex -0.549999 44.6526 1.6
      vertex -0.420951 44.7163 3.2
      vertex -0.549999 44.6526 3.2
    endloop
  endfacet
  facet normal 0.442627 -0.896706 0
    outer loop
      vertex -0.420951 44.7163 3.2
      vertex -0.549999 44.6526 1.6
      vertex -0.420951 44.7163 1.6
    endloop
  endfacet
  facet normal -0.946967 0.32133 0
    outer loop
      vertex 1.01627 43.279 1.6
      vertex 1.06252 43.4153 3.2
      vertex 1.06252 43.4153 1.6
    endloop
  endfacet
  facet normal -0.946967 0.32133 0
    outer loop
      vertex 1.06252 43.4153 3.2
      vertex 1.01627 43.279 1.6
      vertex 1.01627 43.279 3.2
    endloop
  endfacet
  facet normal -0.896798 -0.442441 0
    outer loop
      vertex 1.01627 44.121 1.6
      vertex 0.952627 44.25 3.2
      vertex 0.952627 44.25 1.6
    endloop
  endfacet
  facet normal -0.896798 -0.442441 0
    outer loop
      vertex 0.952627 44.25 3.2
      vertex 1.01627 44.121 1.6
      vertex 1.01627 44.121 3.2
    endloop
  endfacet
  facet normal -0.980781 -0.195113 0
    outer loop
      vertex 1.09059 43.8436 1.6
      vertex 1.06252 43.9847 3.2
      vertex 1.06252 43.9847 1.6
    endloop
  endfacet
  facet normal -0.980781 -0.195113 0
    outer loop
      vertex 1.06252 43.9847 3.2
      vertex 1.09059 43.8436 1.6
      vertex 1.09059 43.8436 3.2
    endloop
  endfacet
  facet normal -0.83139 -0.55569 0
    outer loop
      vertex 0.952627 44.25 1.6
      vertex 0.872688 44.3696 3.2
      vertex 0.872688 44.3696 1.6
    endloop
  endfacet
  facet normal -0.83139 -0.55569 0
    outer loop
      vertex 0.872688 44.3696 3.2
      vertex 0.952627 44.25 1.6
      vertex 0.952627 44.25 3.2
    endloop
  endfacet
  facet normal -0.321122 -0.947038 0
    outer loop
      vertex 0.2847 44.7625 1.6
      vertex 0.420951 44.7163 3.2
      vertex 0.2847 44.7625 3.2
    endloop
  endfacet
  facet normal -0.321122 -0.947038 -0
    outer loop
      vertex 0.420951 44.7163 3.2
      vertex 0.2847 44.7625 1.6
      vertex 0.420951 44.7163 1.6
    endloop
  endfacet
  facet normal -0.195286 -0.980746 0
    outer loop
      vertex 0.143579 44.7906 1.6
      vertex 0.2847 44.7625 3.2
      vertex 0.143579 44.7906 3.2
    endloop
  endfacet
  facet normal -0.195286 -0.980746 -0
    outer loop
      vertex 0.2847 44.7625 3.2
      vertex 0.143579 44.7906 1.6
      vertex 0.2847 44.7625 1.6
    endloop
  endfacet
  facet normal -0.55538 -0.831597 0
    outer loop
      vertex 0.549999 44.6526 1.6
      vertex 0.669637 44.5727 3.2
      vertex 0.549999 44.6526 3.2
    endloop
  endfacet
  facet normal -0.55538 -0.831597 -0
    outer loop
      vertex 0.669637 44.5727 3.2
      vertex 0.549999 44.6526 1.6
      vertex 0.669637 44.5727 1.6
    endloop
  endfacet
  facet normal 0.946967 -0.32133 0
    outer loop
      vertex -1.06252 43.9847 3.2
      vertex -1.01627 44.121 1.6
      vertex -1.01627 44.121 3.2
    endloop
  endfacet
  facet normal 0.946967 -0.32133 0
    outer loop
      vertex -1.01627 44.121 1.6
      vertex -1.06252 43.9847 3.2
      vertex -1.06252 43.9847 1.6
    endloop
  endfacet
  facet normal 0.55538 -0.831597 0
    outer loop
      vertex -0.669637 44.5727 1.6
      vertex -0.549999 44.6526 3.2
      vertex -0.669637 44.5727 3.2
    endloop
  endfacet
  facet normal 0.55538 -0.831597 0
    outer loop
      vertex -0.549999 44.6526 3.2
      vertex -0.669637 44.5727 1.6
      vertex -0.549999 44.6526 1.6
    endloop
  endfacet
  facet normal 0.195286 -0.980746 0
    outer loop
      vertex -0.2847 44.7625 1.6
      vertex -0.143579 44.7906 3.2
      vertex -0.2847 44.7625 3.2
    endloop
  endfacet
  facet normal 0.195286 -0.980746 0
    outer loop
      vertex -0.143579 44.7906 3.2
      vertex -0.2847 44.7625 1.6
      vertex -0.143579 44.7906 1.6
    endloop
  endfacet
  facet normal -0.442627 0.896706 0
    outer loop
      vertex 0.549999 42.7474 1.6
      vertex 0.420951 42.6837 3.2
      vertex 0.549999 42.7474 3.2
    endloop
  endfacet
  facet normal -0.442627 0.896706 0
    outer loop
      vertex 0.420951 42.6837 3.2
      vertex 0.549999 42.7474 1.6
      vertex 0.420951 42.6837 1.6
    endloop
  endfacet
  facet normal -0.946967 -0.32133 0
    outer loop
      vertex 1.06252 43.9847 1.6
      vertex 1.01627 44.121 3.2
      vertex 1.01627 44.121 1.6
    endloop
  endfacet
  facet normal -0.946967 -0.32133 0
    outer loop
      vertex 1.01627 44.121 3.2
      vertex 1.06252 43.9847 1.6
      vertex 1.06252 43.9847 3.2
    endloop
  endfacet
  facet normal -0.751901 -0.659276 0
    outer loop
      vertex 0.872688 44.3696 1.6
      vertex 0.777817 44.4778 3.2
      vertex 0.777817 44.4778 1.6
    endloop
  endfacet
  facet normal -0.751901 -0.659276 0
    outer loop
      vertex 0.777817 44.4778 3.2
      vertex 0.872688 44.3696 1.6
      vertex 0.872688 44.3696 3.2
    endloop
  endfacet
  facet normal -0.0653293 -0.997864 0
    outer loop
      vertex 0 44.8 1.6
      vertex 0.143579 44.7906 3.2
      vertex 0 44.8 3.2
    endloop
  endfacet
  facet normal -0.0653293 -0.997864 -0
    outer loop
      vertex 0.143579 44.7906 3.2
      vertex 0 44.8 1.6
      vertex 0.143579 44.7906 1.6
    endloop
  endfacet
  facet normal -0.442627 -0.896706 0
    outer loop
      vertex 0.420951 44.7163 1.6
      vertex 0.549999 44.6526 3.2
      vertex 0.420951 44.7163 3.2
    endloop
  endfacet
  facet normal -0.442627 -0.896706 -0
    outer loop
      vertex 0.549999 44.6526 3.2
      vertex 0.420951 44.7163 1.6
      vertex 0.549999 44.6526 1.6
    endloop
  endfacet
  facet normal 0.896798 -0.442441 0
    outer loop
      vertex -1.01627 44.121 3.2
      vertex -0.952627 44.25 1.6
      vertex -0.952627 44.25 3.2
    endloop
  endfacet
  facet normal 0.896798 -0.442441 0
    outer loop
      vertex -0.952627 44.25 1.6
      vertex -1.01627 44.121 3.2
      vertex -1.01627 44.121 1.6
    endloop
  endfacet
  facet normal 0.83139 -0.55569 0
    outer loop
      vertex -0.952627 44.25 3.2
      vertex -0.872688 44.3696 1.6
      vertex -0.872688 44.3696 3.2
    endloop
  endfacet
  facet normal 0.83139 -0.55569 0
    outer loop
      vertex -0.872688 44.3696 1.6
      vertex -0.952627 44.25 3.2
      vertex -0.952627 44.25 1.6
    endloop
  endfacet
  facet normal 0.980781 -0.195113 0
    outer loop
      vertex -1.09059 43.8436 3.2
      vertex -1.06252 43.9847 1.6
      vertex -1.06252 43.9847 3.2
    endloop
  endfacet
  facet normal 0.980781 -0.195113 0
    outer loop
      vertex -1.06252 43.9847 1.6
      vertex -1.09059 43.8436 3.2
      vertex -1.09059 43.8436 1.6
    endloop
  endfacet
  facet normal 0.99786 -0.065389 0
    outer loop
      vertex -1.1 43.7 3.2
      vertex -1.09059 43.8436 1.6
      vertex -1.09059 43.8436 3.2
    endloop
  endfacet
  facet normal 0.99786 -0.065389 0
    outer loop
      vertex -1.09059 43.8436 1.6
      vertex -1.1 43.7 3.2
      vertex -1.1 43.7 1.6
    endloop
  endfacet
  facet normal 0.99786 0.065389 0
    outer loop
      vertex -1.09059 43.5564 3.2
      vertex -1.1 43.7 1.6
      vertex -1.1 43.7 3.2
    endloop
  endfacet
  facet normal 0.99786 0.065389 0
    outer loop
      vertex -1.1 43.7 1.6
      vertex -1.09059 43.5564 3.2
      vertex -1.09059 43.5564 1.6
    endloop
  endfacet
  facet normal 0.659458 -0.751741 0
    outer loop
      vertex -0.777817 44.4778 1.6
      vertex -0.669637 44.5727 3.2
      vertex -0.777817 44.4778 3.2
    endloop
  endfacet
  facet normal 0.659458 -0.751741 0
    outer loop
      vertex -0.669637 44.5727 3.2
      vertex -0.777817 44.4778 1.6
      vertex -0.669637 44.5727 1.6
    endloop
  endfacet
  facet normal 0.321122 -0.947038 0
    outer loop
      vertex -0.420951 44.7163 1.6
      vertex -0.2847 44.7625 3.2
      vertex -0.420951 44.7163 3.2
    endloop
  endfacet
  facet normal 0.321122 -0.947038 0
    outer loop
      vertex -0.2847 44.7625 3.2
      vertex -0.420951 44.7163 1.6
      vertex -0.2847 44.7625 1.6
    endloop
  endfacet
  facet normal -0.83139 0.55569 0
    outer loop
      vertex 0.872688 43.0304 1.6
      vertex 0.952627 43.15 3.2
      vertex 0.952627 43.15 1.6
    endloop
  endfacet
  facet normal -0.83139 0.55569 0
    outer loop
      vertex 0.952627 43.15 3.2
      vertex 0.872688 43.0304 1.6
      vertex 0.872688 43.0304 3.2
    endloop
  endfacet
  facet normal -0.980781 0.195113 0
    outer loop
      vertex 1.06252 43.4153 1.6
      vertex 1.09059 43.5564 3.2
      vertex 1.09059 43.5564 1.6
    endloop
  endfacet
  facet normal -0.980781 0.195113 0
    outer loop
      vertex 1.09059 43.5564 3.2
      vertex 1.06252 43.4153 1.6
      vertex 1.06252 43.4153 3.2
    endloop
  endfacet
  facet normal 0.55538 0.831597 -0
    outer loop
      vertex -0.549999 42.7474 1.6
      vertex -0.669637 42.8273 3.2
      vertex -0.549999 42.7474 3.2
    endloop
  endfacet
  facet normal 0.55538 0.831597 0
    outer loop
      vertex -0.669637 42.8273 3.2
      vertex -0.549999 42.7474 1.6
      vertex -0.669637 42.8273 1.6
    endloop
  endfacet
  facet normal 0.83139 0.55569 0
    outer loop
      vertex -0.872688 43.0304 3.2
      vertex -0.952627 43.15 1.6
      vertex -0.952627 43.15 3.2
    endloop
  endfacet
  facet normal 0.83139 0.55569 0
    outer loop
      vertex -0.952627 43.15 1.6
      vertex -0.872688 43.0304 3.2
      vertex -0.872688 43.0304 1.6
    endloop
  endfacet
  facet normal 0.751901 0.659276 0
    outer loop
      vertex -0.777817 42.9222 3.2
      vertex -0.872688 43.0304 1.6
      vertex -0.872688 43.0304 3.2
    endloop
  endfacet
  facet normal 0.751901 0.659276 0
    outer loop
      vertex -0.872688 43.0304 1.6
      vertex -0.777817 42.9222 3.2
      vertex -0.777817 42.9222 1.6
    endloop
  endfacet
  facet normal -0.55538 0.831597 0
    outer loop
      vertex 0.669637 42.8273 1.6
      vertex 0.549999 42.7474 3.2
      vertex 0.669637 42.8273 3.2
    endloop
  endfacet
  facet normal -0.55538 0.831597 0
    outer loop
      vertex 0.549999 42.7474 3.2
      vertex 0.669637 42.8273 1.6
      vertex 0.549999 42.7474 1.6
    endloop
  endfacet
  facet normal -0.896798 0.442441 0
    outer loop
      vertex 0.952627 43.15 1.6
      vertex 1.01627 43.279 3.2
      vertex 1.01627 43.279 1.6
    endloop
  endfacet
  facet normal -0.896798 0.442441 0
    outer loop
      vertex 1.01627 43.279 3.2
      vertex 0.952627 43.15 1.6
      vertex 0.952627 43.15 3.2
    endloop
  endfacet
  facet normal -0.99786 0.065389 0
    outer loop
      vertex 1.09059 43.5564 1.6
      vertex 1.1 43.7 3.2
      vertex 1.1 43.7 1.6
    endloop
  endfacet
  facet normal -0.99786 0.065389 0
    outer loop
      vertex 1.1 43.7 3.2
      vertex 1.09059 43.5564 1.6
      vertex 1.09059 43.5564 3.2
    endloop
  endfacet
  facet normal 0.195286 0.980746 -0
    outer loop
      vertex -0.143579 42.6094 1.6
      vertex -0.2847 42.6375 3.2
      vertex -0.143579 42.6094 3.2
    endloop
  endfacet
  facet normal 0.195286 0.980746 0
    outer loop
      vertex -0.2847 42.6375 3.2
      vertex -0.143579 42.6094 1.6
      vertex -0.2847 42.6375 1.6
    endloop
  endfacet
  facet normal 0.659458 0.751741 -0
    outer loop
      vertex -0.669637 42.8273 1.6
      vertex -0.777817 42.9222 3.2
      vertex -0.669637 42.8273 3.2
    endloop
  endfacet
  facet normal 0.659458 0.751741 0
    outer loop
      vertex -0.777817 42.9222 3.2
      vertex -0.669637 42.8273 1.6
      vertex -0.777817 42.9222 1.6
    endloop
  endfacet
  facet normal 0.946967 0.32133 0
    outer loop
      vertex -1.01627 43.279 3.2
      vertex -1.06252 43.4153 1.6
      vertex -1.06252 43.4153 3.2
    endloop
  endfacet
  facet normal 0.946967 0.32133 0
    outer loop
      vertex -1.06252 43.4153 1.6
      vertex -1.01627 43.279 3.2
      vertex -1.01627 43.279 1.6
    endloop
  endfacet
  facet normal 0.980781 0.195113 0
    outer loop
      vertex -1.06252 43.4153 3.2
      vertex -1.09059 43.5564 1.6
      vertex -1.09059 43.5564 3.2
    endloop
  endfacet
  facet normal 0.980781 0.195113 0
    outer loop
      vertex -1.09059 43.5564 1.6
      vertex -1.06252 43.4153 3.2
      vertex -1.06252 43.4153 1.6
    endloop
  endfacet
  facet normal 0.896798 0.442441 0
    outer loop
      vertex -0.952627 43.15 3.2
      vertex -1.01627 43.279 1.6
      vertex -1.01627 43.279 3.2
    endloop
  endfacet
  facet normal 0.896798 0.442441 0
    outer loop
      vertex -1.01627 43.279 1.6
      vertex -0.952627 43.15 3.2
      vertex -0.952627 43.15 1.6
    endloop
  endfacet
  facet normal -0.659458 0.751741 0
    outer loop
      vertex 0.777817 42.9222 1.6
      vertex 0.669637 42.8273 3.2
      vertex 0.777817 42.9222 3.2
    endloop
  endfacet
  facet normal -0.659458 0.751741 0
    outer loop
      vertex 0.669637 42.8273 3.2
      vertex 0.777817 42.9222 1.6
      vertex 0.669637 42.8273 1.6
    endloop
  endfacet
  facet normal -0.321122 0.947038 0
    outer loop
      vertex 0.420951 42.6837 1.6
      vertex 0.2847 42.6375 3.2
      vertex 0.420951 42.6837 3.2
    endloop
  endfacet
  facet normal -0.321122 0.947038 0
    outer loop
      vertex 0.2847 42.6375 3.2
      vertex 0.420951 42.6837 1.6
      vertex 0.2847 42.6375 1.6
    endloop
  endfacet
  facet normal -0.195286 0.980746 0
    outer loop
      vertex 0.2847 42.6375 1.6
      vertex 0.143579 42.6094 3.2
      vertex 0.2847 42.6375 3.2
    endloop
  endfacet
  facet normal -0.195286 0.980746 0
    outer loop
      vertex 0.143579 42.6094 3.2
      vertex 0.2847 42.6375 1.6
      vertex 0.143579 42.6094 1.6
    endloop
  endfacet
  facet normal 0.0653293 0.997864 -0
    outer loop
      vertex 0 42.6 1.6
      vertex -0.143579 42.6094 3.2
      vertex 0 42.6 3.2
    endloop
  endfacet
  facet normal 0.0653293 0.997864 0
    outer loop
      vertex -0.143579 42.6094 3.2
      vertex 0 42.6 1.6
      vertex -0.143579 42.6094 1.6
    endloop
  endfacet
  facet normal 0.442627 0.896706 -0
    outer loop
      vertex -0.420951 42.6837 1.6
      vertex -0.549999 42.7474 3.2
      vertex -0.420951 42.6837 3.2
    endloop
  endfacet
  facet normal 0.442627 0.896706 0
    outer loop
      vertex -0.549999 42.7474 3.2
      vertex -0.420951 42.6837 1.6
      vertex -0.549999 42.7474 1.6
    endloop
  endfacet
  facet normal 0.321122 0.947038 -0
    outer loop
      vertex -0.2847 42.6375 1.6
      vertex -0.420951 42.6837 3.2
      vertex -0.2847 42.6375 3.2
    endloop
  endfacet
  facet normal 0.321122 0.947038 0
    outer loop
      vertex -0.420951 42.6837 3.2
      vertex -0.2847 42.6375 1.6
      vertex -0.420951 42.6837 1.6
    endloop
  endfacet
  facet normal -0.500002 -0.866024 0
    outer loop
      vertex 11 -2 0
      vertex 15.3301 -4.5 3.2
      vertex 11 -2 3.2
    endloop
  endfacet
  facet normal -0.500002 -0.866024 -0
    outer loop
      vertex 15.3301 -4.5 3.2
      vertex 11 -2 0
      vertex 15.3301 -4.5 0
    endloop
  endfacet
  facet normal 1 -0 0
    outer loop
      vertex 6.66987 -9.5 3.2
      vertex 6.66987 -7 0
      vertex 6.66987 -7 3.2
    endloop
  endfacet
  facet normal 1 0 0
    outer loop
      vertex 6.66987 -7 0
      vertex 6.66987 -9.5 3.2
      vertex 6.66987 -9.5 0
    endloop
  endfacet
  facet normal 0.5 0.866026 -0
    outer loop
      vertex 11 -12 0
      vertex 6.66987 -9.5 3.2
      vertex 11 -12 3.2
    endloop
  endfacet
  facet normal 0.5 0.866026 0
    outer loop
      vertex 6.66987 -9.5 3.2
      vertex 11 -12 0
      vertex 6.66987 -9.5 0
    endloop
  endfacet
  facet normal -1 0 0
    outer loop
      vertex 15.3301 -9.5 0
      vertex 15.3301 -4.5 3.2
      vertex 15.3301 -4.5 0
    endloop
  endfacet
  facet normal -1 -0 0
    outer loop
      vertex 15.3301 -4.5 3.2
      vertex 15.3301 -9.5 0
      vertex 15.3301 -9.5 3.2
    endloop
  endfacet
  facet normal -0.500002 0.866024 0
    outer loop
      vertex 15.3301 -9.5 0
      vertex 11 -12 3.2
      vertex 15.3301 -9.5 3.2
    endloop
  endfacet
  facet normal -0.500002 0.866024 0
    outer loop
      vertex 11 -12 3.2
      vertex 15.3301 -9.5 0
      vertex 11 -12 0
    endloop
  endfacet
  facet normal -0.500002 -0.866024 0
    outer loop
      vertex 11 12 0
      vertex 15.3301 9.5 3.2
      vertex 11 12 3.2
    endloop
  endfacet
  facet normal -0.500002 -0.866024 -0
    outer loop
      vertex 15.3301 9.5 3.2
      vertex 11 12 0
      vertex 15.3301 9.5 0
    endloop
  endfacet
  facet normal 0.5 -0.866026 0
    outer loop
      vertex 6.66987 9.5 0
      vertex 11 12 3.2
      vertex 6.66987 9.5 3.2
    endloop
  endfacet
  facet normal 0.5 -0.866026 0
    outer loop
      vertex 11 12 3.2
      vertex 6.66987 9.5 0
      vertex 11 12 0
    endloop
  endfacet
  facet normal 1 -0 0
    outer loop
      vertex 6.66987 7 3.2
      vertex 6.66987 9.5 0
      vertex 6.66987 9.5 3.2
    endloop
  endfacet
  facet normal 1 0 0
    outer loop
      vertex 6.66987 9.5 0
      vertex 6.66987 7 3.2
      vertex 6.66987 7 0
    endloop
  endfacet
  facet normal -1 0 0
    outer loop
      vertex 15.3301 4.5 0
      vertex 15.3301 9.5 3.2
      vertex 15.3301 9.5 0
    endloop
  endfacet
  facet normal -1 -0 0
    outer loop
      vertex 15.3301 9.5 3.2
      vertex 15.3301 4.5 0
      vertex 15.3301 4.5 3.2
    endloop
  endfacet
  facet normal -0.500002 0.866024 0
    outer loop
      vertex 15.3301 4.5 0
      vertex 11 2 3.2
      vertex 15.3301 4.5 3.2
    endloop
  endfacet
  facet normal -0.500002 0.866024 0
    outer loop
      vertex 11 2 3.2
      vertex 15.3301 4.5 0
      vertex 11 2 0
    endloop
  endfacet
  facet normal -0.500002 -0.866024 0
    outer loop
      vertex 25 -2 0
      vertex 29.3301 -4.5 3.2
      vertex 25 -2 3.2
    endloop
  endfacet
  facet normal -0.500002 -0.866024 -0
    outer loop
      vertex 29.3301 -4.5 3.2
      vertex 25 -2 0
      vertex 29.3301 -4.5 0
    endloop
  endfacet
  facet normal 1 -0 0
    outer loop
      vertex 20.6699 -9.5 3.2
      vertex 20.6699 -4.5 0
      vertex 20.6699 -4.5 3.2
    endloop
  endfacet
  facet normal 1 0 0
    outer loop
      vertex 20.6699 -4.5 0
      vertex 20.6699 -9.5 3.2
      vertex 20.6699 -9.5 0
    endloop
  endfacet
  facet normal 0.500002 -0.866024 0
    outer loop
      vertex 20.6699 -4.5 0
      vertex 25 -2 3.2
      vertex 20.6699 -4.5 3.2
    endloop
  endfacet
  facet normal 0.500002 -0.866024 0
    outer loop
      vertex 25 -2 3.2
      vertex 20.6699 -4.5 0
      vertex 25 -2 0
    endloop
  endfacet
  facet normal 0.500002 0.866024 -0
    outer loop
      vertex 25 -12 0
      vertex 20.6699 -9.5 3.2
      vertex 25 -12 3.2
    endloop
  endfacet
  facet normal 0.500002 0.866024 0
    outer loop
      vertex 20.6699 -9.5 3.2
      vertex 25 -12 0
      vertex 20.6699 -9.5 0
    endloop
  endfacet
  facet normal -0.500002 0.866024 0
    outer loop
      vertex 29.3301 -9.5 0
      vertex 25 -12 3.2
      vertex 29.3301 -9.5 3.2
    endloop
  endfacet
  facet normal -0.500002 0.866024 0
    outer loop
      vertex 25 -12 3.2
      vertex 29.3301 -9.5 0
      vertex 25 -12 0
    endloop
  endfacet
  facet normal -1 0 0
    outer loop
      vertex 29.3301 -9.5 0
      vertex 29.3301 -4.5 3.2
      vertex 29.3301 -4.5 0
    endloop
  endfacet
  facet normal -1 -0 0
    outer loop
      vertex 29.3301 -4.5 3.2
      vertex 29.3301 -9.5 0
      vertex 29.3301 -9.5 3.2
    endloop
  endfacet
  facet normal -0.500002 -0.866024 0
    outer loop
      vertex 25 12 0
      vertex 29.3301 9.5 3.2
      vertex 25 12 3.2
    endloop
  endfacet
  facet normal -0.500002 -0.866024 -0
    outer loop
      vertex 29.3301 9.5 3.2
      vertex 25 12 0
      vertex 29.3301 9.5 0
    endloop
  endfacet
  facet normal 1 -0 0
    outer loop
      vertex 20.6699 4.5 3.2
      vertex 20.6699 9.5 0
      vertex 20.6699 9.5 3.2
    endloop
  endfacet
  facet normal 1 0 0
    outer loop
      vertex 20.6699 9.5 0
      vertex 20.6699 4.5 3.2
      vertex 20.6699 4.5 0
    endloop
  endfacet
  facet normal 0.500002 -0.866024 0
    outer loop
      vertex 20.6699 9.5 0
      vertex 25 12 3.2
      vertex 20.6699 9.5 3.2
    endloop
  endfacet
  facet normal 0.500002 -0.866024 0
    outer loop
      vertex 25 12 3.2
      vertex 20.6699 9.5 0
      vertex 25 12 0
    endloop
  endfacet
  facet normal -1 0 0
    outer loop
      vertex 29.3301 4.5 0
      vertex 29.3301 9.5 3.2
      vertex 29.3301 9.5 0
    endloop
  endfacet
  facet normal -1 -0 0
    outer loop
      vertex 29.3301 9.5 3.2
      vertex 29.3301 4.5 0
      vertex 29.3301 4.5 3.2
    endloop
  endfacet
  facet normal -0.500002 0.866024 0
    outer loop
      vertex 29.3301 4.5 0
      vertex 25 2 3.2
      vertex 29.3301 4.5 3.2
    endloop
  endfacet
  facet normal -0.500002 0.866024 0
    outer loop
      vertex 25 2 3.2
      vertex 29.3301 4.5 0
      vertex 25 2 0
    endloop
  endfacet
  facet normal 0.500002 0.866024 -0
    outer loop
      vertex 25 2 0
      vertex 20.6699 4.5 3.2
      vertex 25 2 3.2
    endloop
  endfacet
  facet normal 0.500002 0.866024 0
    outer loop
      vertex 20.6699 4.5 3.2
      vertex 25 2 0
      vertex 20.6699 4.5 0
    endloop
  endfacet
  facet normal -0.997864 -0.0653289 0
    outer loop
      vertex -48.35 -10 0
      vertex -48.3641 -9.78463 3.2
      vertex -48.3641 -9.78463 0
    endloop
  endfacet
  facet normal -0.997864 -0.0653289 0
    outer loop
      vertex -48.3641 -9.78463 3.2
      vertex -48.35 -10 0
      vertex -48.35 -10 3.2
    endloop
  endfacet
  facet normal 0.997864 -0.0653289 0
    outer loop
      vertex -51.65 -10 3.2
      vertex -51.6359 -9.78463 0
      vertex -51.6359 -9.78463 3.2
    endloop
  endfacet
  facet normal 0.997864 -0.0653289 0
    outer loop
      vertex -51.6359 -9.78463 0
      vertex -51.65 -10 3.2
      vertex -51.65 -10 0
    endloop
  endfacet
  facet normal -0.751856 -0.659328 0
    outer loop
      vertex -48.691 -8.99554 0
      vertex -48.8333 -8.83327 3.2
      vertex -48.8333 -8.83327 0
    endloop
  endfacet
  facet normal -0.751856 -0.659328 0
    outer loop
      vertex -48.8333 -8.83327 3.2
      vertex -48.691 -8.99554 0
      vertex -48.691 -8.99554 3.2
    endloop
  endfacet
  facet normal 0.659488 -0.751715 0
    outer loop
      vertex -51.1667 -8.83327 0
      vertex -51.0045 -8.69097 3.2
      vertex -51.1667 -8.83327 3.2
    endloop
  endfacet
  facet normal 0.659488 -0.751715 0
    outer loop
      vertex -51.0045 -8.69097 3.2
      vertex -51.1667 -8.83327 0
      vertex -51.0045 -8.69097 0
    endloop
  endfacet
  facet normal 0.321781 -0.946814 0
    outer loop
      vertex -50.6314 -8.4756 0
      vertex -50.5895 -8.46136 3.2
      vertex -50.6314 -8.4756 3.2
    endloop
  endfacet
  facet normal 0.321781 -0.946814 0
    outer loop
      vertex -50.5895 -8.46136 3.2
      vertex -50.6314 -8.4756 0
      vertex -50.5895 -8.46136 0
    endloop
  endfacet
  facet normal -0.896796 -0.442445 0
    outer loop
      vertex -48.4756 -9.36857 0
      vertex -48.5711 -9.175 3.2
      vertex -48.5711 -9.175 0
    endloop
  endfacet
  facet normal -0.896796 -0.442445 0
    outer loop
      vertex -48.5711 -9.175 3.2
      vertex -48.4756 -9.36857 0
      vertex -48.4756 -9.36857 3.2
    endloop
  endfacet
  facet normal -0.831494 -0.555534 0
    outer loop
      vertex -48.5711 -9.175 0
      vertex -48.691 -8.99554 3.2
      vertex -48.691 -8.99554 0
    endloop
  endfacet
  facet normal -0.831494 -0.555534 0
    outer loop
      vertex -48.691 -8.99554 3.2
      vertex -48.5711 -9.175 0
      vertex -48.5711 -9.175 3.2
    endloop
  endfacet
  facet normal -0.44224 -0.896897 0
    outer loop
      vertex -49.3686 -8.4756 0
      vertex -49.175 -8.57106 3.2
      vertex -49.3686 -8.4756 3.2
    endloop
  endfacet
  facet normal -0.44224 -0.896897 -0
    outer loop
      vertex -49.175 -8.57106 3.2
      vertex -49.3686 -8.4756 0
      vertex -49.175 -8.57106 0
    endloop
  endfacet
  facet normal -0.55548 -0.83153 0
    outer loop
      vertex -49.175 -8.57106 0
      vertex -48.9955 -8.69097 3.2
      vertex -49.175 -8.57106 3.2
    endloop
  endfacet
  facet normal -0.55548 -0.83153 -0
    outer loop
      vertex -48.9955 -8.69097 3.2
      vertex -49.175 -8.57106 0
      vertex -48.9955 -8.69097 0
    endloop
  endfacet
  facet normal 0.896796 -0.442445 0
    outer loop
      vertex -51.5244 -9.36857 3.2
      vertex -51.4289 -9.175 0
      vertex -51.4289 -9.175 3.2
    endloop
  endfacet
  facet normal 0.896796 -0.442445 0
    outer loop
      vertex -51.4289 -9.175 0
      vertex -51.5244 -9.36857 3.2
      vertex -51.5244 -9.36857 0
    endloop
  endfacet
  facet normal 0.44224 -0.896897 0
    outer loop
      vertex -50.825 -8.57106 0
      vertex -50.6314 -8.4756 3.2
      vertex -50.825 -8.57106 3.2
    endloop
  endfacet
  facet normal 0.44224 -0.896897 0
    outer loop
      vertex -50.6314 -8.4756 3.2
      vertex -50.825 -8.57106 0
      vertex -50.6314 -8.4756 0
    endloop
  endfacet
  facet normal -0.0653198 0.997864 0
    outer loop
      vertex -49.7846 -11.6359 0
      vertex -50 -11.65 3.2
      vertex -49.7846 -11.6359 3.2
    endloop
  endfacet
  facet normal -0.0653198 0.997864 0
    outer loop
      vertex -50 -11.65 3.2
      vertex -49.7846 -11.6359 0
      vertex -50 -11.65 0
    endloop
  endfacet
  facet normal -0.442389 0.896823 0
    outer loop
      vertex -49.175 -11.4289 0
      vertex -49.3686 -11.5244 3.2
      vertex -49.175 -11.4289 3.2
    endloop
  endfacet
  facet normal -0.442389 0.896823 0
    outer loop
      vertex -49.3686 -11.5244 3.2
      vertex -49.175 -11.4289 0
      vertex -49.3686 -11.5244 0
    endloop
  endfacet
  facet normal 0.896823 0.442389 0
    outer loop
      vertex -51.4289 -10.825 3.2
      vertex -51.5244 -10.6314 0
      vertex -51.5244 -10.6314 3.2
    endloop
  endfacet
  facet normal 0.896823 0.442389 0
    outer loop
      vertex -51.5244 -10.6314 0
      vertex -51.4289 -10.825 3.2
      vertex -51.4289 -10.825 0
    endloop
  endfacet
  facet normal 0.997864 0.0653198 0
    outer loop
      vertex -51.6359 -10.2154 3.2
      vertex -51.65 -10 0
      vertex -51.65 -10 3.2
    endloop
  endfacet
  facet normal 0.997864 0.0653198 0
    outer loop
      vertex -51.65 -10 0
      vertex -51.6359 -10.2154 3.2
      vertex -51.6359 -10.2154 0
    endloop
  endfacet
  facet normal -0.946899 -0.321532 0
    outer loop
      vertex -48.4062 -9.57295 0
      vertex -48.4756 -9.36857 3.2
      vertex -48.4756 -9.36857 0
    endloop
  endfacet
  facet normal -0.946899 -0.321532 0
    outer loop
      vertex -48.4756 -9.36857 3.2
      vertex -48.4062 -9.57295 0
      vertex -48.4062 -9.57295 3.2
    endloop
  endfacet
  facet normal -0.98079 -0.195065 0
    outer loop
      vertex -48.3641 -9.78463 0
      vertex -48.4062 -9.57295 3.2
      vertex -48.4062 -9.57295 0
    endloop
  endfacet
  facet normal -0.98079 -0.195065 0
    outer loop
      vertex -48.4062 -9.57295 3.2
      vertex -48.3641 -9.78463 0
      vertex -48.3641 -9.78463 3.2
    endloop
  endfacet
  facet normal -0.321781 -0.946814 0
    outer loop
      vertex -49.4105 -8.46136 0
      vertex -49.3686 -8.4756 3.2
      vertex -49.4105 -8.46136 3.2
    endloop
  endfacet
  facet normal -0.321781 -0.946814 -0
    outer loop
      vertex -49.3686 -8.4756 3.2
      vertex -49.4105 -8.46136 0
      vertex -49.3686 -8.4756 0
    endloop
  endfacet
  facet normal -0.659488 -0.751715 0
    outer loop
      vertex -48.9955 -8.69097 0
      vertex -48.8333 -8.83327 3.2
      vertex -48.9955 -8.69097 3.2
    endloop
  endfacet
  facet normal -0.659488 -0.751715 -0
    outer loop
      vertex -48.8333 -8.83327 3.2
      vertex -48.9955 -8.69097 0
      vertex -48.8333 -8.83327 0
    endloop
  endfacet
  facet normal 0.831494 -0.555534 0
    outer loop
      vertex -51.4289 -9.175 3.2
      vertex -51.309 -8.99554 0
      vertex -51.309 -8.99554 3.2
    endloop
  endfacet
  facet normal 0.831494 -0.555534 0
    outer loop
      vertex -51.309 -8.99554 0
      vertex -51.4289 -9.175 3.2
      vertex -51.4289 -9.175 0
    endloop
  endfacet
  facet normal 0.751856 -0.659328 0
    outer loop
      vertex -51.309 -8.99554 3.2
      vertex -51.1667 -8.83327 0
      vertex -51.1667 -8.83327 3.2
    endloop
  endfacet
  facet normal 0.751856 -0.659328 0
    outer loop
      vertex -51.1667 -8.83327 0
      vertex -51.309 -8.99554 3.2
      vertex -51.309 -8.99554 0
    endloop
  endfacet
  facet normal 0.946899 -0.321532 0
    outer loop
      vertex -51.5938 -9.57295 3.2
      vertex -51.5244 -9.36857 0
      vertex -51.5244 -9.36857 3.2
    endloop
  endfacet
  facet normal 0.946899 -0.321532 0
    outer loop
      vertex -51.5244 -9.36857 0
      vertex -51.5938 -9.57295 3.2
      vertex -51.5938 -9.57295 0
    endloop
  endfacet
  facet normal 0.98079 -0.195065 0
    outer loop
      vertex -51.6359 -9.78463 3.2
      vertex -51.5938 -9.57295 0
      vertex -51.5938 -9.57295 3.2
    endloop
  endfacet
  facet normal 0.98079 -0.195065 0
    outer loop
      vertex -51.5938 -9.57295 0
      vertex -51.6359 -9.78463 3.2
      vertex -51.6359 -9.78463 0
    endloop
  endfacet
  facet normal 0.55548 -0.83153 0
    outer loop
      vertex -51.0045 -8.69097 0
      vertex -50.825 -8.57106 3.2
      vertex -51.0045 -8.69097 3.2
    endloop
  endfacet
  facet normal 0.55548 -0.83153 0
    outer loop
      vertex -50.825 -8.57106 3.2
      vertex -51.0045 -8.69097 0
      vertex -50.825 -8.57106 0
    endloop
  endfacet
  facet normal -0.997864 0.0653198 0
    outer loop
      vertex -48.3641 -10.2154 0
      vertex -48.35 -10 3.2
      vertex -48.35 -10 0
    endloop
  endfacet
  facet normal -0.997864 0.0653198 0
    outer loop
      vertex -48.35 -10 3.2
      vertex -48.3641 -10.2154 0
      vertex -48.3641 -10.2154 3.2
    endloop
  endfacet
  facet normal -0.195047 0.980794 0
    outer loop
      vertex -49.5729 -11.5938 0
      vertex -49.7846 -11.6359 3.2
      vertex -49.5729 -11.5938 3.2
    endloop
  endfacet
  facet normal -0.195047 0.980794 0
    outer loop
      vertex -49.7846 -11.6359 3.2
      vertex -49.5729 -11.5938 0
      vertex -49.7846 -11.6359 0
    endloop
  endfacet
  facet normal -0.555448 0.831551 0
    outer loop
      vertex -48.9955 -11.309 0
      vertex -49.175 -11.4289 3.2
      vertex -48.9955 -11.309 3.2
    endloop
  endfacet
  facet normal -0.555448 0.831551 0
    outer loop
      vertex -49.175 -11.4289 3.2
      vertex -48.9955 -11.309 0
      vertex -49.175 -11.4289 0
    endloop
  endfacet
  facet normal -0.751715 0.659488 0
    outer loop
      vertex -48.8333 -11.1667 0
      vertex -48.691 -11.0045 3.2
      vertex -48.691 -11.0045 0
    endloop
  endfacet
  facet normal -0.751715 0.659488 0
    outer loop
      vertex -48.691 -11.0045 3.2
      vertex -48.8333 -11.1667 0
      vertex -48.8333 -11.1667 3.2
    endloop
  endfacet
  facet normal -0.896823 0.442389 0
    outer loop
      vertex -48.5711 -10.825 0
      vertex -48.4756 -10.6314 3.2
      vertex -48.4756 -10.6314 0
    endloop
  endfacet
  facet normal -0.896823 0.442389 0
    outer loop
      vertex -48.4756 -10.6314 3.2
      vertex -48.5711 -10.825 0
      vertex -48.5711 -10.825 3.2
    endloop
  endfacet
  facet normal 0.659488 0.751715 -0
    outer loop
      vertex -51.0045 -11.309 0
      vertex -51.1667 -11.1667 3.2
      vertex -51.0045 -11.309 3.2
    endloop
  endfacet
  facet normal 0.659488 0.751715 0
    outer loop
      vertex -51.1667 -11.1667 3.2
      vertex -51.0045 -11.309 0
      vertex -51.1667 -11.1667 0
    endloop
  endfacet
  facet normal 0.442389 0.896823 -0
    outer loop
      vertex -50.6314 -11.5244 0
      vertex -50.825 -11.4289 3.2
      vertex -50.6314 -11.5244 3.2
    endloop
  endfacet
  facet normal 0.442389 0.896823 0
    outer loop
      vertex -50.825 -11.4289 3.2
      vertex -50.6314 -11.5244 0
      vertex -50.825 -11.4289 0
    endloop
  endfacet
  facet normal 0.321645 0.94686 -0
    outer loop
      vertex -50.4271 -11.5938 0
      vertex -50.6314 -11.5244 3.2
      vertex -50.4271 -11.5938 3.2
    endloop
  endfacet
  facet normal 0.321645 0.94686 0
    outer loop
      vertex -50.6314 -11.5244 3.2
      vertex -50.4271 -11.5938 0
      vertex -50.6314 -11.5244 0
    endloop
  endfacet
  facet normal 0.0653198 0.997864 -0
    outer loop
      vertex -50 -11.65 0
      vertex -50.2154 -11.6359 3.2
      vertex -50 -11.65 3.2
    endloop
  endfacet
  facet normal 0.0653198 0.997864 0
    outer loop
      vertex -50.2154 -11.6359 3.2
      vertex -50 -11.65 0
      vertex -50.2154 -11.6359 0
    endloop
  endfacet
  facet normal 0.831551 0.555448 0
    outer loop
      vertex -51.309 -11.0045 3.2
      vertex -51.4289 -10.825 0
      vertex -51.4289 -10.825 3.2
    endloop
  endfacet
  facet normal 0.831551 0.555448 0
    outer loop
      vertex -51.4289 -10.825 0
      vertex -51.309 -11.0045 3.2
      vertex -51.309 -11.0045 0
    endloop
  endfacet
  facet normal 0.980794 0.195047 0
    outer loop
      vertex -51.5938 -10.4271 3.2
      vertex -51.6359 -10.2154 0
      vertex -51.6359 -10.2154 3.2
    endloop
  endfacet
  facet normal 0.980794 0.195047 0
    outer loop
      vertex -51.6359 -10.2154 0
      vertex -51.5938 -10.4271 3.2
      vertex -51.5938 -10.4271 0
    endloop
  endfacet
  facet normal -0.321645 0.94686 0
    outer loop
      vertex -49.3686 -11.5244 0
      vertex -49.5729 -11.5938 3.2
      vertex -49.3686 -11.5244 3.2
    endloop
  endfacet
  facet normal -0.321645 0.94686 0
    outer loop
      vertex -49.5729 -11.5938 3.2
      vertex -49.3686 -11.5244 0
      vertex -49.5729 -11.5938 0
    endloop
  endfacet
  facet normal -0.659488 0.751715 0
    outer loop
      vertex -48.8333 -11.1667 0
      vertex -48.9955 -11.309 3.2
      vertex -48.8333 -11.1667 3.2
    endloop
  endfacet
  facet normal -0.659488 0.751715 0
    outer loop
      vertex -48.9955 -11.309 3.2
      vertex -48.8333 -11.1667 0
      vertex -48.9955 -11.309 0
    endloop
  endfacet
  facet normal -0.831551 0.555448 0
    outer loop
      vertex -48.691 -11.0045 0
      vertex -48.5711 -10.825 3.2
      vertex -48.5711 -10.825 0
    endloop
  endfacet
  facet normal -0.831551 0.555448 0
    outer loop
      vertex -48.5711 -10.825 3.2
      vertex -48.691 -11.0045 0
      vertex -48.691 -11.0045 3.2
    endloop
  endfacet
  facet normal -0.980794 0.195047 0
    outer loop
      vertex -48.4062 -10.4271 0
      vertex -48.3641 -10.2154 3.2
      vertex -48.3641 -10.2154 0
    endloop
  endfacet
  facet normal -0.980794 0.195047 0
    outer loop
      vertex -48.3641 -10.2154 3.2
      vertex -48.4062 -10.4271 0
      vertex -48.4062 -10.4271 3.2
    endloop
  endfacet
  facet normal -0.94686 0.321645 0
    outer loop
      vertex -48.4756 -10.6314 0
      vertex -48.4062 -10.4271 3.2
      vertex -48.4062 -10.4271 0
    endloop
  endfacet
  facet normal -0.94686 0.321645 0
    outer loop
      vertex -48.4062 -10.4271 3.2
      vertex -48.4756 -10.6314 0
      vertex -48.4756 -10.6314 3.2
    endloop
  endfacet
  facet normal 0.555448 0.831551 -0
    outer loop
      vertex -50.825 -11.4289 0
      vertex -51.0045 -11.309 3.2
      vertex -50.825 -11.4289 3.2
    endloop
  endfacet
  facet normal 0.555448 0.831551 0
    outer loop
      vertex -51.0045 -11.309 3.2
      vertex -50.825 -11.4289 0
      vertex -51.0045 -11.309 0
    endloop
  endfacet
  facet normal 0.195047 0.980794 -0
    outer loop
      vertex -50.2154 -11.6359 0
      vertex -50.4271 -11.5938 3.2
      vertex -50.2154 -11.6359 3.2
    endloop
  endfacet
  facet normal 0.195047 0.980794 0
    outer loop
      vertex -50.4271 -11.5938 3.2
      vertex -50.2154 -11.6359 0
      vertex -50.4271 -11.5938 0
    endloop
  endfacet
  facet normal 0.751715 0.659488 0
    outer loop
      vertex -51.1667 -11.1667 3.2
      vertex -51.309 -11.0045 0
      vertex -51.309 -11.0045 3.2
    endloop
  endfacet
  facet normal 0.751715 0.659488 0
    outer loop
      vertex -51.309 -11.0045 0
      vertex -51.1667 -11.1667 3.2
      vertex -51.1667 -11.1667 0
    endloop
  endfacet
  facet normal 0.94686 0.321645 0
    outer loop
      vertex -51.5244 -10.6314 3.2
      vertex -51.5938 -10.4271 0
      vertex -51.5938 -10.4271 3.2
    endloop
  endfacet
  facet normal 0.94686 0.321645 0
    outer loop
      vertex -51.5938 -10.4271 0
      vertex -51.5244 -10.6314 3.2
      vertex -51.5244 -10.6314 0
    endloop
  endfacet
  facet normal -0.896823 -0.442389 0
    outer loop
      vertex -48.4756 10.6314 0
      vertex -48.5711 10.825 3.2
      vertex -48.5711 10.825 0
    endloop
  endfacet
  facet normal -0.896823 -0.442389 0
    outer loop
      vertex -48.5711 10.825 3.2
      vertex -48.4756 10.6314 0
      vertex -48.4756 10.6314 3.2
    endloop
  endfacet
  facet normal -0.831551 -0.555448 0
    outer loop
      vertex -48.5711 10.825 0
      vertex -48.691 11.0045 3.2
      vertex -48.691 11.0045 0
    endloop
  endfacet
  facet normal -0.831551 -0.555448 0
    outer loop
      vertex -48.691 11.0045 3.2
      vertex -48.5711 10.825 0
      vertex -48.5711 10.825 3.2
    endloop
  endfacet
  facet normal -0.321645 -0.94686 0
    outer loop
      vertex -49.5729 11.5938 0
      vertex -49.3686 11.5244 3.2
      vertex -49.5729 11.5938 3.2
    endloop
  endfacet
  facet normal -0.321645 -0.94686 -0
    outer loop
      vertex -49.3686 11.5244 3.2
      vertex -49.5729 11.5938 0
      vertex -49.3686 11.5244 0
    endloop
  endfacet
  facet normal 0.442389 -0.896823 0
    outer loop
      vertex -50.825 11.4289 0
      vertex -50.6314 11.5244 3.2
      vertex -50.825 11.4289 3.2
    endloop
  endfacet
  facet normal 0.442389 -0.896823 0
    outer loop
      vertex -50.6314 11.5244 3.2
      vertex -50.825 11.4289 0
      vertex -50.6314 11.5244 0
    endloop
  endfacet
  facet normal 0.94686 -0.321645 0
    outer loop
      vertex -51.5938 10.4271 3.2
      vertex -51.5244 10.6314 0
      vertex -51.5244 10.6314 3.2
    endloop
  endfacet
  facet normal 0.94686 -0.321645 0
    outer loop
      vertex -51.5244 10.6314 0
      vertex -51.5938 10.4271 3.2
      vertex -51.5938 10.4271 0
    endloop
  endfacet
  facet normal -0.997864 0.0653289 0
    outer loop
      vertex -48.3641 9.78463 0
      vertex -48.35 10 3.2
      vertex -48.35 10 0
    endloop
  endfacet
  facet normal -0.997864 0.0653289 0
    outer loop
      vertex -48.35 10 3.2
      vertex -48.3641 9.78463 0
      vertex -48.3641 9.78463 3.2
    endloop
  endfacet
  facet normal -0.44224 0.896897 0
    outer loop
      vertex -49.175 8.57106 0
      vertex -49.3686 8.4756 3.2
      vertex -49.175 8.57106 3.2
    endloop
  endfacet
  facet normal -0.44224 0.896897 0
    outer loop
      vertex -49.3686 8.4756 3.2
      vertex -49.175 8.57106 0
      vertex -49.3686 8.4756 0
    endloop
  endfacet
  facet normal -0.659488 -0.751715 0
    outer loop
      vertex -48.9955 11.309 0
      vertex -48.8333 11.1667 3.2
      vertex -48.9955 11.309 3.2
    endloop
  endfacet
  facet normal -0.659488 -0.751715 -0
    outer loop
      vertex -48.8333 11.1667 3.2
      vertex -48.9955 11.309 0
      vertex -48.8333 11.1667 0
    endloop
  endfacet
  facet normal 0.0653198 -0.997864 0
    outer loop
      vertex -50.2154 11.6359 0
      vertex -50 11.65 3.2
      vertex -50.2154 11.6359 3.2
    endloop
  endfacet
  facet normal 0.0653198 -0.997864 0
    outer loop
      vertex -50 11.65 3.2
      vertex -50.2154 11.6359 0
      vertex -50 11.65 0
    endloop
  endfacet
  facet normal -0.555448 -0.831551 0
    outer loop
      vertex -49.175 11.4289 0
      vertex -48.9955 11.309 3.2
      vertex -49.175 11.4289 3.2
    endloop
  endfacet
  facet normal -0.555448 -0.831551 -0
    outer loop
      vertex -48.9955 11.309 3.2
      vertex -49.175 11.4289 0
      vertex -48.9955 11.309 0
    endloop
  endfacet
  facet normal 0.997864 -0.0653198 0
    outer loop
      vertex -51.65 10 3.2
      vertex -51.6359 10.2154 0
      vertex -51.6359 10.2154 3.2
    endloop
  endfacet
  facet normal 0.997864 -0.0653198 0
    outer loop
      vertex -51.6359 10.2154 0
      vertex -51.65 10 3.2
      vertex -51.65 10 0
    endloop
  endfacet
  facet normal 0.831551 -0.555448 0
    outer loop
      vertex -51.4289 10.825 3.2
      vertex -51.309 11.0045 0
      vertex -51.309 11.0045 3.2
    endloop
  endfacet
  facet normal 0.831551 -0.555448 0
    outer loop
      vertex -51.309 11.0045 0
      vertex -51.4289 10.825 3.2
      vertex -51.4289 10.825 0
    endloop
  endfacet
  facet normal 0.751715 -0.659488 0
    outer loop
      vertex -51.309 11.0045 3.2
      vertex -51.1667 11.1667 0
      vertex -51.1667 11.1667 3.2
    endloop
  endfacet
  facet normal 0.751715 -0.659488 0
    outer loop
      vertex -51.1667 11.1667 0
      vertex -51.309 11.0045 3.2
      vertex -51.309 11.0045 0
    endloop
  endfacet
  facet normal -0.997864 -0.0653198 0
    outer loop
      vertex -48.35 10 0
      vertex -48.3641 10.2154 3.2
      vertex -48.3641 10.2154 0
    endloop
  endfacet
  facet normal -0.997864 -0.0653198 0
    outer loop
      vertex -48.3641 10.2154 3.2
      vertex -48.35 10 0
      vertex -48.35 10 3.2
    endloop
  endfacet
  facet normal -0.321781 0.946814 0
    outer loop
      vertex -49.3686 8.4756 0
      vertex -49.4105 8.46136 3.2
      vertex -49.3686 8.4756 3.2
    endloop
  endfacet
  facet normal -0.321781 0.946814 0
    outer loop
      vertex -49.4105 8.46136 3.2
      vertex -49.3686 8.4756 0
      vertex -49.4105 8.46136 0
    endloop
  endfacet
  facet normal -0.980794 -0.195047 0
    outer loop
      vertex -48.3641 10.2154 0
      vertex -48.4062 10.4271 3.2
      vertex -48.4062 10.4271 0
    endloop
  endfacet
  facet normal -0.980794 -0.195047 0
    outer loop
      vertex -48.4062 10.4271 3.2
      vertex -48.3641 10.2154 0
      vertex -48.3641 10.2154 3.2
    endloop
  endfacet
  facet normal -0.94686 -0.321645 0
    outer loop
      vertex -48.4062 10.4271 0
      vertex -48.4756 10.6314 3.2
      vertex -48.4756 10.6314 0
    endloop
  endfacet
  facet normal -0.94686 -0.321645 0
    outer loop
      vertex -48.4756 10.6314 3.2
      vertex -48.4062 10.4271 0
      vertex -48.4062 10.4271 3.2
    endloop
  endfacet
  facet normal -0.751715 -0.659488 0
    outer loop
      vertex -48.691 11.0045 0
      vertex -48.8333 11.1667 3.2
      vertex -48.8333 11.1667 0
    endloop
  endfacet
  facet normal -0.751715 -0.659488 0
    outer loop
      vertex -48.8333 11.1667 3.2
      vertex -48.691 11.0045 0
      vertex -48.691 11.0045 3.2
    endloop
  endfacet
  facet normal -0.195047 -0.980794 0
    outer loop
      vertex -49.7846 11.6359 0
      vertex -49.5729 11.5938 3.2
      vertex -49.7846 11.6359 3.2
    endloop
  endfacet
  facet normal -0.195047 -0.980794 -0
    outer loop
      vertex -49.5729 11.5938 3.2
      vertex -49.7846 11.6359 0
      vertex -49.5729 11.5938 0
    endloop
  endfacet
  facet normal -0.0653198 -0.997864 0
    outer loop
      vertex -50 11.65 0
      vertex -49.7846 11.6359 3.2
      vertex -50 11.65 3.2
    endloop
  endfacet
  facet normal -0.0653198 -0.997864 -0
    outer loop
      vertex -49.7846 11.6359 3.2
      vertex -50 11.65 0
      vertex -49.7846 11.6359 0
    endloop
  endfacet
  facet normal 0.997864 0.0653289 0
    outer loop
      vertex -51.6359 9.78463 3.2
      vertex -51.65 10 0
      vertex -51.65 10 3.2
    endloop
  endfacet
  facet normal 0.997864 0.0653289 0
    outer loop
      vertex -51.65 10 0
      vertex -51.6359 9.78463 3.2
      vertex -51.6359 9.78463 0
    endloop
  endfacet
  facet normal 0.980794 -0.195047 0
    outer loop
      vertex -51.6359 10.2154 3.2
      vertex -51.5938 10.4271 0
      vertex -51.5938 10.4271 3.2
    endloop
  endfacet
  facet normal 0.980794 -0.195047 0
    outer loop
      vertex -51.5938 10.4271 0
      vertex -51.6359 10.2154 3.2
      vertex -51.6359 10.2154 0
    endloop
  endfacet
  facet normal 0.896823 -0.442389 0
    outer loop
      vertex -51.5244 10.6314 3.2
      vertex -51.4289 10.825 0
      vertex -51.4289 10.825 3.2
    endloop
  endfacet
  facet normal 0.896823 -0.442389 0
    outer loop
      vertex -51.4289 10.825 0
      vertex -51.5244 10.6314 3.2
      vertex -51.5244 10.6314 0
    endloop
  endfacet
  facet normal 0.195047 -0.980794 0
    outer loop
      vertex -50.4271 11.5938 0
      vertex -50.2154 11.6359 3.2
      vertex -50.4271 11.5938 3.2
    endloop
  endfacet
  facet normal 0.195047 -0.980794 0
    outer loop
      vertex -50.2154 11.6359 3.2
      vertex -50.4271 11.5938 0
      vertex -50.2154 11.6359 0
    endloop
  endfacet
  facet normal 0.321645 -0.94686 0
    outer loop
      vertex -50.6314 11.5244 0
      vertex -50.4271 11.5938 3.2
      vertex -50.6314 11.5244 3.2
    endloop
  endfacet
  facet normal 0.321645 -0.94686 0
    outer loop
      vertex -50.4271 11.5938 3.2
      vertex -50.6314 11.5244 0
      vertex -50.4271 11.5938 0
    endloop
  endfacet
  facet normal 0.555448 -0.831551 0
    outer loop
      vertex -51.0045 11.309 0
      vertex -50.825 11.4289 3.2
      vertex -51.0045 11.309 3.2
    endloop
  endfacet
  facet normal 0.555448 -0.831551 0
    outer loop
      vertex -50.825 11.4289 3.2
      vertex -51.0045 11.309 0
      vertex -50.825 11.4289 0
    endloop
  endfacet
  facet normal 0.659488 -0.751715 0
    outer loop
      vertex -51.1667 11.1667 0
      vertex -51.0045 11.309 3.2
      vertex -51.1667 11.1667 3.2
    endloop
  endfacet
  facet normal 0.659488 -0.751715 0
    outer loop
      vertex -51.0045 11.309 3.2
      vertex -51.1667 11.1667 0
      vertex -51.0045 11.309 0
    endloop
  endfacet
  facet normal -0.98079 0.195065 0
    outer loop
      vertex -48.4062 9.57295 0
      vertex -48.3641 9.78463 3.2
      vertex -48.3641 9.78463 0
    endloop
  endfacet
  facet normal -0.98079 0.195065 0
    outer loop
      vertex -48.3641 9.78463 3.2
      vertex -48.4062 9.57295 0
      vertex -48.4062 9.57295 3.2
    endloop
  endfacet
  facet normal -0.442389 -0.896823 0
    outer loop
      vertex -49.3686 11.5244 0
      vertex -49.175 11.4289 3.2
      vertex -49.3686 11.5244 3.2
    endloop
  endfacet
  facet normal -0.442389 -0.896823 -0
    outer loop
      vertex -49.175 11.4289 3.2
      vertex -49.3686 11.5244 0
      vertex -49.175 11.4289 0
    endloop
  endfacet
  facet normal -0.55548 0.83153 0
    outer loop
      vertex -48.9955 8.69097 0
      vertex -49.175 8.57106 3.2
      vertex -48.9955 8.69097 3.2
    endloop
  endfacet
  facet normal -0.55548 0.83153 0
    outer loop
      vertex -49.175 8.57106 3.2
      vertex -48.9955 8.69097 0
      vertex -49.175 8.57106 0
    endloop
  endfacet
  facet normal -0.751856 0.659328 0
    outer loop
      vertex -48.8333 8.83327 0
      vertex -48.691 8.99554 3.2
      vertex -48.691 8.99554 0
    endloop
  endfacet
  facet normal -0.751856 0.659328 0
    outer loop
      vertex -48.691 8.99554 3.2
      vertex -48.8333 8.83327 0
      vertex -48.8333 8.83327 3.2
    endloop
  endfacet
  facet normal -0.831494 0.555534 0
    outer loop
      vertex -48.691 8.99554 0
      vertex -48.5711 9.175 3.2
      vertex -48.5711 9.175 0
    endloop
  endfacet
  facet normal -0.831494 0.555534 0
    outer loop
      vertex -48.5711 9.175 3.2
      vertex -48.691 8.99554 0
      vertex -48.691 8.99554 3.2
    endloop
  endfacet
  facet normal 0.98079 0.195065 0
    outer loop
      vertex -51.5938 9.57295 3.2
      vertex -51.6359 9.78463 0
      vertex -51.6359 9.78463 3.2
    endloop
  endfacet
  facet normal 0.98079 0.195065 0
    outer loop
      vertex -51.6359 9.78463 0
      vertex -51.5938 9.57295 3.2
      vertex -51.5938 9.57295 0
    endloop
  endfacet
  facet normal 0.896796 0.442445 0
    outer loop
      vertex -51.4289 9.175 3.2
      vertex -51.5244 9.36857 0
      vertex -51.5244 9.36857 3.2
    endloop
  endfacet
  facet normal 0.896796 0.442445 0
    outer loop
      vertex -51.5244 9.36857 0
      vertex -51.4289 9.175 3.2
      vertex -51.4289 9.175 0
    endloop
  endfacet
  facet normal 0.659488 0.751715 -0
    outer loop
      vertex -51.0045 8.69097 0
      vertex -51.1667 8.83327 3.2
      vertex -51.0045 8.69097 3.2
    endloop
  endfacet
  facet normal 0.659488 0.751715 0
    outer loop
      vertex -51.1667 8.83327 3.2
      vertex -51.0045 8.69097 0
      vertex -51.1667 8.83327 0
    endloop
  endfacet
  facet normal -0.946899 0.321532 0
    outer loop
      vertex -48.4756 9.36857 0
      vertex -48.4062 9.57295 3.2
      vertex -48.4062 9.57295 0
    endloop
  endfacet
  facet normal -0.946899 0.321532 0
    outer loop
      vertex -48.4062 9.57295 3.2
      vertex -48.4756 9.36857 0
      vertex -48.4756 9.36857 3.2
    endloop
  endfacet
  facet normal -0.896796 0.442445 0
    outer loop
      vertex -48.5711 9.175 0
      vertex -48.4756 9.36857 3.2
      vertex -48.4756 9.36857 0
    endloop
  endfacet
  facet normal -0.896796 0.442445 0
    outer loop
      vertex -48.4756 9.36857 3.2
      vertex -48.5711 9.175 0
      vertex -48.5711 9.175 3.2
    endloop
  endfacet
  facet normal -0.659488 0.751715 0
    outer loop
      vertex -48.8333 8.83327 0
      vertex -48.9955 8.69097 3.2
      vertex -48.8333 8.83327 3.2
    endloop
  endfacet
  facet normal -0.659488 0.751715 0
    outer loop
      vertex -48.9955 8.69097 3.2
      vertex -48.8333 8.83327 0
      vertex -48.9955 8.69097 0
    endloop
  endfacet
  facet normal 0.55548 0.83153 -0
    outer loop
      vertex -50.825 8.57106 0
      vertex -51.0045 8.69097 3.2
      vertex -50.825 8.57106 3.2
    endloop
  endfacet
  facet normal 0.55548 0.83153 0
    outer loop
      vertex -51.0045 8.69097 3.2
      vertex -50.825 8.57106 0
      vertex -51.0045 8.69097 0
    endloop
  endfacet
  facet normal 0.946899 0.321532 0
    outer loop
      vertex -51.5244 9.36857 3.2
      vertex -51.5938 9.57295 0
      vertex -51.5938 9.57295 3.2
    endloop
  endfacet
  facet normal 0.946899 0.321532 0
    outer loop
      vertex -51.5938 9.57295 0
      vertex -51.5244 9.36857 3.2
      vertex -51.5244 9.36857 0
    endloop
  endfacet
  facet normal 0.751856 0.659328 0
    outer loop
      vertex -51.1667 8.83327 3.2
      vertex -51.309 8.99554 0
      vertex -51.309 8.99554 3.2
    endloop
  endfacet
  facet normal 0.751856 0.659328 0
    outer loop
      vertex -51.309 8.99554 0
      vertex -51.1667 8.83327 3.2
      vertex -51.1667 8.83327 0
    endloop
  endfacet
  facet normal 0.831494 0.555534 0
    outer loop
      vertex -51.309 8.99554 3.2
      vertex -51.4289 9.175 0
      vertex -51.4289 9.175 3.2
    endloop
  endfacet
  facet normal 0.831494 0.555534 0
    outer loop
      vertex -51.4289 9.175 0
      vertex -51.309 8.99554 3.2
      vertex -51.309 8.99554 0
    endloop
  endfacet
  facet normal 0.44224 0.896897 -0
    outer loop
      vertex -50.6314 8.4756 0
      vertex -50.825 8.57106 3.2
      vertex -50.6314 8.4756 3.2
    endloop
  endfacet
  facet normal 0.44224 0.896897 0
    outer loop
      vertex -50.825 8.57106 3.2
      vertex -50.6314 8.4756 0
      vertex -50.825 8.57106 0
    endloop
  endfacet
  facet normal 0.321781 0.946814 -0
    outer loop
      vertex -50.5895 8.46136 0
      vertex -50.6314 8.4756 3.2
      vertex -50.5895 8.46136 3.2
    endloop
  endfacet
  facet normal 0.321781 0.946814 0
    outer loop
      vertex -50.6314 8.4756 3.2
      vertex -50.5895 8.46136 0
      vertex -50.6314 8.4756 0
    endloop
  endfacet
  facet normal -0.659359 -0.751828 0
    outer loop
      vertex -44.8255 6.7435 0
      vertex -43.9896 6.01041 3.2
      vertex -44.8255 6.7435 3.2
    endloop
  endfacet
  facet normal -0.659359 -0.751828 -0
    outer loop
      vertex -43.9896 6.01041 3.2
      vertex -44.8255 6.7435 0
      vertex -43.9896 6.01041 0
    endloop
  endfacet
  facet normal 0.946929 -0.321444 0
    outer loop
      vertex -58.2104 2.19996 3.2
      vertex -57.853 3.25281 0
      vertex -57.853 3.25281 3.2
    endloop
  endfacet
  facet normal 0.946929 -0.321444 0
    outer loop
      vertex -57.853 3.25281 0
      vertex -58.2104 2.19996 3.2
      vertex -58.2104 2.19996 0
    endloop
  endfacet
  facet normal 0.32145 0.946927 -0
    outer loop
      vertex -52.2 -8.21037 0
      vertex -53.2528 -7.85298 3.2
      vertex -52.2 -8.21037 3.2
    endloop
  endfacet
  facet normal 0.32145 0.946927 0
    outer loop
      vertex -53.2528 -7.85298 3.2
      vertex -52.2 -8.21037 0
      vertex -53.2528 -7.85298 0
    endloop
  endfacet
  facet normal 0.32145 -0.946927 0
    outer loop
      vertex -53.2528 7.85298 0
      vertex -52.2 8.21037 3.2
      vertex -53.2528 7.85298 3.2
    endloop
  endfacet
  facet normal 0.32145 -0.946927 0
    outer loop
      vertex -52.2 8.21037 3.2
      vertex -53.2528 7.85298 0
      vertex -52.2 8.21037 0
    endloop
  endfacet
  facet normal 0.896858 -0.442318 0
    outer loop
      vertex -57.853 3.25281 3.2
      vertex -57.3612 4.25 0
      vertex -57.3612 4.25 3.2
    endloop
  endfacet
  facet normal 0.896858 -0.442318 0
    outer loop
      vertex -57.3612 4.25 0
      vertex -57.853 3.25281 3.2
      vertex -57.853 3.25281 0
    endloop
  endfacet
  facet normal -0.980787 -0.19508 0
    outer loop
      vertex -41.5727 1.10947 0
      vertex -41.7896 2.19996 3.2
      vertex -41.7896 2.19996 0
    endloop
  endfacet
  facet normal -0.980787 -0.19508 0
    outer loop
      vertex -41.7896 2.19996 3.2
      vertex -41.5727 1.10947 0
      vertex -41.5727 1.10947 3.2
    endloop
  endfacet
  facet normal -0.946929 -0.321444 0
    outer loop
      vertex -41.7896 2.19996 0
      vertex -42.147 3.25281 3.2
      vertex -42.147 3.25281 0
    endloop
  endfacet
  facet normal -0.946929 -0.321444 0
    outer loop
      vertex -42.147 3.25281 3.2
      vertex -41.7896 2.19996 0
      vertex -41.7896 2.19996 3.2
    endloop
  endfacet
  facet normal -0.896858 -0.442318 0
    outer loop
      vertex -42.147 3.25281 0
      vertex -42.6388 4.25 3.2
      vertex -42.6388 4.25 0
    endloop
  endfacet
  facet normal -0.896858 -0.442318 0
    outer loop
      vertex -42.6388 4.25 3.2
      vertex -42.147 3.25281 0
      vertex -42.147 3.25281 3.2
    endloop
  endfacet
  facet normal -0.442285 -0.896874 0
    outer loop
      vertex -46.7472 7.85298 0
      vertex -45.75 7.36122 3.2
      vertex -46.7472 7.85298 3.2
    endloop
  endfacet
  facet normal -0.442285 -0.896874 -0
    outer loop
      vertex -45.75 7.36122 3.2
      vertex -46.7472 7.85298 0
      vertex -45.75 7.36122 0
    endloop
  endfacet
  facet normal -0.32145 -0.946927 0
    outer loop
      vertex -47.8 8.21037 0
      vertex -46.7472 7.85298 3.2
      vertex -47.8 8.21037 3.2
    endloop
  endfacet
  facet normal -0.32145 -0.946927 -0
    outer loop
      vertex -46.7472 7.85298 3.2
      vertex -47.8 8.21037 0
      vertex -46.7472 7.85298 0
    endloop
  endfacet
  facet normal 0.75184 -0.659346 0
    outer loop
      vertex -56.7435 5.17447 3.2
      vertex -56.0104 6.01041 0
      vertex -56.0104 6.01041 3.2
    endloop
  endfacet
  facet normal 0.75184 -0.659346 0
    outer loop
      vertex -56.0104 6.01041 0
      vertex -56.7435 5.17447 3.2
      vertex -56.7435 5.17447 0
    endloop
  endfacet
  facet normal 0.442285 -0.896874 0
    outer loop
      vertex -54.25 7.36122 0
      vertex -53.2528 7.85298 3.2
      vertex -54.25 7.36122 3.2
    endloop
  endfacet
  facet normal 0.442285 -0.896874 0
    outer loop
      vertex -53.2528 7.85298 3.2
      vertex -54.25 7.36122 0
      vertex -53.2528 7.85298 0
    endloop
  endfacet
  facet normal 0.195087 -0.980786 0
    outer loop
      vertex -52.2 8.21037 0
      vertex -51.1095 8.42728 3.2
      vertex -52.2 8.21037 3.2
    endloop
  endfacet
  facet normal 0.195087 -0.980786 0
    outer loop
      vertex -51.1095 8.42728 3.2
      vertex -52.2 8.21037 0
      vertex -51.1095 8.42728 0
    endloop
  endfacet
  facet normal -0.99786 0.0653866 0
    outer loop
      vertex -41.5727 -1.10947 0
      vertex -41.5 0 3.2
      vertex -41.5 0 0
    endloop
  endfacet
  facet normal -0.99786 0.0653866 0
    outer loop
      vertex -41.5 0 3.2
      vertex -41.5727 -1.10947 0
      vertex -41.5727 -1.10947 3.2
    endloop
  endfacet
  facet normal -0.32145 0.946927 0
    outer loop
      vertex -46.7472 -7.85298 0
      vertex -47.8 -8.21037 3.2
      vertex -46.7472 -7.85298 3.2
    endloop
  endfacet
  facet normal -0.32145 0.946927 0
    outer loop
      vertex -47.8 -8.21037 3.2
      vertex -46.7472 -7.85298 0
      vertex -47.8 -8.21037 0
    endloop
  endfacet
  facet normal -0.442285 0.896874 0
    outer loop
      vertex -45.75 -7.36122 0
      vertex -46.7472 -7.85298 3.2
      vertex -45.75 -7.36122 3.2
    endloop
  endfacet
  facet normal -0.442285 0.896874 0
    outer loop
      vertex -46.7472 -7.85298 3.2
      vertex -45.75 -7.36122 0
      vertex -46.7472 -7.85298 0
    endloop
  endfacet
  facet normal -0.75184 0.659346 0
    outer loop
      vertex -43.9896 -6.01041 0
      vertex -43.2565 -5.17447 3.2
      vertex -43.2565 -5.17447 0
    endloop
  endfacet
  facet normal -0.75184 0.659346 0
    outer loop
      vertex -43.2565 -5.17447 3.2
      vertex -43.9896 -6.01041 0
      vertex -43.9896 -6.01041 3.2
    endloop
  endfacet
  facet normal 0.195087 0.980786 -0
    outer loop
      vertex -51.1095 -8.42728 0
      vertex -52.2 -8.21037 3.2
      vertex -51.1095 -8.42728 3.2
    endloop
  endfacet
  facet normal 0.195087 0.980786 0
    outer loop
      vertex -52.2 -8.21037 3.2
      vertex -51.1095 -8.42728 0
      vertex -52.2 -8.21037 0
    endloop
  endfacet
  facet normal 0.659359 0.751828 -0
    outer loop
      vertex -55.1745 -6.7435 0
      vertex -56.0104 -6.01041 3.2
      vertex -55.1745 -6.7435 3.2
    endloop
  endfacet
  facet normal 0.659359 0.751828 0
    outer loop
      vertex -56.0104 -6.01041 3.2
      vertex -55.1745 -6.7435 0
      vertex -56.0104 -6.01041 0
    endloop
  endfacet
  facet normal 0.896858 0.442318 0
    outer loop
      vertex -57.3612 -4.25 3.2
      vertex -57.853 -3.25281 0
      vertex -57.853 -3.25281 3.2
    endloop
  endfacet
  facet normal 0.896858 0.442318 0
    outer loop
      vertex -57.853 -3.25281 0
      vertex -57.3612 -4.25 3.2
      vertex -57.3612 -4.25 0
    endloop
  endfacet
  facet normal 0.980787 0.19508 0
    outer loop
      vertex -58.2104 -2.19996 3.2
      vertex -58.4273 -1.10947 0
      vertex -58.4273 -1.10947 3.2
    endloop
  endfacet
  facet normal 0.980787 0.19508 0
    outer loop
      vertex -58.4273 -1.10947 0
      vertex -58.2104 -2.19996 3.2
      vertex -58.2104 -2.19996 0
    endloop
  endfacet
  facet normal -0.831474 -0.555563 0
    outer loop
      vertex -42.6388 4.25 0
      vertex -43.2565 5.17447 3.2
      vertex -43.2565 5.17447 0
    endloop
  endfacet
  facet normal -0.831474 -0.555563 0
    outer loop
      vertex -43.2565 5.17447 3.2
      vertex -42.6388 4.25 0
      vertex -42.6388 4.25 3.2
    endloop
  endfacet
  facet normal -0.75184 -0.659346 0
    outer loop
      vertex -43.2565 5.17447 0
      vertex -43.9896 6.01041 3.2
      vertex -43.9896 6.01041 0
    endloop
  endfacet
  facet normal -0.75184 -0.659346 0
    outer loop
      vertex -43.9896 6.01041 3.2
      vertex -43.2565 5.17447 0
      vertex -43.2565 5.17447 3.2
    endloop
  endfacet
  facet normal -0.555563 -0.831474 0
    outer loop
      vertex -45.75 7.36122 0
      vertex -44.8255 6.7435 3.2
      vertex -45.75 7.36122 3.2
    endloop
  endfacet
  facet normal -0.555563 -0.831474 -0
    outer loop
      vertex -44.8255 6.7435 3.2
      vertex -45.75 7.36122 0
      vertex -44.8255 6.7435 0
    endloop
  endfacet
  facet normal -0.0653982 -0.997859 0
    outer loop
      vertex -49.4105 8.46136 0
      vertex -48.8905 8.42728 3.2
      vertex -49.4105 8.46136 3.2
    endloop
  endfacet
  facet normal -0.0653982 -0.997859 -0
    outer loop
      vertex -48.8905 8.42728 3.2
      vertex -49.4105 8.46136 0
      vertex -48.8905 8.42728 0
    endloop
  endfacet
  facet normal 0.99786 -0.0653866 0
    outer loop
      vertex -58.5 0 3.2
      vertex -58.4273 1.10947 0
      vertex -58.4273 1.10947 3.2
    endloop
  endfacet
  facet normal 0.99786 -0.0653866 0
    outer loop
      vertex -58.4273 1.10947 0
      vertex -58.5 0 3.2
      vertex -58.5 0 0
    endloop
  endfacet
  facet normal 0.831474 -0.555563 0
    outer loop
      vertex -57.3612 4.25 3.2
      vertex -56.7435 5.17447 0
      vertex -56.7435 5.17447 3.2
    endloop
  endfacet
  facet normal 0.831474 -0.555563 0
    outer loop
      vertex -56.7435 5.17447 0
      vertex -57.3612 4.25 3.2
      vertex -57.3612 4.25 0
    endloop
  endfacet
  facet normal 0.0653982 -0.997859 0
    outer loop
      vertex -51.1095 8.42728 0
      vertex -50.5895 8.46136 3.2
      vertex -51.1095 8.42728 3.2
    endloop
  endfacet
  facet normal 0.0653982 -0.997859 0
    outer loop
      vertex -50.5895 8.46136 3.2
      vertex -51.1095 8.42728 0
      vertex -50.5895 8.46136 0
    endloop
  endfacet
  facet normal 0.555563 -0.831474 0
    outer loop
      vertex -55.1745 6.7435 0
      vertex -54.25 7.36122 3.2
      vertex -55.1745 6.7435 3.2
    endloop
  endfacet
  facet normal 0.555563 -0.831474 0
    outer loop
      vertex -54.25 7.36122 3.2
      vertex -55.1745 6.7435 0
      vertex -54.25 7.36122 0
    endloop
  endfacet
  facet normal 0.659359 -0.751828 0
    outer loop
      vertex -56.0104 6.01041 0
      vertex -55.1745 6.7435 3.2
      vertex -56.0104 6.01041 3.2
    endloop
  endfacet
  facet normal 0.659359 -0.751828 0
    outer loop
      vertex -55.1745 6.7435 3.2
      vertex -56.0104 6.01041 0
      vertex -55.1745 6.7435 0
    endloop
  endfacet
  facet normal -0.99786 -0.0653866 0
    outer loop
      vertex -41.5 0 0
      vertex -41.5727 1.10947 3.2
      vertex -41.5727 1.10947 0
    endloop
  endfacet
  facet normal -0.99786 -0.0653866 0
    outer loop
      vertex -41.5727 1.10947 3.2
      vertex -41.5 0 0
      vertex -41.5 0 3.2
    endloop
  endfacet
  facet normal -0.0653982 0.997859 0
    outer loop
      vertex -48.8905 -8.42728 0
      vertex -49.4105 -8.46136 3.2
      vertex -48.8905 -8.42728 3.2
    endloop
  endfacet
  facet normal -0.0653982 0.997859 0
    outer loop
      vertex -49.4105 -8.46136 3.2
      vertex -48.8905 -8.42728 0
      vertex -49.4105 -8.46136 0
    endloop
  endfacet
  facet normal -0.946929 0.321444 0
    outer loop
      vertex -42.147 -3.25281 0
      vertex -41.7896 -2.19996 3.2
      vertex -41.7896 -2.19996 0
    endloop
  endfacet
  facet normal -0.946929 0.321444 0
    outer loop
      vertex -41.7896 -2.19996 3.2
      vertex -42.147 -3.25281 0
      vertex -42.147 -3.25281 3.2
    endloop
  endfacet
  facet normal -0.195087 0.980786 0
    outer loop
      vertex -47.8 -8.21037 0
      vertex -48.8905 -8.42728 3.2
      vertex -47.8 -8.21037 3.2
    endloop
  endfacet
  facet normal -0.195087 0.980786 0
    outer loop
      vertex -48.8905 -8.42728 3.2
      vertex -47.8 -8.21037 0
      vertex -48.8905 -8.42728 0
    endloop
  endfacet
  facet normal -0.555563 0.831474 0
    outer loop
      vertex -44.8255 -6.7435 0
      vertex -45.75 -7.36122 3.2
      vertex -44.8255 -6.7435 3.2
    endloop
  endfacet
  facet normal -0.555563 0.831474 0
    outer loop
      vertex -45.75 -7.36122 3.2
      vertex -44.8255 -6.7435 0
      vertex -45.75 -7.36122 0
    endloop
  endfacet
  facet normal -0.896858 0.442318 0
    outer loop
      vertex -42.6388 -4.25 0
      vertex -42.147 -3.25281 3.2
      vertex -42.147 -3.25281 0
    endloop
  endfacet
  facet normal -0.896858 0.442318 0
    outer loop
      vertex -42.147 -3.25281 3.2
      vertex -42.6388 -4.25 0
      vertex -42.6388 -4.25 3.2
    endloop
  endfacet
  facet normal 0.0653982 0.997859 -0
    outer loop
      vertex -50.5895 -8.46136 0
      vertex -51.1095 -8.42728 3.2
      vertex -50.5895 -8.46136 3.2
    endloop
  endfacet
  facet normal 0.0653982 0.997859 0
    outer loop
      vertex -51.1095 -8.42728 3.2
      vertex -50.5895 -8.46136 0
      vertex -51.1095 -8.42728 0
    endloop
  endfacet
  facet normal 0.442285 0.896874 -0
    outer loop
      vertex -53.2528 -7.85298 0
      vertex -54.25 -7.36122 3.2
      vertex -53.2528 -7.85298 3.2
    endloop
  endfacet
  facet normal 0.442285 0.896874 0
    outer loop
      vertex -54.25 -7.36122 3.2
      vertex -53.2528 -7.85298 0
      vertex -54.25 -7.36122 0
    endloop
  endfacet
  facet normal 0.946929 0.321444 0
    outer loop
      vertex -57.853 -3.25281 3.2
      vertex -58.2104 -2.19996 0
      vertex -58.2104 -2.19996 3.2
    endloop
  endfacet
  facet normal 0.946929 0.321444 0
    outer loop
      vertex -58.2104 -2.19996 0
      vertex -57.853 -3.25281 3.2
      vertex -57.853 -3.25281 0
    endloop
  endfacet
  facet normal 0.99786 0.0653866 0
    outer loop
      vertex -58.4273 -1.10947 3.2
      vertex -58.5 0 0
      vertex -58.5 0 3.2
    endloop
  endfacet
  facet normal 0.99786 0.0653866 0
    outer loop
      vertex -58.5 0 0
      vertex -58.4273 -1.10947 3.2
      vertex -58.4273 -1.10947 0
    endloop
  endfacet
  facet normal 0.831474 0.555563 0
    outer loop
      vertex -56.7435 -5.17447 3.2
      vertex -57.3612 -4.25 0
      vertex -57.3612 -4.25 3.2
    endloop
  endfacet
  facet normal 0.831474 0.555563 0
    outer loop
      vertex -57.3612 -4.25 0
      vertex -56.7435 -5.17447 3.2
      vertex -56.7435 -5.17447 0
    endloop
  endfacet
  facet normal 0.75184 0.659346 0
    outer loop
      vertex -56.0104 -6.01041 3.2
      vertex -56.7435 -5.17447 0
      vertex -56.7435 -5.17447 3.2
    endloop
  endfacet
  facet normal 0.75184 0.659346 0
    outer loop
      vertex -56.7435 -5.17447 0
      vertex -56.0104 -6.01041 3.2
      vertex -56.0104 -6.01041 0
    endloop
  endfacet
  facet normal -0.195087 -0.980786 0
    outer loop
      vertex -48.8905 8.42728 0
      vertex -47.8 8.21037 3.2
      vertex -48.8905 8.42728 3.2
    endloop
  endfacet
  facet normal -0.195087 -0.980786 -0
    outer loop
      vertex -47.8 8.21037 3.2
      vertex -48.8905 8.42728 0
      vertex -47.8 8.21037 0
    endloop
  endfacet
  facet normal 0.980787 -0.19508 0
    outer loop
      vertex -58.4273 1.10947 3.2
      vertex -58.2104 2.19996 0
      vertex -58.2104 2.19996 3.2
    endloop
  endfacet
  facet normal 0.980787 -0.19508 0
    outer loop
      vertex -58.2104 2.19996 0
      vertex -58.4273 1.10947 3.2
      vertex -58.4273 1.10947 0
    endloop
  endfacet
  facet normal -0.980787 0.19508 0
    outer loop
      vertex -41.7896 -2.19996 0
      vertex -41.5727 -1.10947 3.2
      vertex -41.5727 -1.10947 0
    endloop
  endfacet
  facet normal -0.980787 0.19508 0
    outer loop
      vertex -41.5727 -1.10947 3.2
      vertex -41.7896 -2.19996 0
      vertex -41.7896 -2.19996 3.2
    endloop
  endfacet
  facet normal -0.659359 0.751828 0
    outer loop
      vertex -43.9896 -6.01041 0
      vertex -44.8255 -6.7435 3.2
      vertex -43.9896 -6.01041 3.2
    endloop
  endfacet
  facet normal -0.659359 0.751828 0
    outer loop
      vertex -44.8255 -6.7435 3.2
      vertex -43.9896 -6.01041 0
      vertex -44.8255 -6.7435 0
    endloop
  endfacet
  facet normal -0.831474 0.555563 0
    outer loop
      vertex -43.2565 -5.17447 0
      vertex -42.6388 -4.25 3.2
      vertex -42.6388 -4.25 0
    endloop
  endfacet
  facet normal -0.831474 0.555563 0
    outer loop
      vertex -42.6388 -4.25 3.2
      vertex -43.2565 -5.17447 0
      vertex -43.2565 -5.17447 3.2
    endloop
  endfacet
  facet normal 0.555563 0.831474 -0
    outer loop
      vertex -54.25 -7.36122 0
      vertex -55.1745 -6.7435 3.2
      vertex -54.25 -7.36122 3.2
    endloop
  endfacet
  facet normal 0.555563 0.831474 0
    outer loop
      vertex -55.1745 -6.7435 3.2
      vertex -54.25 -7.36122 0
      vertex -55.1745 -6.7435 0
    endloop
  endfacet
  facet normal 1 -0 0
    outer loop
      vertex 8 -19.75 3.2
      vertex 8 -16.25 0
      vertex 8 -16.25 3.2
    endloop
  endfacet
  facet normal 1 0 0
    outer loop
      vertex 8 -16.25 0
      vertex 8 -19.75 3.2
      vertex 8 -19.75 0
    endloop
  endfacet
  facet normal -1 0 0
    outer loop
      vertex 22 -19.75 0
      vertex 22 -16.25 3.2
      vertex 22 -16.25 0
    endloop
  endfacet
  facet normal -1 -0 0
    outer loop
      vertex 22 -16.25 3.2
      vertex 22 -19.75 0
      vertex 22 -19.75 3.2
    endloop
  endfacet
  facet normal 0 -1 0
    outer loop
      vertex 8 -16.25 0
      vertex 22 -16.25 3.2
      vertex 8 -16.25 3.2
    endloop
  endfacet
  facet normal 0 -1 -0
    outer loop
      vertex 22 -16.25 3.2
      vertex 8 -16.25 0
      vertex 22 -16.25 0
    endloop
  endfacet
  facet normal 0 1 -0
    outer loop
      vertex 22 -19.75 0
      vertex 8 -19.75 3.2
      vertex 22 -19.75 3.2
    endloop
  endfacet
  facet normal 0 1 0
    outer loop
      vertex 8 -19.75 3.2
      vertex 22 -19.75 0
      vertex 8 -19.75 0
    endloop
  endfacet
  facet normal 1 -0 0
    outer loop
      vertex 8 16.25 3.2
      vertex 8 19.75 0
      vertex 8 19.75 3.2
    endloop
  endfacet
  facet normal 1 0 0
    outer loop
      vertex 8 19.75 0
      vertex 8 16.25 3.2
      vertex 8 16.25 0
    endloop
  endfacet
  facet normal -1 0 0
    outer loop
      vertex 22 16.25 0
      vertex 22 19.75 3.2
      vertex 22 19.75 0
    endloop
  endfacet
  facet normal -1 -0 0
    outer loop
      vertex 22 19.75 3.2
      vertex 22 16.25 0
      vertex 22 16.25 3.2
    endloop
  endfacet
  facet normal 0 1 -0
    outer loop
      vertex 22 16.25 0
      vertex 8 16.25 3.2
      vertex 22 16.25 3.2
    endloop
  endfacet
  facet normal 0 1 0
    outer loop
      vertex 8 16.25 3.2
      vertex 22 16.25 0
      vertex 8 16.25 0
    endloop
  endfacet
  facet normal 0 -1 0
    outer loop
      vertex 8 19.75 0
      vertex 22 19.75 3.2
      vertex 8 19.75 3.2
    endloop
  endfacet
  facet normal 0 -1 -0
    outer loop
      vertex 22 19.75 3.2
      vertex 8 19.75 0
      vertex 22 19.75 0
    endloop
  endfacet
  facet normal 1 -0 0
    outer loop
      vertex -32 -19.75 3.2
      vertex -32 -16.25 0
      vertex -32 -16.25 3.2
    endloop
  endfacet
  facet normal 1 0 0
    outer loop
      vertex -32 -16.25 0
      vertex -32 -19.75 3.2
      vertex -32 -19.75 0
    endloop
  endfacet
  facet normal -1 0 0
    outer loop
      vertex -18 -19.75 0
      vertex -18 -16.25 3.2
      vertex -18 -16.25 0
    endloop
  endfacet
  facet normal -1 -0 0
    outer loop
      vertex -18 -16.25 3.2
      vertex -18 -19.75 0
      vertex -18 -19.75 3.2
    endloop
  endfacet
  facet normal 0 1 -0
    outer loop
      vertex -18 -19.75 0
      vertex -32 -19.75 3.2
      vertex -18 -19.75 3.2
    endloop
  endfacet
  facet normal 0 1 0
    outer loop
      vertex -32 -19.75 3.2
      vertex -18 -19.75 0
      vertex -32 -19.75 0
    endloop
  endfacet
  facet normal 0 -1 0
    outer loop
      vertex -32 -16.25 0
      vertex -18 -16.25 3.2
      vertex -32 -16.25 3.2
    endloop
  endfacet
  facet normal 0 -1 -0
    outer loop
      vertex -18 -16.25 3.2
      vertex -32 -16.25 0
      vertex -18 -16.25 0
    endloop
  endfacet
  facet normal 1 -0 0
    outer loop
      vertex -32 16.25 3.2
      vertex -32 19.75 0
      vertex -32 19.75 3.2
    endloop
  endfacet
  facet normal 1 0 0
    outer loop
      vertex -32 19.75 0
      vertex -32 16.25 3.2
      vertex -32 16.25 0
    endloop
  endfacet
  facet normal -1 0 0
    outer loop
      vertex -18 16.25 0
      vertex -18 19.75 3.2
      vertex -18 19.75 0
    endloop
  endfacet
  facet normal -1 -0 0
    outer loop
      vertex -18 19.75 3.2
      vertex -18 16.25 0
      vertex -18 16.25 3.2
    endloop
  endfacet
  facet normal 0 -1 0
    outer loop
      vertex -32 19.75 0
      vertex -18 19.75 3.2
      vertex -32 19.75 3.2
    endloop
  endfacet
  facet normal 0 -1 -0
    outer loop
      vertex -18 19.75 3.2
      vertex -32 19.75 0
      vertex -18 19.75 0
    endloop
  endfacet
  facet normal 0 1 -0
    outer loop
      vertex -18 16.25 0
      vertex -32 16.25 3.2
      vertex -18 16.25 3.2
    endloop
  endfacet
  facet normal 0 1 0
    outer loop
      vertex -32 16.25 3.2
      vertex -18 16.25 0
      vertex -32 16.25 0
    endloop
  endfacet
  facet normal 0.980813 0.19495 0
    outer loop
      vertex -10.8978 -4.77646 3.2
      vertex -10.9743 -4.39158 0
      vertex -10.9743 -4.39158 3.2
    endloop
  endfacet
  facet normal 0.980813 0.19495 0
    outer loop
      vertex -10.9743 -4.39158 0
      vertex -10.8978 -4.77646 3.2
      vertex -10.8978 -4.77646 0
    endloop
  endfacet
  facet normal 0.946882 0.321582 0
    outer loop
      vertex -10.7716 -5.14805 3.2
      vertex -10.8978 -4.77646 0
      vertex -10.8978 -4.77646 3.2
    endloop
  endfacet
  facet normal 0.946882 0.321582 0
    outer loop
      vertex -10.8978 -4.77646 0
      vertex -10.7716 -5.14805 3.2
      vertex -10.7716 -5.14805 0
    endloop
  endfacet
  facet normal 0.997853 0.0654906 0
    outer loop
      vertex -10.9743 -4.39158 3.2
      vertex -11 -4 0
      vertex -11 -4 3.2
    endloop
  endfacet
  facet normal 0.997853 0.0654906 0
    outer loop
      vertex -11 -4 0
      vertex -10.9743 -4.39158 3.2
      vertex -10.9743 -4.39158 0
    endloop
  endfacet
  facet normal 0.659367 0.751822 -0
    outer loop
      vertex -9.82628 -6.38006 0
      vertex -10.1213 -6.12132 3.2
      vertex -9.82628 -6.38006 3.2
    endloop
  endfacet
  facet normal 0.659367 0.751822 0
    outer loop
      vertex -10.1213 -6.12132 3.2
      vertex -9.82628 -6.38006 0
      vertex -10.1213 -6.12132 0
    endloop
  endfacet
  facet normal 0.997853 -0.0654906 0
    outer loop
      vertex -11 4 3.2
      vertex -10.9743 4.39158 0
      vertex -10.9743 4.39158 3.2
    endloop
  endfacet
  facet normal 0.997853 -0.0654906 0
    outer loop
      vertex -10.9743 4.39158 0
      vertex -11 4 3.2
      vertex -11 4 0
    endloop
  endfacet
  facet normal 0.321444 -0.946928 0
    outer loop
      vertex -9.14805 6.77164 0
      vertex -8.77646 6.89778 3.2
      vertex -9.14805 6.77164 3.2
    endloop
  endfacet
  facet normal 0.321444 -0.946928 0
    outer loop
      vertex -8.77646 6.89778 3.2
      vertex -9.14805 6.77164 0
      vertex -8.77646 6.89778 0
    endloop
  endfacet
  facet normal 0.195072 0.980789 -0
    outer loop
      vertex -8.39158 -6.97433 0
      vertex -8.77646 -6.89778 3.2
      vertex -8.39158 -6.97433 3.2
    endloop
  endfacet
  facet normal 0.195072 0.980789 0
    outer loop
      vertex -8.77646 -6.89778 3.2
      vertex -8.39158 -6.97433 0
      vertex -8.77646 -6.89778 0
    endloop
  endfacet
  facet normal 1 -0 0
    outer loop
      vertex -11 -4 3.2
      vertex -11 4 0
      vertex -11 4 3.2
    endloop
  endfacet
  facet normal 1 0 0
    outer loop
      vertex -11 4 0
      vertex -11 -4 3.2
      vertex -11 -4 0
    endloop
  endfacet
  facet normal 0.751768 -0.659428 0
    outer loop
      vertex -10.3801 5.82628 3.2
      vertex -10.1213 6.12132 0
      vertex -10.1213 6.12132 3.2
    endloop
  endfacet
  facet normal 0.751768 -0.659428 0
    outer loop
      vertex -10.1213 6.12132 0
      vertex -10.3801 5.82628 3.2
      vertex -10.3801 5.82628 0
    endloop
  endfacet
  facet normal 0.980813 -0.19495 0
    outer loop
      vertex -10.9743 4.39158 3.2
      vertex -10.8978 4.77646 0
      vertex -10.8978 4.77646 3.2
    endloop
  endfacet
  facet normal 0.980813 -0.19495 0
    outer loop
      vertex -10.8978 4.77646 0
      vertex -10.9743 4.39158 3.2
      vertex -10.9743 4.39158 0
    endloop
  endfacet
  facet normal 0 -1 0
    outer loop
      vertex -8 7 0
      vertex 6.66987 7 3.2
      vertex -8 7 3.2
    endloop
  endfacet
  facet normal 0 -1 -0
    outer loop
      vertex 6.66987 7 3.2
      vertex -8 7 0
      vertex 6.66987 7 0
    endloop
  endfacet
  facet normal -1 0 0
    outer loop
      vertex 11 -2 0
      vertex 11 2 3.2
      vertex 11 2 0
    endloop
  endfacet
  facet normal -1 -0 0
    outer loop
      vertex 11 2 3.2
      vertex 11 -2 0
      vertex 11 -2 3.2
    endloop
  endfacet
  facet normal 0 1 -0
    outer loop
      vertex 6.66987 -7 0
      vertex -8 -7 3.2
      vertex 6.66987 -7 3.2
    endloop
  endfacet
  facet normal 0 1 0
    outer loop
      vertex -8 -7 3.2
      vertex 6.66987 -7 0
      vertex -8 -7 0
    endloop
  endfacet
  facet normal 0.659367 -0.751822 0
    outer loop
      vertex -10.1213 6.12132 0
      vertex -9.82628 6.38006 3.2
      vertex -10.1213 6.12132 3.2
    endloop
  endfacet
  facet normal 0.659367 -0.751822 0
    outer loop
      vertex -9.82628 6.38006 3.2
      vertex -10.1213 6.12132 0
      vertex -9.82628 6.38006 0
    endloop
  endfacet
  facet normal 0.555582 -0.831462 0
    outer loop
      vertex -9.82628 6.38006 0
      vertex -9.5 6.59808 3.2
      vertex -9.82628 6.38006 3.2
    endloop
  endfacet
  facet normal 0.555582 -0.831462 0
    outer loop
      vertex -9.5 6.59808 3.2
      vertex -9.82628 6.38006 0
      vertex -9.5 6.59808 0
    endloop
  endfacet
  facet normal 0.442283 -0.896875 0
    outer loop
      vertex -9.5 6.59808 0
      vertex -9.14805 6.77164 3.2
      vertex -9.5 6.59808 3.2
    endloop
  endfacet
  facet normal 0.442283 -0.896875 0
    outer loop
      vertex -9.14805 6.77164 3.2
      vertex -9.5 6.59808 0
      vertex -9.14805 6.77164 0
    endloop
  endfacet
  facet normal 0.896936 -0.44216 0
    outer loop
      vertex -10.7716 5.14805 3.2
      vertex -10.5981 5.5 0
      vertex -10.5981 5.5 3.2
    endloop
  endfacet
  facet normal 0.896936 -0.44216 0
    outer loop
      vertex -10.5981 5.5 0
      vertex -10.7716 5.14805 3.2
      vertex -10.7716 5.14805 0
    endloop
  endfacet
  facet normal 0.831485 -0.555547 0
    outer loop
      vertex -10.5981 5.5 3.2
      vertex -10.3801 5.82628 0
      vertex -10.3801 5.82628 3.2
    endloop
  endfacet
  facet normal 0.831485 -0.555547 0
    outer loop
      vertex -10.3801 5.82628 0
      vertex -10.5981 5.5 3.2
      vertex -10.5981 5.5 0
    endloop
  endfacet
  facet normal 0.946882 -0.321582 0
    outer loop
      vertex -10.8978 4.77646 3.2
      vertex -10.7716 5.14805 0
      vertex -10.7716 5.14805 3.2
    endloop
  endfacet
  facet normal 0.946882 -0.321582 0
    outer loop
      vertex -10.7716 5.14805 0
      vertex -10.8978 4.77646 3.2
      vertex -10.8978 4.77646 0
    endloop
  endfacet
  facet normal 0.195072 -0.980789 0
    outer loop
      vertex -8.77646 6.89778 0
      vertex -8.39158 6.97433 3.2
      vertex -8.77646 6.89778 3.2
    endloop
  endfacet
  facet normal 0.195072 -0.980789 0
    outer loop
      vertex -8.39158 6.97433 3.2
      vertex -8.77646 6.89778 0
      vertex -8.39158 6.97433 0
    endloop
  endfacet
  facet normal 0.0654145 -0.997858 0
    outer loop
      vertex -8.39158 6.97433 0
      vertex -8 7 3.2
      vertex -8.39158 6.97433 3.2
    endloop
  endfacet
  facet normal 0.0654145 -0.997858 0
    outer loop
      vertex -8 7 3.2
      vertex -8.39158 6.97433 0
      vertex -8 7 0
    endloop
  endfacet
  facet normal 0.0654145 0.997858 -0
    outer loop
      vertex -8 -7 0
      vertex -8.39158 -6.97433 3.2
      vertex -8 -7 3.2
    endloop
  endfacet
  facet normal 0.0654145 0.997858 0
    outer loop
      vertex -8.39158 -6.97433 3.2
      vertex -8 -7 0
      vertex -8.39158 -6.97433 0
    endloop
  endfacet
  facet normal 0.442283 0.896875 -0
    outer loop
      vertex -9.14805 -6.77164 0
      vertex -9.5 -6.59808 3.2
      vertex -9.14805 -6.77164 3.2
    endloop
  endfacet
  facet normal 0.442283 0.896875 0
    outer loop
      vertex -9.5 -6.59808 3.2
      vertex -9.14805 -6.77164 0
      vertex -9.5 -6.59808 0
    endloop
  endfacet
  facet normal 0.751768 0.659428 0
    outer loop
      vertex -10.1213 -6.12132 3.2
      vertex -10.3801 -5.82628 0
      vertex -10.3801 -5.82628 3.2
    endloop
  endfacet
  facet normal 0.751768 0.659428 0
    outer loop
      vertex -10.3801 -5.82628 0
      vertex -10.1213 -6.12132 3.2
      vertex -10.1213 -6.12132 0
    endloop
  endfacet
  facet normal 0.321444 0.946928 -0
    outer loop
      vertex -8.77646 -6.89778 0
      vertex -9.14805 -6.77164 3.2
      vertex -8.77646 -6.89778 3.2
    endloop
  endfacet
  facet normal 0.321444 0.946928 0
    outer loop
      vertex -9.14805 -6.77164 3.2
      vertex -8.77646 -6.89778 0
      vertex -9.14805 -6.77164 0
    endloop
  endfacet
  facet normal 0.555582 0.831462 -0
    outer loop
      vertex -9.5 -6.59808 0
      vertex -9.82628 -6.38006 3.2
      vertex -9.5 -6.59808 3.2
    endloop
  endfacet
  facet normal 0.555582 0.831462 0
    outer loop
      vertex -9.82628 -6.38006 3.2
      vertex -9.5 -6.59808 0
      vertex -9.82628 -6.38006 0
    endloop
  endfacet
  facet normal 0.831485 0.555547 0
    outer loop
      vertex -10.3801 -5.82628 3.2
      vertex -10.5981 -5.5 0
      vertex -10.5981 -5.5 3.2
    endloop
  endfacet
  facet normal 0.831485 0.555547 0
    outer loop
      vertex -10.5981 -5.5 0
      vertex -10.3801 -5.82628 3.2
      vertex -10.3801 -5.82628 0
    endloop
  endfacet
  facet normal 0.896936 0.44216 0
    outer loop
      vertex -10.5981 -5.5 3.2
      vertex -10.7716 -5.14805 0
      vertex -10.7716 -5.14805 3.2
    endloop
  endfacet
  facet normal 0.896936 0.44216 0
    outer loop
      vertex -10.7716 -5.14805 0
      vertex -10.5981 -5.5 3.2
      vertex -10.5981 -5.5 0
    endloop
  endfacet
endsolid OpenSCAD_Model
