solid OpenSCAD_Model
  facet normal -1 0 0
    outer loop
      vertex 36.5 -9.2 3.2
      vertex 36.5 9.2 4.45
      vertex 36.5 9.2 3.2
    endloop
  endfacet
  facet normal -1 -0 0
    outer loop
      vertex 36.5 9.2 4.45
      vertex 36.5 -9.2 3.2
      vertex 36.5 -9.2 4.45
    endloop
  endfacet
  facet normal 0 0 1
    outer loop
      vertex 67.5 9.2 4.45
      vertex 63.5 6.2 4.45
      vertex 67.5 -9.2 4.45
    endloop
  endfacet
  facet normal 0 0 1
    outer loop
      vertex 67.5 9.2 4.45
      vertex 40.5 6.2 4.45
      vertex 63.5 6.2 4.45
    endloop
  endfacet
  facet normal 0 0 1
    outer loop
      vertex 40.5 6.2 4.45
      vertex 36.5 9.2 4.45
      vertex 40.5 -6.2 4.45
    endloop
  endfacet
  facet normal -0 0 1
    outer loop
      vertex 36.5 9.2 4.45
      vertex 40.5 6.2 4.45
      vertex 67.5 9.2 4.45
    endloop
  endfacet
  facet normal -0 0 1
    outer loop
      vertex 63.5 -6.2 4.45
      vertex 67.5 -9.2 4.45
      vertex 63.5 6.2 4.45
    endloop
  endfacet
  facet normal -0 0 1
    outer loop
      vertex 40.5 -6.2 4.45
      vertex 67.5 -9.2 4.45
      vertex 63.5 -6.2 4.45
    endloop
  endfacet
  facet normal 0 0 1
    outer loop
      vertex 40.5 -6.2 4.45
      vertex 36.5 -9.2 4.45
      vertex 67.5 -9.2 4.45
    endloop
  endfacet
  facet normal 0 0 1
    outer loop
      vertex 36.5 -9.2 4.45
      vertex 40.5 -6.2 4.45
      vertex 36.5 9.2 4.45
    endloop
  endfacet
  facet normal 1 -0 0
    outer loop
      vertex 67.5 -9.2 4.45
      vertex 67.5 9.2 3.2
      vertex 67.5 9.2 4.45
    endloop
  endfacet
  facet normal 1 0 0
    outer loop
      vertex 67.5 9.2 3.2
      vertex 67.5 -9.2 4.45
      vertex 67.5 -9.2 3.2
    endloop
  endfacet
  facet normal 0 1 -0
    outer loop
      vertex 67.5 9.2 3.2
      vertex 36.5 9.2 4.45
      vertex 67.5 9.2 4.45
    endloop
  endfacet
  facet normal 0 1 0
    outer loop
      vertex 36.5 9.2 4.45
      vertex 67.5 9.2 3.2
      vertex 36.5 9.2 3.2
    endloop
  endfacet
  facet normal 0 -1 0
    outer loop
      vertex 36.5 -9.2 3.2
      vertex 67.5 -9.2 4.45
      vertex 36.5 -9.2 4.45
    endloop
  endfacet
  facet normal 0 -1 -0
    outer loop
      vertex 67.5 -9.2 4.45
      vertex 36.5 -9.2 3.2
      vertex 67.5 -9.2 3.2
    endloop
  endfacet
  facet normal 1 -0 0
    outer loop
      vertex 40.5 -6.2 4.45
      vertex 40.5 6.2 3.2
      vertex 40.5 6.2 4.45
    endloop
  endfacet
  facet normal 1 0 0
    outer loop
      vertex 40.5 6.2 3.2
      vertex 40.5 -6.2 4.45
      vertex 40.5 -6.2 3.2
    endloop
  endfacet
  facet normal -1 0 0
    outer loop
      vertex 63.5 -6.2 3.2
      vertex 63.5 6.2 4.45
      vertex 63.5 6.2 3.2
    endloop
  endfacet
  facet normal -1 -0 0
    outer loop
      vertex 63.5 6.2 4.45
      vertex 63.5 -6.2 3.2
      vertex 63.5 -6.2 4.45
    endloop
  endfacet
  facet normal 0 1 -0
    outer loop
      vertex 63.5 -6.2 3.2
      vertex 40.5 -6.2 4.45
      vertex 63.5 -6.2 4.45
    endloop
  endfacet
  facet normal 0 1 0
    outer loop
      vertex 40.5 -6.2 4.45
      vertex 63.5 -6.2 3.2
      vertex 40.5 -6.2 3.2
    endloop
  endfacet
  facet normal 0 -1 0
    outer loop
      vertex 40.5 6.2 3.2
      vertex 63.5 6.2 4.45
      vertex 40.5 6.2 4.45
    endloop
  endfacet
  facet normal 0 -1 -0
    outer loop
      vertex 63.5 6.2 4.45
      vertex 40.5 6.2 3.2
      vertex 63.5 6.2 3.2
    endloop
  endfacet
  facet normal 0 0 -1
    outer loop
      vertex -20 30 0
      vertex -46.3641 37.7846 0
      vertex -46.35 38 0
    endloop
  endfacet
  facet normal 0 0 -1
    outer loop
      vertex -36 16.5 0
      vertex -46.4062 37.5729 0
      vertex -46.3641 37.7846 0
    endloop
  endfacet
  facet normal 0 0 -1
    outer loop
      vertex -36 16.5 0
      vertex -46.4756 37.3686 0
      vertex -46.4062 37.5729 0
    endloop
  endfacet
  facet normal 0 0 -1
    outer loop
      vertex -36 16.5 0
      vertex -46.5711 37.175 0
      vertex -46.4756 37.3686 0
    endloop
  endfacet
  facet normal 0 0 -1
    outer loop
      vertex -36 16.5 0
      vertex -46.691 36.9955 0
      vertex -46.5711 37.175 0
    endloop
  endfacet
  facet normal 0 0 -1
    outer loop
      vertex -36 16.5 0
      vertex -46.8333 36.8333 0
      vertex -46.691 36.9955 0
    endloop
  endfacet
  facet normal 0 0 -1
    outer loop
      vertex -36 16.5 0
      vertex -46.9955 36.691 0
      vertex -46.8333 36.8333 0
    endloop
  endfacet
  facet normal 0 -0 -1
    outer loop
      vertex -47.175 36.5711 0
      vertex -36 16.5 0
      vertex -48 16.5 0
    endloop
  endfacet
  facet normal 0 0 -1
    outer loop
      vertex -36 16.5 0
      vertex -47.175 36.5711 0
      vertex -46.9955 36.691 0
    endloop
  endfacet
  facet normal 0 0 -1
    outer loop
      vertex -47.175 36.5711 0
      vertex -48 16.5 0
      vertex -47.3686 36.4756 0
    endloop
  endfacet
  facet normal 0 0 -1
    outer loop
      vertex -47.3686 36.4756 0
      vertex -48 16.5 0
      vertex -47.5729 36.4062 0
    endloop
  endfacet
  facet normal 0 0 -1
    outer loop
      vertex -47.5729 36.4062 0
      vertex -48 16.5 0
      vertex -47.7846 36.3641 0
    endloop
  endfacet
  facet normal 0 0 -1
    outer loop
      vertex -48 16.5 0
      vertex -48 36.35 0
      vertex -47.7846 36.3641 0
    endloop
  endfacet
  facet normal 0 0 -1
    outer loop
      vertex -48 16.5 0
      vertex -48.2154 36.3641 0
      vertex -48 36.35 0
    endloop
  endfacet
  facet normal 0 0 -1
    outer loop
      vertex -48 16.5 0
      vertex -48.4271 36.4062 0
      vertex -48.2154 36.3641 0
    endloop
  endfacet
  facet normal 0 0 -1
    outer loop
      vertex -48 16.5 0
      vertex -48.6314 36.4756 0
      vertex -48.4271 36.4062 0
    endloop
  endfacet
  facet normal 0 0 -1
    outer loop
      vertex -48 16.5 0
      vertex -48.825 36.5711 0
      vertex -48.6314 36.4756 0
    endloop
  endfacet
  facet normal 0 0 -1
    outer loop
      vertex -48 16.5 0
      vertex -49.0045 36.691 0
      vertex -48.825 36.5711 0
    endloop
  endfacet
  facet normal 0 0 -1
    outer loop
      vertex -51.8971 14.25 0
      vertex -49.0045 36.691 0
      vertex -48 16.5 0
    endloop
  endfacet
  facet normal -0 0 -1
    outer loop
      vertex -49.0045 36.691 0
      vertex -51.8971 14.25 0
      vertex -49.1667 36.8333 0
    endloop
  endfacet
  facet normal 0 0 -1
    outer loop
      vertex -68 39 0
      vertex -49.1667 36.8333 0
      vertex -51.8971 14.25 0
    endloop
  endfacet
  facet normal 0 0 -1
    outer loop
      vertex -49.1667 36.8333 0
      vertex -68 39 0
      vertex -49.309 36.9955 0
    endloop
  endfacet
  facet normal 0 0 -1
    outer loop
      vertex -49.309 36.9955 0
      vertex -68 39 0
      vertex -49.4289 37.175 0
    endloop
  endfacet
  facet normal 0 0 -1
    outer loop
      vertex -49.4289 37.175 0
      vertex -68 39 0
      vertex -49.5244 37.3686 0
    endloop
  endfacet
  facet normal 0 0 -1
    outer loop
      vertex -49.5938 37.5729 0
      vertex -68 39 0
      vertex -49.6359 37.7846 0
    endloop
  endfacet
  facet normal 0 0 -1
    outer loop
      vertex -49.5244 37.3686 0
      vertex -68 39 0
      vertex -49.5938 37.5729 0
    endloop
  endfacet
  facet normal 0 0 -1
    outer loop
      vertex -48 4.5 0
      vertex -44.1029 9.75 0
      vertex -44.1029 2.25 0
    endloop
  endfacet
  facet normal 0 0 -1
    outer loop
      vertex -48 4.5 0
      vertex -48 7.5 0
      vertex -44.1029 9.75 0
    endloop
  endfacet
  facet normal 0 0 -1
    outer loop
      vertex -51.8971 2.25 0
      vertex -48 7.5 0
      vertex -48 4.5 0
    endloop
  endfacet
  facet normal -0 0 -1
    outer loop
      vertex -48 7.5 0
      vertex -51.8971 2.25 0
      vertex -51.8971 9.75 0
    endloop
  endfacet
  facet normal 0 0 -1
    outer loop
      vertex -48 -7.5 0
      vertex -44.1029 -2.25 0
      vertex -44.1029 -9.75 0
    endloop
  endfacet
  facet normal 0 0 -1
    outer loop
      vertex -48 -7.5 0
      vertex -48 -4.5 0
      vertex -44.1029 -2.25 0
    endloop
  endfacet
  facet normal 0 0 -1
    outer loop
      vertex -51.8971 -9.75 0
      vertex -48 -4.5 0
      vertex -48 -7.5 0
    endloop
  endfacet
  facet normal -0 0 -1
    outer loop
      vertex -48 -4.5 0
      vertex -51.8971 -9.75 0
      vertex -51.8971 -2.25 0
    endloop
  endfacet
  facet normal 0 0 -1
    outer loop
      vertex -46.4756 -37.3686 0
      vertex -20 -30 0
      vertex -46.4062 -37.5729 0
    endloop
  endfacet
  facet normal 0 0 -1
    outer loop
      vertex -46.5711 -37.175 0
      vertex -20 -30 0
      vertex -46.4756 -37.3686 0
    endloop
  endfacet
  facet normal -0 0 -1
    outer loop
      vertex -20 -30 0
      vertex -46.5711 -37.175 0
      vertex -36 -16.5 0
    endloop
  endfacet
  facet normal 0 0 -1
    outer loop
      vertex -46.691 -36.9955 0
      vertex -36 -16.5 0
      vertex -46.5711 -37.175 0
    endloop
  endfacet
  facet normal 0 0 -1
    outer loop
      vertex -46.8333 -36.8333 0
      vertex -36 -16.5 0
      vertex -46.691 -36.9955 0
    endloop
  endfacet
  facet normal 0 0 -1
    outer loop
      vertex -46.9955 -36.691 0
      vertex -36 -16.5 0
      vertex -46.8333 -36.8333 0
    endloop
  endfacet
  facet normal 0 0 -1
    outer loop
      vertex -47.175 -36.5711 0
      vertex -36 -16.5 0
      vertex -46.9955 -36.691 0
    endloop
  endfacet
  facet normal -0 0 -1
    outer loop
      vertex -36 -16.5 0
      vertex -47.175 -36.5711 0
      vertex -48 -16.5 0
    endloop
  endfacet
  facet normal 0 0 -1
    outer loop
      vertex -48 -16.5 0
      vertex -47.175 -36.5711 0
      vertex -47.3686 -36.4756 0
    endloop
  endfacet
  facet normal 0 0 -1
    outer loop
      vertex -48 -16.5 0
      vertex -47.3686 -36.4756 0
      vertex -47.5729 -36.4062 0
    endloop
  endfacet
  facet normal 0 0 -1
    outer loop
      vertex -48 -16.5 0
      vertex -47.5729 -36.4062 0
      vertex -47.7846 -36.3641 0
    endloop
  endfacet
  facet normal 0 0 -1
    outer loop
      vertex -48 -16.5 0
      vertex -47.7846 -36.3641 0
      vertex -48 -36.35 0
    endloop
  endfacet
  facet normal 0 0 -1
    outer loop
      vertex -36 -16.5 0
      vertex -48 -16.5 0
      vertex -44.1029 -14.25 0
    endloop
  endfacet
  facet normal 0 0 -1
    outer loop
      vertex -48.2154 -36.3641 0
      vertex -48 -16.5 0
      vertex -48 -36.35 0
    endloop
  endfacet
  facet normal 0 0 -1
    outer loop
      vertex -48.4271 -36.4062 0
      vertex -48 -16.5 0
      vertex -48.2154 -36.3641 0
    endloop
  endfacet
  facet normal 0 0 -1
    outer loop
      vertex -48.6314 -36.4756 0
      vertex -48 -16.5 0
      vertex -48.4271 -36.4062 0
    endloop
  endfacet
  facet normal 0 0 -1
    outer loop
      vertex -48.825 -36.5711 0
      vertex -48 -16.5 0
      vertex -48.6314 -36.4756 0
    endloop
  endfacet
  facet normal 0 0 -1
    outer loop
      vertex -49.0045 -36.691 0
      vertex -48 -16.5 0
      vertex -48.825 -36.5711 0
    endloop
  endfacet
  facet normal 0 0 -1
    outer loop
      vertex -51.8971 -14.25 0
      vertex -49.0045 -36.691 0
      vertex -49.1667 -36.8333 0
    endloop
  endfacet
  facet normal 0 0 -1
    outer loop
      vertex -68 -39 0
      vertex -49.1667 -36.8333 0
      vertex -49.309 -36.9955 0
    endloop
  endfacet
  facet normal 0 0 -1
    outer loop
      vertex -68 -39 0
      vertex -49.309 -36.9955 0
      vertex -49.4289 -37.175 0
    endloop
  endfacet
  facet normal 0 0 -1
    outer loop
      vertex -68 -39 0
      vertex -49.4289 -37.175 0
      vertex -49.5244 -37.3686 0
    endloop
  endfacet
  facet normal 0 0 -1
    outer loop
      vertex -68 -39 0
      vertex -49.5244 -37.3686 0
      vertex -49.5938 -37.5729 0
    endloop
  endfacet
  facet normal 0 0 -1
    outer loop
      vertex -68 -39 0
      vertex -49.5938 -37.5729 0
      vertex -49.6359 -37.7846 0
    endloop
  endfacet
  facet normal 0 0 -1
    outer loop
      vertex -49.0045 -36.691 0
      vertex -51.8971 -14.25 0
      vertex -48 -16.5 0
    endloop
  endfacet
  facet normal 0 0 -1
    outer loop
      vertex -68 -39 0
      vertex -49.6359 -37.7846 0
      vertex -49.65 -38 0
    endloop
  endfacet
  facet normal 0 0 -1
    outer loop
      vertex -32.1029 2.25 0
      vertex -34.4 5.7 0
      vertex -32.1029 9.75 0
    endloop
  endfacet
  facet normal 0 0 -1
    outer loop
      vertex -32.1029 2.25 0
      vertex -34.4094 5.55642 0
      vertex -34.4 5.7 0
    endloop
  endfacet
  facet normal 0 0 -1
    outer loop
      vertex -32.1029 2.25 0
      vertex -34.4375 5.4153 0
      vertex -34.4094 5.55642 0
    endloop
  endfacet
  facet normal 0 0 -1
    outer loop
      vertex -32.1029 2.25 0
      vertex -34.4837 5.27905 0
      vertex -34.4375 5.4153 0
    endloop
  endfacet
  facet normal 0 0 -1
    outer loop
      vertex -32.1029 2.25 0
      vertex -34.5474 5.15 0
      vertex -34.4837 5.27905 0
    endloop
  endfacet
  facet normal 0 0 -1
    outer loop
      vertex -32.1029 2.25 0
      vertex -34.6273 5.03036 0
      vertex -34.5474 5.15 0
    endloop
  endfacet
  facet normal 0 0 -1
    outer loop
      vertex -32.1029 2.25 0
      vertex -34.7222 4.92218 0
      vertex -34.6273 5.03036 0
    endloop
  endfacet
  facet normal 0 0 -1
    outer loop
      vertex -32.1029 2.25 0
      vertex -34.8304 4.82731 0
      vertex -34.7222 4.92218 0
    endloop
  endfacet
  facet normal 0 0 -1
    outer loop
      vertex -32.1029 2.25 0
      vertex -34.95 4.74737 0
      vertex -34.8304 4.82731 0
    endloop
  endfacet
  facet normal 0 0 -1
    outer loop
      vertex -32.1029 2.25 0
      vertex -35.079 4.68373 0
      vertex -34.95 4.74737 0
    endloop
  endfacet
  facet normal 0 0 -1
    outer loop
      vertex -32.1029 2.25 0
      vertex -35.2153 4.63748 0
      vertex -35.079 4.68373 0
    endloop
  endfacet
  facet normal 0 0 -1
    outer loop
      vertex -32.1029 2.25 0
      vertex -35.3564 4.60941 0
      vertex -35.2153 4.63748 0
    endloop
  endfacet
  facet normal 0 0 -1
    outer loop
      vertex -36 4.5 0
      vertex -35.3564 4.60941 0
      vertex -32.1029 2.25 0
    endloop
  endfacet
  facet normal 0 0 -1
    outer loop
      vertex -35.3564 4.60941 0
      vertex -36 4.5 0
      vertex -35.5 4.6 0
    endloop
  endfacet
  facet normal -0 0 -1
    outer loop
      vertex -35.5 4.6 0
      vertex -36 4.5 0
      vertex -35.6436 4.60941 0
    endloop
  endfacet
  facet normal -0 0 -1
    outer loop
      vertex -35.6436 4.60941 0
      vertex -36 4.5 0
      vertex -35.7847 4.63748 0
    endloop
  endfacet
  facet normal -0 0 -1
    outer loop
      vertex -35.7847 4.63748 0
      vertex -36 4.5 0
      vertex -35.921 4.68373 0
    endloop
  endfacet
  facet normal 0 0 -1
    outer loop
      vertex -36 4.5 0
      vertex -36.05 4.74737 0
      vertex -35.921 4.68373 0
    endloop
  endfacet
  facet normal 0 0 -1
    outer loop
      vertex -36 4.5 0
      vertex -36.1696 4.82731 0
      vertex -36.05 4.74737 0
    endloop
  endfacet
  facet normal 0 0 -1
    outer loop
      vertex -36 4.5 0
      vertex -36.2778 4.92218 0
      vertex -36.1696 4.82731 0
    endloop
  endfacet
  facet normal 0 0 -1
    outer loop
      vertex -36 4.5 0
      vertex -36.3727 5.03036 0
      vertex -36.2778 4.92218 0
    endloop
  endfacet
  facet normal -0 0 -1
    outer loop
      vertex -36.5906 5.55642 0
      vertex -39.8971 2.25 0
      vertex -36.6 5.7 0
    endloop
  endfacet
  facet normal -0 0 -1
    outer loop
      vertex -36.5625 5.4153 0
      vertex -39.8971 2.25 0
      vertex -36.5906 5.55642 0
    endloop
  endfacet
  facet normal -0 0 -1
    outer loop
      vertex -36.5163 5.27905 0
      vertex -39.8971 2.25 0
      vertex -36.5625 5.4153 0
    endloop
  endfacet
  facet normal -0 0 -1
    outer loop
      vertex -36.4526 5.15 0
      vertex -39.8971 2.25 0
      vertex -36.5163 5.27905 0
    endloop
  endfacet
  facet normal -0 0 -1
    outer loop
      vertex -36.3727 5.03036 0
      vertex -39.8971 2.25 0
      vertex -36.4526 5.15 0
    endloop
  endfacet
  facet normal 0 0 -1
    outer loop
      vertex -39.8971 2.25 0
      vertex -36.3727 5.03036 0
      vertex -36 4.5 0
    endloop
  endfacet
  facet normal 0 0 -1
    outer loop
      vertex -32.1029 -9.75 0
      vertex -34.4 -5.7 0
      vertex -32.1029 -2.25 0
    endloop
  endfacet
  facet normal 0 0 -1
    outer loop
      vertex -32.1029 -9.75 0
      vertex -34.4094 -5.84358 0
      vertex -34.4 -5.7 0
    endloop
  endfacet
  facet normal 0 0 -1
    outer loop
      vertex -32.1029 -9.75 0
      vertex -34.4375 -5.9847 0
      vertex -34.4094 -5.84358 0
    endloop
  endfacet
  facet normal 0 0 -1
    outer loop
      vertex -32.1029 -9.75 0
      vertex -34.4837 -6.12095 0
      vertex -34.4375 -5.9847 0
    endloop
  endfacet
  facet normal 0 0 -1
    outer loop
      vertex -32.1029 -9.75 0
      vertex -34.5474 -6.25 0
      vertex -34.4837 -6.12095 0
    endloop
  endfacet
  facet normal 0 0 -1
    outer loop
      vertex -32.1029 -9.75 0
      vertex -34.6273 -6.36964 0
      vertex -34.5474 -6.25 0
    endloop
  endfacet
  facet normal 0 0 -1
    outer loop
      vertex -32.1029 -9.75 0
      vertex -34.7222 -6.47782 0
      vertex -34.6273 -6.36964 0
    endloop
  endfacet
  facet normal 0 0 -1
    outer loop
      vertex -32.1029 -9.75 0
      vertex -34.8304 -6.57269 0
      vertex -34.7222 -6.47782 0
    endloop
  endfacet
  facet normal 0 0 -1
    outer loop
      vertex -32.1029 -9.75 0
      vertex -34.95 -6.65263 0
      vertex -34.8304 -6.57269 0
    endloop
  endfacet
  facet normal 0 0 -1
    outer loop
      vertex -32.1029 -9.75 0
      vertex -35.079 -6.71627 0
      vertex -34.95 -6.65263 0
    endloop
  endfacet
  facet normal 0 0 -1
    outer loop
      vertex -36 -7.5 0
      vertex -35.079 -6.71627 0
      vertex -32.1029 -9.75 0
    endloop
  endfacet
  facet normal 0 0 -1
    outer loop
      vertex -35.079 -6.71627 0
      vertex -36 -7.5 0
      vertex -35.2153 -6.76252 0
    endloop
  endfacet
  facet normal 0 0 -1
    outer loop
      vertex -35.2153 -6.76252 0
      vertex -36 -7.5 0
      vertex -35.3564 -6.79059 0
    endloop
  endfacet
  facet normal 0 0 -1
    outer loop
      vertex -35.3564 -6.79059 0
      vertex -36 -7.5 0
      vertex -35.5 -6.8 0
    endloop
  endfacet
  facet normal -0 0 -1
    outer loop
      vertex -35.5 -6.8 0
      vertex -36 -7.5 0
      vertex -35.6436 -6.79059 0
    endloop
  endfacet
  facet normal -0 0 -1
    outer loop
      vertex -35.6436 -6.79059 0
      vertex -36 -7.5 0
      vertex -35.7847 -6.76252 0
    endloop
  endfacet
  facet normal -0 0 -1
    outer loop
      vertex -35.7847 -6.76252 0
      vertex -36 -7.5 0
      vertex -35.921 -6.71627 0
    endloop
  endfacet
  facet normal 0 0 -1
    outer loop
      vertex -36 -7.5 0
      vertex -36.05 -6.65263 0
      vertex -35.921 -6.71627 0
    endloop
  endfacet
  facet normal 0 0 -1
    outer loop
      vertex -36 -7.5 0
      vertex -36.1696 -6.57269 0
      vertex -36.05 -6.65263 0
    endloop
  endfacet
  facet normal 0 0 -1
    outer loop
      vertex -36 -7.5 0
      vertex -36.2778 -6.47782 0
      vertex -36.1696 -6.57269 0
    endloop
  endfacet
  facet normal 0 0 -1
    outer loop
      vertex -36 -7.5 0
      vertex -36.3727 -6.36964 0
      vertex -36.2778 -6.47782 0
    endloop
  endfacet
  facet normal 0 0 -1
    outer loop
      vertex -36 -7.5 0
      vertex -36.4526 -6.25 0
      vertex -36.3727 -6.36964 0
    endloop
  endfacet
  facet normal 0 0 -1
    outer loop
      vertex -39.8971 -9.75 0
      vertex -36.4526 -6.25 0
      vertex -36 -7.5 0
    endloop
  endfacet
  facet normal -0 0 -1
    outer loop
      vertex -36.5906 -5.84358 0
      vertex -39.8971 -9.75 0
      vertex -36.6 -5.7 0
    endloop
  endfacet
  facet normal -0 0 -1
    outer loop
      vertex -36.5625 -5.9847 0
      vertex -39.8971 -9.75 0
      vertex -36.5906 -5.84358 0
    endloop
  endfacet
  facet normal -0 0 -1
    outer loop
      vertex -36.5163 -6.12095 0
      vertex -39.8971 -9.75 0
      vertex -36.5625 -5.9847 0
    endloop
  endfacet
  facet normal -0 0 -1
    outer loop
      vertex -36.4526 -6.25 0
      vertex -39.8971 -9.75 0
      vertex -36.5163 -6.12095 0
    endloop
  endfacet
  facet normal 0 0 -1
    outer loop
      vertex 10.4375 -5.4153 0
      vertex -32.1029 -2.25 0
      vertex 10.4375 5.4153 0
    endloop
  endfacet
  facet normal 0 0 -1
    outer loop
      vertex -32.1029 2.25 0
      vertex 10.4375 5.4153 0
      vertex -32.1029 -2.25 0
    endloop
  endfacet
  facet normal 0 0 -1
    outer loop
      vertex 12.5163 -5.27905 0
      vertex 16.5347 -9.18748 0
      vertex 12.5625 -5.4153 0
    endloop
  endfacet
  facet normal 0 0 -1
    outer loop
      vertex 16.671 -9.23373 0
      vertex 12.5906 5.55642 0
      vertex 12.6 5.7 0
    endloop
  endfacet
  facet normal 0 0 -1
    outer loop
      vertex 16.5347 -9.18748 0
      vertex 12.5163 -5.27905 0
      vertex 16.671 -9.23373 0
    endloop
  endfacet
  facet normal 0 0 -1
    outer loop
      vertex 16.671 -9.23373 0
      vertex 12.5625 5.4153 0
      vertex 12.5906 5.55642 0
    endloop
  endfacet
  facet normal 0 0 -1
    outer loop
      vertex 12.4526 -5.15 0
      vertex 16.671 -9.23373 0
      vertex 12.5163 -5.27905 0
    endloop
  endfacet
  facet normal 0 0 -1
    outer loop
      vertex 16.671 -9.23373 0
      vertex 12.5163 5.27905 0
      vertex 12.5625 5.4153 0
    endloop
  endfacet
  facet normal 0 0 -1
    outer loop
      vertex 12.4526 5.15 0
      vertex 16.671 -9.23373 0
      vertex 12.4526 -5.15 0
    endloop
  endfacet
  facet normal 0 0 -1
    outer loop
      vertex 16.671 -9.23373 0
      vertex 12.4526 5.15 0
      vertex 12.5163 5.27905 0
    endloop
  endfacet
  facet normal 0 0 -1
    outer loop
      vertex 12.3727 -5.03036 0
      vertex 12.4526 5.15 0
      vertex 12.4526 -5.15 0
    endloop
  endfacet
  facet normal 0 0 -1
    outer loop
      vertex 12.3727 -5.03036 0
      vertex 12.3727 5.03036 0
      vertex 12.4526 5.15 0
    endloop
  endfacet
  facet normal 0 0 -1
    outer loop
      vertex 12.2778 -4.92218 0
      vertex 12.3727 5.03036 0
      vertex 12.3727 -5.03036 0
    endloop
  endfacet
  facet normal 0 0 -1
    outer loop
      vertex 12.2778 -4.92218 0
      vertex 12.2778 4.92218 0
      vertex 12.3727 5.03036 0
    endloop
  endfacet
  facet normal 0 0 -1
    outer loop
      vertex 12.1696 -4.82731 0
      vertex 12.2778 4.92218 0
      vertex 12.2778 -4.92218 0
    endloop
  endfacet
  facet normal 0 0 -1
    outer loop
      vertex 12.1696 -4.82731 0
      vertex 12.1696 4.82731 0
      vertex 12.2778 4.92218 0
    endloop
  endfacet
  facet normal 0 0 -1
    outer loop
      vertex 12.05 -4.74737 0
      vertex 12.1696 4.82731 0
      vertex 12.1696 -4.82731 0
    endloop
  endfacet
  facet normal 0 0 -1
    outer loop
      vertex 12.05 -4.74737 0
      vertex 12.05 4.74737 0
      vertex 12.1696 4.82731 0
    endloop
  endfacet
  facet normal 0 0 -1
    outer loop
      vertex 11.921 -4.68373 0
      vertex 12.05 4.74737 0
      vertex 12.05 -4.74737 0
    endloop
  endfacet
  facet normal 0 0 -1
    outer loop
      vertex 11.921 -4.68373 0
      vertex 11.921 4.68373 0
      vertex 12.05 4.74737 0
    endloop
  endfacet
  facet normal 0 0 -1
    outer loop
      vertex 11.7847 -4.63748 0
      vertex 11.921 4.68373 0
      vertex 11.921 -4.68373 0
    endloop
  endfacet
  facet normal 0 0 -1
    outer loop
      vertex 11.7847 -4.63748 0
      vertex 11.7847 4.63748 0
      vertex 11.921 4.68373 0
    endloop
  endfacet
  facet normal 0 0 -1
    outer loop
      vertex 11.6436 -4.60941 0
      vertex 11.7847 4.63748 0
      vertex 11.7847 -4.63748 0
    endloop
  endfacet
  facet normal 0 0 -1
    outer loop
      vertex 11.6436 -4.60941 0
      vertex 11.6436 4.60941 0
      vertex 11.7847 4.63748 0
    endloop
  endfacet
  facet normal 0 0 -1
    outer loop
      vertex 11.5 -4.6 0
      vertex 11.6436 4.60941 0
      vertex 11.6436 -4.60941 0
    endloop
  endfacet
  facet normal 0 0 -1
    outer loop
      vertex 11.5 -4.6 0
      vertex 11.5 4.6 0
      vertex 11.6436 4.60941 0
    endloop
  endfacet
  facet normal 0 0 -1
    outer loop
      vertex 11.3564 -4.60941 0
      vertex 11.5 4.6 0
      vertex 11.5 -4.6 0
    endloop
  endfacet
  facet normal 0 0 -1
    outer loop
      vertex 11.3564 -4.60941 0
      vertex 11.3564 4.60941 0
      vertex 11.5 4.6 0
    endloop
  endfacet
  facet normal 0 0 -1
    outer loop
      vertex 11.2153 -4.63748 0
      vertex 11.3564 4.60941 0
      vertex 11.3564 -4.60941 0
    endloop
  endfacet
  facet normal 0 0 -1
    outer loop
      vertex 11.2153 -4.63748 0
      vertex 11.2153 4.63748 0
      vertex 11.3564 4.60941 0
    endloop
  endfacet
  facet normal 0 0 -1
    outer loop
      vertex 11.079 -4.68373 0
      vertex 11.2153 4.63748 0
      vertex 11.2153 -4.63748 0
    endloop
  endfacet
  facet normal 0 0 -1
    outer loop
      vertex 11.079 -4.68373 0
      vertex 11.079 4.68373 0
      vertex 11.2153 4.63748 0
    endloop
  endfacet
  facet normal 0 0 -1
    outer loop
      vertex 10.95 -4.74737 0
      vertex 11.079 4.68373 0
      vertex 11.079 -4.68373 0
    endloop
  endfacet
  facet normal 0 0 -1
    outer loop
      vertex 10.95 -4.74737 0
      vertex 10.95 4.74737 0
      vertex 11.079 4.68373 0
    endloop
  endfacet
  facet normal 0 0 -1
    outer loop
      vertex 10.8304 -4.82731 0
      vertex 10.95 4.74737 0
      vertex 10.95 -4.74737 0
    endloop
  endfacet
  facet normal 0 0 -1
    outer loop
      vertex 10.8304 -4.82731 0
      vertex 10.8304 4.82731 0
      vertex 10.95 4.74737 0
    endloop
  endfacet
  facet normal 0 0 -1
    outer loop
      vertex 10.7222 -4.92218 0
      vertex 10.8304 4.82731 0
      vertex 10.8304 -4.82731 0
    endloop
  endfacet
  facet normal 0 0 -1
    outer loop
      vertex 10.7222 -4.92218 0
      vertex 10.7222 4.92218 0
      vertex 10.8304 4.82731 0
    endloop
  endfacet
  facet normal 0 0 -1
    outer loop
      vertex 10.6273 -5.03036 0
      vertex 10.7222 4.92218 0
      vertex 10.7222 -4.92218 0
    endloop
  endfacet
  facet normal 0 0 -1
    outer loop
      vertex 10.6273 -5.03036 0
      vertex 10.6273 5.03036 0
      vertex 10.7222 4.92218 0
    endloop
  endfacet
  facet normal 0 0 -1
    outer loop
      vertex 10.5474 -5.15 0
      vertex 10.6273 5.03036 0
      vertex 10.6273 -5.03036 0
    endloop
  endfacet
  facet normal 0 0 -1
    outer loop
      vertex 10.5474 -5.15 0
      vertex 10.5474 5.15 0
      vertex 10.6273 5.03036 0
    endloop
  endfacet
  facet normal 0 0 -1
    outer loop
      vertex 10.4837 -5.27905 0
      vertex 10.5474 5.15 0
      vertex 10.5474 -5.15 0
    endloop
  endfacet
  facet normal 0 0 -1
    outer loop
      vertex 10.4837 -5.27905 0
      vertex 10.4837 5.27905 0
      vertex 10.5474 5.15 0
    endloop
  endfacet
  facet normal 0 0 -1
    outer loop
      vertex 10.4375 -5.4153 0
      vertex 10.4837 5.27905 0
      vertex 10.4837 -5.27905 0
    endloop
  endfacet
  facet normal 0 0 -1
    outer loop
      vertex 10.4375 -5.4153 0
      vertex 10.4375 5.4153 0
      vertex 10.4837 5.27905 0
    endloop
  endfacet
  facet normal 0 0 -1
    outer loop
      vertex -32.1029 -2.25 0
      vertex 10.4094 -5.55642 0
      vertex -4 -22 0
    endloop
  endfacet
  facet normal 0 0 -1
    outer loop
      vertex -32.1029 -2.25 0
      vertex -4 -22 0
      vertex -20 -22 0
    endloop
  endfacet
  facet normal 0 0 -1
    outer loop
      vertex -4 -22 0
      vertex 10.4094 -5.55642 0
      vertex 10.4 -5.7 0
    endloop
  endfacet
  facet normal 0 0 -1
    outer loop
      vertex 10.4094 -5.55642 0
      vertex -32.1029 -2.25 0
      vertex 10.4375 -5.4153 0
    endloop
  endfacet
  facet normal 0 0 -1
    outer loop
      vertex 17.2663 -33.329 0
      vertex 19 -28 0
      vertex 17.3125 -33.4653 0
    endloop
  endfacet
  facet normal 0 0 -1
    outer loop
      vertex 19 -16 0
      vertex 17.3406 -10.3936 0
      vertex 17.35 -10.25 0
    endloop
  endfacet
  facet normal 0 0 -1
    outer loop
      vertex 17.2026 -33.2 0
      vertex 19 -28 0
      vertex 17.2663 -33.329 0
    endloop
  endfacet
  facet normal 0 0 -1
    outer loop
      vertex 19 -16 0
      vertex 17.3125 -10.5347 0
      vertex 17.3406 -10.3936 0
    endloop
  endfacet
  facet normal 0 0 -1
    outer loop
      vertex 17.1227 -33.0804 0
      vertex 19 -28 0
      vertex 17.2026 -33.2 0
    endloop
  endfacet
  facet normal 0 0 -1
    outer loop
      vertex 19 -16 0
      vertex 17.2663 -10.671 0
      vertex 17.3125 -10.5347 0
    endloop
  endfacet
  facet normal 0 0 -1
    outer loop
      vertex 17.0278 -32.9722 0
      vertex 19 -28 0
      vertex 17.1227 -33.0804 0
    endloop
  endfacet
  facet normal 0 0 -1
    outer loop
      vertex 19 -16 0
      vertex 17.2026 -10.8 0
      vertex 17.2663 -10.671 0
    endloop
  endfacet
  facet normal 0 0 -1
    outer loop
      vertex 16.9196 -32.8773 0
      vertex 19 -28 0
      vertex 17.0278 -32.9722 0
    endloop
  endfacet
  facet normal 0 0 -1
    outer loop
      vertex 19 -16 0
      vertex 17.1227 -10.9196 0
      vertex 17.2026 -10.8 0
    endloop
  endfacet
  facet normal 0 0 -1
    outer loop
      vertex 16.8 -32.7974 0
      vertex 19 -28 0
      vertex 16.9196 -32.8773 0
    endloop
  endfacet
  facet normal 0 0 -1
    outer loop
      vertex 19 -16 0
      vertex 17.0278 -11.0278 0
      vertex 17.1227 -10.9196 0
    endloop
  endfacet
  facet normal 0 0 -1
    outer loop
      vertex 16.671 -32.7337 0
      vertex 19 -28 0
      vertex 16.8 -32.7974 0
    endloop
  endfacet
  facet normal 0 0 -1
    outer loop
      vertex 19 -16 0
      vertex 16.9196 -11.1227 0
      vertex 17.0278 -11.0278 0
    endloop
  endfacet
  facet normal 0 0 -1
    outer loop
      vertex 16.5347 -32.6875 0
      vertex 19 -28 0
      vertex 16.671 -32.7337 0
    endloop
  endfacet
  facet normal 0 0 -1
    outer loop
      vertex 19 -16 0
      vertex 16.8 -11.2026 0
      vertex 16.9196 -11.1227 0
    endloop
  endfacet
  facet normal 0 0 -1
    outer loop
      vertex 16.3936 -32.6594 0
      vertex 19 -28 0
      vertex 16.5347 -32.6875 0
    endloop
  endfacet
  facet normal 0 0 -1
    outer loop
      vertex 19 -16 0
      vertex 16.671 -11.2663 0
      vertex 16.8 -11.2026 0
    endloop
  endfacet
  facet normal 0 0 -1
    outer loop
      vertex 16.25 -32.65 0
      vertex 19 -28 0
      vertex 16.3936 -32.6594 0
    endloop
  endfacet
  facet normal 0 0 -1
    outer loop
      vertex 19 -16 0
      vertex 16.5347 -11.3125 0
      vertex 16.671 -11.2663 0
    endloop
  endfacet
  facet normal 0 0 -1
    outer loop
      vertex 16.1064 -32.6594 0
      vertex 19 -28 0
      vertex 16.25 -32.65 0
    endloop
  endfacet
  facet normal 0 0 -1
    outer loop
      vertex 19 -16 0
      vertex 16.3936 -11.3406 0
      vertex 16.5347 -11.3125 0
    endloop
  endfacet
  facet normal 0 0 -1
    outer loop
      vertex 15.9653 -32.6875 0
      vertex 19 -28 0
      vertex 16.1064 -32.6594 0
    endloop
  endfacet
  facet normal 0 0 -1
    outer loop
      vertex 19 -16 0
      vertex 16.25 -11.35 0
      vertex 16.3936 -11.3406 0
    endloop
  endfacet
  facet normal 0 0 -1
    outer loop
      vertex 15.829 -32.7337 0
      vertex 19 -28 0
      vertex 15.9653 -32.6875 0
    endloop
  endfacet
  facet normal 0 0 -1
    outer loop
      vertex 19 -16 0
      vertex 16.1064 -11.3406 0
      vertex 16.25 -11.35 0
    endloop
  endfacet
  facet normal 0 0 -1
    outer loop
      vertex 15.7 -32.7974 0
      vertex 19 -28 0
      vertex 15.829 -32.7337 0
    endloop
  endfacet
  facet normal 0 0 -1
    outer loop
      vertex 19 -16 0
      vertex 15.9653 -11.3125 0
      vertex 16.1064 -11.3406 0
    endloop
  endfacet
  facet normal 0 0 -1
    outer loop
      vertex 15.5804 -32.8773 0
      vertex 19 -28 0
      vertex 15.7 -32.7974 0
    endloop
  endfacet
  facet normal 0 0 -1
    outer loop
      vertex 19 -16 0
      vertex 15.829 -11.2663 0
      vertex 15.9653 -11.3125 0
    endloop
  endfacet
  facet normal 0 0 -1
    outer loop
      vertex -4 -22 0
      vertex 19 -28 0
      vertex 15.5804 -32.8773 0
    endloop
  endfacet
  facet normal 0 0 -1
    outer loop
      vertex 19 -16 0
      vertex 15.7 -11.2026 0
      vertex 15.829 -11.2663 0
    endloop
  endfacet
  facet normal 0 0 -1
    outer loop
      vertex 19 -28 0
      vertex -4 -22 0
      vertex 19 -16 0
    endloop
  endfacet
  facet normal 0 -0 -1
    outer loop
      vertex 15.5804 -11.1227 0
      vertex 19 -16 0
      vertex -4 -22 0
    endloop
  endfacet
  facet normal 0 0 -1
    outer loop
      vertex -4 -22 0
      vertex 15.5804 -32.8773 0
      vertex 15.4722 -32.9722 0
    endloop
  endfacet
  facet normal 0 0 -1
    outer loop
      vertex 19 -16 0
      vertex 15.5804 -11.1227 0
      vertex 15.7 -11.2026 0
    endloop
  endfacet
  facet normal 0 0 -1
    outer loop
      vertex -4 -22 0
      vertex 15.4722 -32.9722 0
      vertex 15.3773 -33.0804 0
    endloop
  endfacet
  facet normal -0 0 -1
    outer loop
      vertex 15.5804 -11.1227 0
      vertex -4 -22 0
      vertex 15.4722 -11.0278 0
    endloop
  endfacet
  facet normal 0 0 -1
    outer loop
      vertex -4 -30 0
      vertex 15.3773 -33.0804 0
      vertex 15.2974 -33.2 0
    endloop
  endfacet
  facet normal -0 0 -1
    outer loop
      vertex 15.4722 -11.0278 0
      vertex -4 -22 0
      vertex 15.3773 -10.9196 0
    endloop
  endfacet
  facet normal 0 0 -1
    outer loop
      vertex -4 -30 0
      vertex 15.2974 -33.2 0
      vertex 15.2337 -33.329 0
    endloop
  endfacet
  facet normal -0 0 -1
    outer loop
      vertex 15.3773 -10.9196 0
      vertex -4 -22 0
      vertex 15.2974 -10.8 0
    endloop
  endfacet
  facet normal 0 0 -1
    outer loop
      vertex -4 -30 0
      vertex 15.2337 -33.329 0
      vertex 15.1875 -33.4653 0
    endloop
  endfacet
  facet normal 0 -0 -1
    outer loop
      vertex 10.95 -6.65263 0
      vertex 15.2974 -10.8 0
      vertex -4 -22 0
    endloop
  endfacet
  facet normal 0 0 -1
    outer loop
      vertex -4 -30 0
      vertex 15.1875 -33.4653 0
      vertex 15.1594 -33.6064 0
    endloop
  endfacet
  facet normal -0 -0 -1
    outer loop
      vertex 11.079 -6.71627 0
      vertex 15.2974 -10.8 0
      vertex 10.95 -6.65263 0
    endloop
  endfacet
  facet normal 0 0 -1
    outer loop
      vertex -4 -30 0
      vertex 15.1594 -33.6064 0
      vertex 15.15 -33.75 0
    endloop
  endfacet
  facet normal 0 0 -1
    outer loop
      vertex 15.2974 -10.8 0
      vertex 11.079 -6.71627 0
      vertex 15.2337 -10.671 0
    endloop
  endfacet
  facet normal 0 0 -1
    outer loop
      vertex -34.4094 -5.55642 0
      vertex -32.1029 -2.25 0
      vertex -34.4 -5.7 0
    endloop
  endfacet
  facet normal 0 0 -1
    outer loop
      vertex -34.4375 -5.4153 0
      vertex -32.1029 -2.25 0
      vertex -34.4094 -5.55642 0
    endloop
  endfacet
  facet normal 0 0 -1
    outer loop
      vertex -34.4837 -5.27905 0
      vertex -32.1029 -2.25 0
      vertex -34.4375 -5.4153 0
    endloop
  endfacet
  facet normal 0 0 -1
    outer loop
      vertex -34.5474 -5.15 0
      vertex -32.1029 -2.25 0
      vertex -34.4837 -5.27905 0
    endloop
  endfacet
  facet normal 0 0 -1
    outer loop
      vertex -34.6273 -5.03036 0
      vertex -32.1029 -2.25 0
      vertex -34.5474 -5.15 0
    endloop
  endfacet
  facet normal 0 0 -1
    outer loop
      vertex -34.7222 -4.92218 0
      vertex -32.1029 -2.25 0
      vertex -34.6273 -5.03036 0
    endloop
  endfacet
  facet normal 0 0 -1
    outer loop
      vertex -34.8304 -4.82731 0
      vertex -32.1029 -2.25 0
      vertex -34.7222 -4.92218 0
    endloop
  endfacet
  facet normal 0 0 -1
    outer loop
      vertex -34.95 -4.74737 0
      vertex -32.1029 -2.25 0
      vertex -34.8304 -4.82731 0
    endloop
  endfacet
  facet normal 0 0 -1
    outer loop
      vertex -35.079 -4.68373 0
      vertex -32.1029 -2.25 0
      vertex -34.95 -4.74737 0
    endloop
  endfacet
  facet normal 0 0 -1
    outer loop
      vertex -35.2153 -4.63748 0
      vertex -32.1029 -2.25 0
      vertex -35.079 -4.68373 0
    endloop
  endfacet
  facet normal 0 0 -1
    outer loop
      vertex -35.3564 -4.60941 0
      vertex -32.1029 -2.25 0
      vertex -35.2153 -4.63748 0
    endloop
  endfacet
  facet normal 0 0 -1
    outer loop
      vertex -36 -4.5 0
      vertex -35.3564 -4.60941 0
      vertex -35.5 -4.6 0
    endloop
  endfacet
  facet normal 0 0 -1
    outer loop
      vertex -36 -4.5 0
      vertex -35.5 -4.6 0
      vertex -35.6436 -4.60941 0
    endloop
  endfacet
  facet normal 0 0 -1
    outer loop
      vertex -36 -4.5 0
      vertex -35.6436 -4.60941 0
      vertex -35.7847 -4.63748 0
    endloop
  endfacet
  facet normal 0 0 -1
    outer loop
      vertex -36 -4.5 0
      vertex -35.7847 -4.63748 0
      vertex -35.921 -4.68373 0
    endloop
  endfacet
  facet normal 0 0 -1
    outer loop
      vertex -35.3564 -4.60941 0
      vertex -36 -4.5 0
      vertex -32.1029 -2.25 0
    endloop
  endfacet
  facet normal 0 0 -1
    outer loop
      vertex -36.05 -4.74737 0
      vertex -36 -4.5 0
      vertex -35.921 -4.68373 0
    endloop
  endfacet
  facet normal 0 0 -1
    outer loop
      vertex -36.1696 -4.82731 0
      vertex -36 -4.5 0
      vertex -36.05 -4.74737 0
    endloop
  endfacet
  facet normal 0 0 -1
    outer loop
      vertex -36.2778 -4.92218 0
      vertex -36 -4.5 0
      vertex -36.1696 -4.82731 0
    endloop
  endfacet
  facet normal 0 0 -1
    outer loop
      vertex -36.3727 -5.03036 0
      vertex -36 -4.5 0
      vertex -36.2778 -4.92218 0
    endloop
  endfacet
  facet normal 0 0 -1
    outer loop
      vertex -39.8971 -2.25 0
      vertex -36.6 -5.7 0
      vertex -39.8971 -9.75 0
    endloop
  endfacet
  facet normal 0 0 -1
    outer loop
      vertex -36.6 -5.7 0
      vertex -39.8971 -2.25 0
      vertex -36.5906 -5.55642 0
    endloop
  endfacet
  facet normal 0 0 -1
    outer loop
      vertex -36.5906 -5.55642 0
      vertex -39.8971 -2.25 0
      vertex -36.5625 -5.4153 0
    endloop
  endfacet
  facet normal 0 0 -1
    outer loop
      vertex -36.5625 -5.4153 0
      vertex -39.8971 -2.25 0
      vertex -36.5163 -5.27905 0
    endloop
  endfacet
  facet normal 0 0 -1
    outer loop
      vertex -36.5163 -5.27905 0
      vertex -39.8971 -2.25 0
      vertex -36.4526 -5.15 0
    endloop
  endfacet
  facet normal 0 0 -1
    outer loop
      vertex -36.4526 -5.15 0
      vertex -39.8971 -2.25 0
      vertex -36.3727 -5.03036 0
    endloop
  endfacet
  facet normal 0 0 -1
    outer loop
      vertex -36.3727 -5.03036 0
      vertex -39.8971 -2.25 0
      vertex -36 -4.5 0
    endloop
  endfacet
  facet normal 0 0 -1
    outer loop
      vertex -34.4094 5.84358 0
      vertex -32.1029 9.75 0
      vertex -34.4 5.7 0
    endloop
  endfacet
  facet normal 0 0 -1
    outer loop
      vertex -34.4375 5.9847 0
      vertex -32.1029 9.75 0
      vertex -34.4094 5.84358 0
    endloop
  endfacet
  facet normal 0 0 -1
    outer loop
      vertex -34.4837 6.12095 0
      vertex -32.1029 9.75 0
      vertex -34.4375 5.9847 0
    endloop
  endfacet
  facet normal 0 0 -1
    outer loop
      vertex -34.5474 6.25 0
      vertex -32.1029 9.75 0
      vertex -34.4837 6.12095 0
    endloop
  endfacet
  facet normal 0 0 -1
    outer loop
      vertex -34.6273 6.36964 0
      vertex -32.1029 9.75 0
      vertex -34.5474 6.25 0
    endloop
  endfacet
  facet normal 0 0 -1
    outer loop
      vertex -34.7222 6.47782 0
      vertex -32.1029 9.75 0
      vertex -34.6273 6.36964 0
    endloop
  endfacet
  facet normal 0 0 -1
    outer loop
      vertex -34.8304 6.57269 0
      vertex -32.1029 9.75 0
      vertex -34.7222 6.47782 0
    endloop
  endfacet
  facet normal 0 0 -1
    outer loop
      vertex -34.95 6.65263 0
      vertex -32.1029 9.75 0
      vertex -34.8304 6.57269 0
    endloop
  endfacet
  facet normal 0 0 -1
    outer loop
      vertex -35.079 6.71627 0
      vertex -32.1029 9.75 0
      vertex -34.95 6.65263 0
    endloop
  endfacet
  facet normal 0 0 -1
    outer loop
      vertex -36 7.5 0
      vertex -35.079 6.71627 0
      vertex -35.2153 6.76252 0
    endloop
  endfacet
  facet normal 0 0 -1
    outer loop
      vertex -36 7.5 0
      vertex -35.2153 6.76252 0
      vertex -35.3564 6.79059 0
    endloop
  endfacet
  facet normal 0 0 -1
    outer loop
      vertex -36 7.5 0
      vertex -35.3564 6.79059 0
      vertex -35.5 6.8 0
    endloop
  endfacet
  facet normal 0 0 -1
    outer loop
      vertex -36 7.5 0
      vertex -35.5 6.8 0
      vertex -35.6436 6.79059 0
    endloop
  endfacet
  facet normal 0 0 -1
    outer loop
      vertex -36 7.5 0
      vertex -35.6436 6.79059 0
      vertex -35.7847 6.76252 0
    endloop
  endfacet
  facet normal 0 0 -1
    outer loop
      vertex -36 7.5 0
      vertex -35.7847 6.76252 0
      vertex -35.921 6.71627 0
    endloop
  endfacet
  facet normal 0 0 -1
    outer loop
      vertex -35.079 6.71627 0
      vertex -36 7.5 0
      vertex -32.1029 9.75 0
    endloop
  endfacet
  facet normal 0 0 -1
    outer loop
      vertex -36.05 6.65263 0
      vertex -36 7.5 0
      vertex -35.921 6.71627 0
    endloop
  endfacet
  facet normal 0 0 -1
    outer loop
      vertex -36.1696 6.57269 0
      vertex -36 7.5 0
      vertex -36.05 6.65263 0
    endloop
  endfacet
  facet normal 0 0 -1
    outer loop
      vertex -36.2778 6.47782 0
      vertex -36 7.5 0
      vertex -36.1696 6.57269 0
    endloop
  endfacet
  facet normal 0 0 -1
    outer loop
      vertex -36.3727 6.36964 0
      vertex -36 7.5 0
      vertex -36.2778 6.47782 0
    endloop
  endfacet
  facet normal 0 0 -1
    outer loop
      vertex -36.4526 6.25 0
      vertex -36 7.5 0
      vertex -36.3727 6.36964 0
    endloop
  endfacet
  facet normal 0 0 -1
    outer loop
      vertex -39.8971 9.75 0
      vertex -36.4526 6.25 0
      vertex -36.5163 6.12095 0
    endloop
  endfacet
  facet normal 0 0 -1
    outer loop
      vertex -39.8971 2.25 0
      vertex -36.5906 5.84358 0
      vertex -36.6 5.7 0
    endloop
  endfacet
  facet normal 0 0 -1
    outer loop
      vertex -39.8971 9.75 0
      vertex -36.5906 5.84358 0
      vertex -39.8971 2.25 0
    endloop
  endfacet
  facet normal 0 0 -1
    outer loop
      vertex -36.5906 5.84358 0
      vertex -39.8971 9.75 0
      vertex -36.5625 5.9847 0
    endloop
  endfacet
  facet normal 0 0 -1
    outer loop
      vertex -36.5625 5.9847 0
      vertex -39.8971 9.75 0
      vertex -36.5163 6.12095 0
    endloop
  endfacet
  facet normal 0 0 -1
    outer loop
      vertex -36.4526 6.25 0
      vertex -39.8971 9.75 0
      vertex -36 7.5 0
    endloop
  endfacet
  facet normal 0 0 -1
    outer loop
      vertex 48.4271 36.4062 0
      vertex 36.5906 21.8564 0
      vertex 36.6 22 0
    endloop
  endfacet
  facet normal 0 0 -1
    outer loop
      vertex 37.15 0 0
      vertex 36.5625 21.7153 0
      vertex 36.5906 21.8564 0
    endloop
  endfacet
  facet normal 0 0 -1
    outer loop
      vertex 37.15 0 0
      vertex 36.5163 21.579 0
      vertex 36.5625 21.7153 0
    endloop
  endfacet
  facet normal 0 0 -1
    outer loop
      vertex 37.15 0 0
      vertex 36.4526 21.45 0
      vertex 36.5163 21.579 0
    endloop
  endfacet
  facet normal 0 0 -1
    outer loop
      vertex 37.15 0 0
      vertex 36.3727 21.3304 0
      vertex 36.4526 21.45 0
    endloop
  endfacet
  facet normal 0 0 -1
    outer loop
      vertex 37.15 0 0
      vertex 36.2778 21.2222 0
      vertex 36.3727 21.3304 0
    endloop
  endfacet
  facet normal 0 0 -1
    outer loop
      vertex 37.15 0 0
      vertex 36.1696 21.1273 0
      vertex 36.2778 21.2222 0
    endloop
  endfacet
  facet normal 0 0 -1
    outer loop
      vertex 37.15 0 0
      vertex 36.05 21.0474 0
      vertex 36.1696 21.1273 0
    endloop
  endfacet
  facet normal 0 0 -1
    outer loop
      vertex 37.15 0 0
      vertex 35.921 20.9837 0
      vertex 36.05 21.0474 0
    endloop
  endfacet
  facet normal 0 0 -1
    outer loop
      vertex 37.15 0 0
      vertex 35.7847 20.9375 0
      vertex 35.921 20.9837 0
    endloop
  endfacet
  facet normal 0 0 -1
    outer loop
      vertex 37.15 0 0
      vertex 35.6436 20.9094 0
      vertex 35.7847 20.9375 0
    endloop
  endfacet
  facet normal 0 0 -1
    outer loop
      vertex 37.15 0 0
      vertex 35.5 20.9 0
      vertex 35.6436 20.9094 0
    endloop
  endfacet
  facet normal 0 -0 -1
    outer loop
      vertex 29.5 19.4019 0
      vertex 37.15 0 0
      vertex 29.148 19.2284 0
    endloop
  endfacet
  facet normal 0 0 -1
    outer loop
      vertex 37.15 0 0
      vertex 29.5 19.4019 0
      vertex 35.5 20.9 0
    endloop
  endfacet
  facet normal -0 0 -1
    outer loop
      vertex 35.5 20.9 0
      vertex 29.5 19.4019 0
      vertex 35.3564 20.9094 0
    endloop
  endfacet
  facet normal 0 -0 -1
    outer loop
      vertex 29.8263 19.6199 0
      vertex 35.3564 20.9094 0
      vertex 29.5 19.4019 0
    endloop
  endfacet
  facet normal 0 -0 -1
    outer loop
      vertex 30.1213 19.8787 0
      vertex 35.2153 20.9375 0
      vertex 29.8263 19.6199 0
    endloop
  endfacet
  facet normal -0 0 -1
    outer loop
      vertex 35.2153 20.9375 0
      vertex 30.1213 19.8787 0
      vertex 35.079 20.9837 0
    endloop
  endfacet
  facet normal 0 -0 -1
    outer loop
      vertex 30.3801 20.1737 0
      vertex 35.079 20.9837 0
      vertex 30.1213 19.8787 0
    endloop
  endfacet
  facet normal -0 0 -1
    outer loop
      vertex 35.079 20.9837 0
      vertex 30.3801 20.1737 0
      vertex 34.95 21.0474 0
    endloop
  endfacet
  facet normal -0 0 -1
    outer loop
      vertex 34.95 21.0474 0
      vertex 30.3801 20.1737 0
      vertex 34.8304 21.1273 0
    endloop
  endfacet
  facet normal 0 -0 -1
    outer loop
      vertex 30.5981 20.5 0
      vertex 34.8304 21.1273 0
      vertex 30.3801 20.1737 0
    endloop
  endfacet
  facet normal -0 0 -1
    outer loop
      vertex 34.8304 21.1273 0
      vertex 30.5981 20.5 0
      vertex 34.7222 21.2222 0
    endloop
  endfacet
  facet normal 0 0 -1
    outer loop
      vertex 34.4094 21.8564 0
      vertex 31 22 0
      vertex 34.4 22 0
    endloop
  endfacet
  facet normal -0 0 -1
    outer loop
      vertex 34.7222 21.2222 0
      vertex 30.7716 20.852 0
      vertex 34.6273 21.3304 0
    endloop
  endfacet
  facet normal -0 0 -1
    outer loop
      vertex 34.4094 21.8564 0
      vertex 30.9743 21.6084 0
      vertex 31 22 0
    endloop
  endfacet
  facet normal -0 0 -1
    outer loop
      vertex 34.4375 21.7153 0
      vertex 30.9743 21.6084 0
      vertex 34.4094 21.8564 0
    endloop
  endfacet
  facet normal 0 -0 -1
    outer loop
      vertex 30.9743 21.6084 0
      vertex 34.4375 21.7153 0
      vertex 30.8978 21.2235 0
    endloop
  endfacet
  facet normal -0 0 -1
    outer loop
      vertex 34.4837 21.579 0
      vertex 30.8978 21.2235 0
      vertex 34.4375 21.7153 0
    endloop
  endfacet
  facet normal -0 0 -1
    outer loop
      vertex 34.5474 21.45 0
      vertex 30.8978 21.2235 0
      vertex 34.4837 21.579 0
    endloop
  endfacet
  facet normal 0 -0 -1
    outer loop
      vertex 30.8978 21.2235 0
      vertex 34.5474 21.45 0
      vertex 30.7716 20.852 0
    endloop
  endfacet
  facet normal -0 0 -1
    outer loop
      vertex 34.6273 21.3304 0
      vertex 30.7716 20.852 0
      vertex 34.5474 21.45 0
    endloop
  endfacet
  facet normal 0 -0 -1
    outer loop
      vertex 30.7716 20.852 0
      vertex 34.7222 21.2222 0
      vertex 30.5981 20.5 0
    endloop
  endfacet
  facet normal -0 0 -1
    outer loop
      vertex 35.3564 20.9094 0
      vertex 29.8263 19.6199 0
      vertex 35.2153 20.9375 0
    endloop
  endfacet
  facet normal 0 0 -1
    outer loop
      vertex 37.15 0 0
      vertex 28.7765 19.1022 0
      vertex 29.148 19.2284 0
    endloop
  endfacet
  facet normal 0 0 -1
    outer loop
      vertex 37.15 0 0
      vertex 28.3916 19.0257 0
      vertex 28.7765 19.1022 0
    endloop
  endfacet
  facet normal -0 0 -1
    outer loop
      vertex 37.1594 -0.143579 0
      vertex 17.0278 -9.47218 0
      vertex 37.15 0 0
    endloop
  endfacet
  facet normal 0 0 -1
    outer loop
      vertex 16.9196 -9.37731 0
      vertex 37.15 0 0
      vertex 17.0278 -9.47218 0
    endloop
  endfacet
  facet normal 0 0 -1
    outer loop
      vertex 37.15 0 0
      vertex 28 19 0
      vertex 28.3916 19.0257 0
    endloop
  endfacet
  facet normal 0 -0 -1
    outer loop
      vertex 27.6084 19.0257 0
      vertex 37.15 0 0
      vertex 12.6 5.7 0
    endloop
  endfacet
  facet normal 0 0 -1
    outer loop
      vertex 37.15 0 0
      vertex 27.6084 19.0257 0
      vertex 28 19 0
    endloop
  endfacet
  facet normal 0 0 -1
    outer loop
      vertex 12.5906 5.84358 0
      vertex 27.6084 19.0257 0
      vertex 12.6 5.7 0
    endloop
  endfacet
  facet normal -0 0 -1
    outer loop
      vertex 27.6084 19.0257 0
      vertex 12.5906 5.84358 0
      vertex 27.2235 19.1022 0
    endloop
  endfacet
  facet normal 0 0 -1
    outer loop
      vertex 12.5625 5.9847 0
      vertex 27.2235 19.1022 0
      vertex 12.5906 5.84358 0
    endloop
  endfacet
  facet normal -0 0 -1
    outer loop
      vertex 27.2235 19.1022 0
      vertex 12.5625 5.9847 0
      vertex 26.852 19.2284 0
    endloop
  endfacet
  facet normal 0 0 -1
    outer loop
      vertex 12.5163 6.12095 0
      vertex 26.852 19.2284 0
      vertex 12.5625 5.9847 0
    endloop
  endfacet
  facet normal 0 0 -1
    outer loop
      vertex 12.4526 6.25 0
      vertex 26.5 19.4019 0
      vertex 12.5163 6.12095 0
    endloop
  endfacet
  facet normal 0 0 -1
    outer loop
      vertex 21.5906 21.8564 0
      vertex 25 22 0
      vertex 25.0257 21.6084 0
    endloop
  endfacet
  facet normal 0 0 -1
    outer loop
      vertex 21.5625 21.7153 0
      vertex 25.0257 21.6084 0
      vertex 25.1022 21.2235 0
    endloop
  endfacet
  facet normal 0 -0 -1
    outer loop
      vertex 20.6436 20.9094 0
      vertex 26.5 19.4019 0
      vertex 12.4526 6.25 0
    endloop
  endfacet
  facet normal -0 0 -1
    outer loop
      vertex 25 22 0
      vertex 21.5906 21.8564 0
      vertex 21.6 22 0
    endloop
  endfacet
  facet normal 0 0 -1
    outer loop
      vertex 25.0257 21.6084 0
      vertex 21.5625 21.7153 0
      vertex 21.5906 21.8564 0
    endloop
  endfacet
  facet normal 0 0 -1
    outer loop
      vertex 25.1022 21.2235 0
      vertex 21.5163 21.579 0
      vertex 21.5625 21.7153 0
    endloop
  endfacet
  facet normal 0 0 -1
    outer loop
      vertex 25.1022 21.2235 0
      vertex 21.4526 21.45 0
      vertex 21.5163 21.579 0
    endloop
  endfacet
  facet normal 0 0 -1
    outer loop
      vertex 25.2284 20.852 0
      vertex 21.4526 21.45 0
      vertex 25.1022 21.2235 0
    endloop
  endfacet
  facet normal 0 -0 -1
    outer loop
      vertex 21.4526 21.45 0
      vertex 25.2284 20.852 0
      vertex 21.3727 21.3304 0
    endloop
  endfacet
  facet normal 0 -0 -1
    outer loop
      vertex 21.3727 21.3304 0
      vertex 25.2284 20.852 0
      vertex 21.2778 21.2222 0
    endloop
  endfacet
  facet normal 0 0 -1
    outer loop
      vertex 26.1737 19.6199 0
      vertex 20.7847 20.9375 0
      vertex 25.8787 19.8787 0
    endloop
  endfacet
  facet normal 0 0 -1
    outer loop
      vertex 25.4019 20.5 0
      vertex 21.2778 21.2222 0
      vertex 25.2284 20.852 0
    endloop
  endfacet
  facet normal 0 -0 -1
    outer loop
      vertex 20.921 20.9837 0
      vertex 25.8787 19.8787 0
      vertex 20.7847 20.9375 0
    endloop
  endfacet
  facet normal 0 -0 -1
    outer loop
      vertex 21.2778 21.2222 0
      vertex 25.4019 20.5 0
      vertex 21.1696 21.1273 0
    endloop
  endfacet
  facet normal 0 -0 -1
    outer loop
      vertex 21.1696 21.1273 0
      vertex 25.6199 20.1737 0
      vertex 21.05 21.0474 0
    endloop
  endfacet
  facet normal 0 0 -1
    outer loop
      vertex 25.6199 20.1737 0
      vertex 21.1696 21.1273 0
      vertex 25.4019 20.5 0
    endloop
  endfacet
  facet normal 0 -0 -1
    outer loop
      vertex 21.05 21.0474 0
      vertex 25.6199 20.1737 0
      vertex 20.921 20.9837 0
    endloop
  endfacet
  facet normal 0 0 -1
    outer loop
      vertex 25.8787 19.8787 0
      vertex 20.921 20.9837 0
      vertex 25.6199 20.1737 0
    endloop
  endfacet
  facet normal 0 -0 -1
    outer loop
      vertex 20.7847 20.9375 0
      vertex 26.1737 19.6199 0
      vertex 20.6436 20.9094 0
    endloop
  endfacet
  facet normal 0 0 -1
    outer loop
      vertex 20.6436 20.9094 0
      vertex 12.4526 6.25 0
      vertex 20.5 20.9 0
    endloop
  endfacet
  facet normal 0 0 -1
    outer loop
      vertex 12.3727 6.36964 0
      vertex 20.5 20.9 0
      vertex 12.4526 6.25 0
    endloop
  endfacet
  facet normal -0 0 -1
    outer loop
      vertex 20.5 20.9 0
      vertex 12.3727 6.36964 0
      vertex 20.3564 20.9094 0
    endloop
  endfacet
  facet normal 0 0 -1
    outer loop
      vertex 12.2778 6.47782 0
      vertex 20.3564 20.9094 0
      vertex 12.3727 6.36964 0
    endloop
  endfacet
  facet normal -0 0 -1
    outer loop
      vertex 20.3564 20.9094 0
      vertex 12.2778 6.47782 0
      vertex 20.2153 20.9375 0
    endloop
  endfacet
  facet normal 0 0 -1
    outer loop
      vertex 17.0278 -9.47218 0
      vertex 37.1594 -0.143579 0
      vertex 17.1227 -9.58036 0
    endloop
  endfacet
  facet normal -0 0 -1
    outer loop
      vertex 37.1875 -0.2847 0
      vertex 17.1227 -9.58036 0
      vertex 37.1594 -0.143579 0
    endloop
  endfacet
  facet normal 0 0 -1
    outer loop
      vertex 17.1227 -9.58036 0
      vertex 37.1875 -0.2847 0
      vertex 17.2026 -9.7 0
    endloop
  endfacet
  facet normal 0 0 -1
    outer loop
      vertex 17.3125 -9.9653 0
      vertex 37 -16 0
      vertex 19 -16 0
    endloop
  endfacet
  facet normal 0 0 -1
    outer loop
      vertex 40.5 -6.2 0
      vertex 39.3406 -0.143579 0
      vertex 39.35 0 0
    endloop
  endfacet
  facet normal 0 0 -1
    outer loop
      vertex 39.2 -9.29737 0
      vertex 40.5 -6.2 0
      vertex 39.329 -9.23373 0
    endloop
  endfacet
  facet normal 0 0 -1
    outer loop
      vertex 40.5 -6.2 0
      vertex 39.3125 -0.2847 0
      vertex 39.3406 -0.143579 0
    endloop
  endfacet
  facet normal 0 0 -1
    outer loop
      vertex 40.5 -6.2 0
      vertex 39.2663 -0.420951 0
      vertex 39.3125 -0.2847 0
    endloop
  endfacet
  facet normal 0 0 -1
    outer loop
      vertex 40.5 -6.2 0
      vertex 39.2026 -0.549999 0
      vertex 39.2663 -0.420951 0
    endloop
  endfacet
  facet normal 0 0 -1
    outer loop
      vertex 39.0804 -9.37731 0
      vertex 40.5 -6.2 0
      vertex 39.2 -9.29737 0
    endloop
  endfacet
  facet normal 0 0 -1
    outer loop
      vertex 40.5 -6.2 0
      vertex 39.1227 -0.669637 0
      vertex 39.2026 -0.549999 0
    endloop
  endfacet
  facet normal 0 0 -1
    outer loop
      vertex 38.9722 -9.47218 0
      vertex 40.5 -6.2 0
      vertex 39.0804 -9.37731 0
    endloop
  endfacet
  facet normal 0 0 -1
    outer loop
      vertex 40.5 -6.2 0
      vertex 39.0278 -0.777817 0
      vertex 39.1227 -0.669637 0
    endloop
  endfacet
  facet normal 0 0 -1
    outer loop
      vertex 37.7 -0.952627 0
      vertex 40.5 -6.2 0
      vertex 38.9722 -9.47218 0
    endloop
  endfacet
  facet normal 0 0 -1
    outer loop
      vertex 40.5 -6.2 0
      vertex 38.9196 -0.872688 0
      vertex 39.0278 -0.777817 0
    endloop
  endfacet
  facet normal 0 0 -1
    outer loop
      vertex 37.7 -0.952627 0
      vertex 38.9722 -9.47218 0
      vertex 38.8773 -9.58036 0
    endloop
  endfacet
  facet normal 0 0 -1
    outer loop
      vertex 40.5 -6.2 0
      vertex 38.8 -0.952627 0
      vertex 38.9196 -0.872688 0
    endloop
  endfacet
  facet normal 0 0 -1
    outer loop
      vertex 37.5804 -0.872688 0
      vertex 38.8773 -9.58036 0
      vertex 38.7974 -9.7 0
    endloop
  endfacet
  facet normal 0 0 -1
    outer loop
      vertex 37.4722 -0.777817 0
      vertex 38.7974 -9.7 0
      vertex 38.7337 -9.82905 0
    endloop
  endfacet
  facet normal 0 0 -1
    outer loop
      vertex 37.3773 -0.669637 0
      vertex 38.7337 -9.82905 0
      vertex 38.6875 -9.9653 0
    endloop
  endfacet
  facet normal 0 0 -1
    outer loop
      vertex 40.5 -6.2 0
      vertex 38.671 -1.01627 0
      vertex 38.8 -0.952627 0
    endloop
  endfacet
  facet normal 0 0 -1
    outer loop
      vertex 17.3125 -9.9653 0
      vertex 38.6875 -9.9653 0
      vertex 38.6594 -10.1064 0
    endloop
  endfacet
  facet normal 0 0 -1
    outer loop
      vertex 17.3125 -9.9653 0
      vertex 38.65 -10.25 0
      vertex 37 -16 0
    endloop
  endfacet
  facet normal 0 0 -1
    outer loop
      vertex 40.5 -6.2 0
      vertex 38.5347 -1.06252 0
      vertex 38.671 -1.01627 0
    endloop
  endfacet
  facet normal 0 0 -1
    outer loop
      vertex 47.5729 -36.4062 0
      vertex 40.7026 -33.2 0
      vertex 47.7846 -36.3641 0
    endloop
  endfacet
  facet normal 0 0 -1
    outer loop
      vertex 48.2154 -36.3641 0
      vertex 40.8406 -10.3936 0
      vertex 40.85 -10.25 0
    endloop
  endfacet
  facet normal 0 0 -1
    outer loop
      vertex 40.6227 -33.0804 0
      vertex 47.7846 -36.3641 0
      vertex 40.7026 -33.2 0
    endloop
  endfacet
  facet normal 0 0 -1
    outer loop
      vertex 48.2154 -36.3641 0
      vertex 40.8125 -10.5347 0
      vertex 40.8406 -10.3936 0
    endloop
  endfacet
  facet normal 0 0 -1
    outer loop
      vertex 47.7846 -36.3641 0
      vertex 40.6227 -33.0804 0
      vertex 48 -36.35 0
    endloop
  endfacet
  facet normal 0 0 -1
    outer loop
      vertex 48.2154 -36.3641 0
      vertex 40.7663 -10.671 0
      vertex 40.8125 -10.5347 0
    endloop
  endfacet
  facet normal 0 0 -1
    outer loop
      vertex 40.5278 -32.9722 0
      vertex 48 -36.35 0
      vertex 40.6227 -33.0804 0
    endloop
  endfacet
  facet normal 0 0 -1
    outer loop
      vertex 48.2154 -36.3641 0
      vertex 40.7026 -10.8 0
      vertex 40.7663 -10.671 0
    endloop
  endfacet
  facet normal 0 0 -1
    outer loop
      vertex 48 -36.35 0
      vertex 40.5278 -32.9722 0
      vertex 48.2154 -36.3641 0
    endloop
  endfacet
  facet normal 0 0 -1
    outer loop
      vertex 48.2154 -36.3641 0
      vertex 40.6227 -10.9196 0
      vertex 40.7026 -10.8 0
    endloop
  endfacet
  facet normal 0 0 -1
    outer loop
      vertex 37 -28 0
      vertex 48.2154 -36.3641 0
      vertex 40.5278 -32.9722 0
    endloop
  endfacet
  facet normal 0 0 -1
    outer loop
      vertex 48.2154 -36.3641 0
      vertex 40.5278 -11.0278 0
      vertex 40.6227 -10.9196 0
    endloop
  endfacet
  facet normal 0 0 -1
    outer loop
      vertex 37 -28 0
      vertex 40.5278 -32.9722 0
      vertex 40.4196 -32.8773 0
    endloop
  endfacet
  facet normal 0 0 -1
    outer loop
      vertex 37 -16 0
      vertex 48.2154 -36.3641 0
      vertex 37 -28 0
    endloop
  endfacet
  facet normal 0 0 -1
    outer loop
      vertex 37 -28 0
      vertex 40.4196 -32.8773 0
      vertex 40.3 -32.7974 0
    endloop
  endfacet
  facet normal 0 0 -1
    outer loop
      vertex 48.2154 -36.3641 0
      vertex 37 -16 0
      vertex 40.5278 -11.0278 0
    endloop
  endfacet
  facet normal 0 0 -1
    outer loop
      vertex 37 -28 0
      vertex 40.3 -32.7974 0
      vertex 40.171 -32.7337 0
    endloop
  endfacet
  facet normal 0 0 -1
    outer loop
      vertex 40.5278 -11.0278 0
      vertex 37 -16 0
      vertex 40.4196 -11.1227 0
    endloop
  endfacet
  facet normal 0 0 -1
    outer loop
      vertex 37 -28 0
      vertex 40.171 -32.7337 0
      vertex 40.0347 -32.6875 0
    endloop
  endfacet
  facet normal 0 0 -1
    outer loop
      vertex 40.4196 -11.1227 0
      vertex 37 -16 0
      vertex 40.3 -11.2026 0
    endloop
  endfacet
  facet normal 0 0 -1
    outer loop
      vertex 37 -28 0
      vertex 40.0347 -32.6875 0
      vertex 39.8936 -32.6594 0
    endloop
  endfacet
  facet normal 0 0 -1
    outer loop
      vertex 40.3 -11.2026 0
      vertex 37 -16 0
      vertex 40.171 -11.2663 0
    endloop
  endfacet
  facet normal 0 0 -1
    outer loop
      vertex 37 -28 0
      vertex 39.8936 -32.6594 0
      vertex 39.75 -32.65 0
    endloop
  endfacet
  facet normal 0 0 -1
    outer loop
      vertex 40.171 -11.2663 0
      vertex 37 -16 0
      vertex 40.0347 -11.3125 0
    endloop
  endfacet
  facet normal 0 0 -1
    outer loop
      vertex 37 -28 0
      vertex 39.75 -32.65 0
      vertex 39.6064 -32.6594 0
    endloop
  endfacet
  facet normal 0 0 -1
    outer loop
      vertex 40.0347 -11.3125 0
      vertex 37 -16 0
      vertex 39.8936 -11.3406 0
    endloop
  endfacet
  facet normal 0 0 -1
    outer loop
      vertex 37 -28 0
      vertex 39.6064 -32.6594 0
      vertex 39.4653 -32.6875 0
    endloop
  endfacet
  facet normal 0 0 -1
    outer loop
      vertex 39.8936 -11.3406 0
      vertex 37 -16 0
      vertex 39.75 -11.35 0
    endloop
  endfacet
  facet normal 0 0 -1
    outer loop
      vertex 37 -28 0
      vertex 39.4653 -32.6875 0
      vertex 39.329 -32.7337 0
    endloop
  endfacet
  facet normal -0 0 -1
    outer loop
      vertex 39.75 -11.35 0
      vertex 37 -16 0
      vertex 39.6064 -11.3406 0
    endloop
  endfacet
  facet normal 0 0 -1
    outer loop
      vertex 37 -28 0
      vertex 39.329 -32.7337 0
      vertex 39.2 -32.7974 0
    endloop
  endfacet
  facet normal -0 0 -1
    outer loop
      vertex 39.6064 -11.3406 0
      vertex 37 -16 0
      vertex 39.4653 -11.3125 0
    endloop
  endfacet
  facet normal 0 0 -1
    outer loop
      vertex 37 -28 0
      vertex 39.2 -32.7974 0
      vertex 39.0804 -32.8773 0
    endloop
  endfacet
  facet normal -0 0 -1
    outer loop
      vertex 39.4653 -11.3125 0
      vertex 37 -16 0
      vertex 39.329 -11.2663 0
    endloop
  endfacet
  facet normal 0 0 -1
    outer loop
      vertex 37 -28 0
      vertex 39.0804 -32.8773 0
      vertex 38.9722 -32.9722 0
    endloop
  endfacet
  facet normal -0 0 -1
    outer loop
      vertex 39.329 -11.2663 0
      vertex 37 -16 0
      vertex 39.2 -11.2026 0
    endloop
  endfacet
  facet normal 0 0 -1
    outer loop
      vertex 37 -28 0
      vertex 38.9722 -32.9722 0
      vertex 38.8773 -33.0804 0
    endloop
  endfacet
  facet normal -0 0 -1
    outer loop
      vertex 39.2 -11.2026 0
      vertex 37 -16 0
      vertex 39.0804 -11.1227 0
    endloop
  endfacet
  facet normal 0 0 -1
    outer loop
      vertex 37 -28 0
      vertex 38.8773 -33.0804 0
      vertex 38.7974 -33.2 0
    endloop
  endfacet
  facet normal -0 0 -1
    outer loop
      vertex 39.0804 -11.1227 0
      vertex 37 -16 0
      vertex 38.9722 -11.0278 0
    endloop
  endfacet
  facet normal 0 0 -1
    outer loop
      vertex 37 -28 0
      vertex 38.7974 -33.2 0
      vertex 38.7337 -33.329 0
    endloop
  endfacet
  facet normal -0 0 -1
    outer loop
      vertex 38.9722 -11.0278 0
      vertex 37 -16 0
      vertex 38.8773 -10.9196 0
    endloop
  endfacet
  facet normal 0 0 -1
    outer loop
      vertex 37 -28 0
      vertex 38.7337 -33.329 0
      vertex 38.6875 -33.4653 0
    endloop
  endfacet
  facet normal -0 0 -1
    outer loop
      vertex 38.8773 -10.9196 0
      vertex 37 -16 0
      vertex 38.7974 -10.8 0
    endloop
  endfacet
  facet normal 0 0 -1
    outer loop
      vertex 37 -28 0
      vertex 38.6875 -33.4653 0
      vertex 38.6594 -33.6064 0
    endloop
  endfacet
  facet normal -0 0 -1
    outer loop
      vertex 38.7974 -10.8 0
      vertex 37 -16 0
      vertex 38.7337 -10.671 0
    endloop
  endfacet
  facet normal 0 0 -1
    outer loop
      vertex 37 -28 0
      vertex 38.6594 -33.6064 0
      vertex 38.65 -33.75 0
    endloop
  endfacet
  facet normal -0 0 -1
    outer loop
      vertex 38.6875 -10.5347 0
      vertex 37 -16 0
      vertex 38.6594 -10.3936 0
    endloop
  endfacet
  facet normal 0 0 -1
    outer loop
      vertex 60 -47 0
      vertex 49.6359 -38.2154 0
      vertex 49.65 -38 0
    endloop
  endfacet
  facet normal 0 0 -1
    outer loop
      vertex 60 -47 0
      vertex 49.5938 -38.4271 0
      vertex 49.6359 -38.2154 0
    endloop
  endfacet
  facet normal 0 0 -1
    outer loop
      vertex 60 -47 0
      vertex 49.5244 -38.6314 0
      vertex 49.5938 -38.4271 0
    endloop
  endfacet
  facet normal 0 0 -1
    outer loop
      vertex 60 -47 0
      vertex 49.4289 -38.825 0
      vertex 49.5244 -38.6314 0
    endloop
  endfacet
  facet normal 0 0 -1
    outer loop
      vertex 60 -47 0
      vertex 49.309 -39.0045 0
      vertex 49.4289 -38.825 0
    endloop
  endfacet
  facet normal 0 0 -1
    outer loop
      vertex 60 -47 0
      vertex 49.1667 -39.1667 0
      vertex 49.309 -39.0045 0
    endloop
  endfacet
  facet normal 0 0 -1
    outer loop
      vertex 60 -47 0
      vertex 49.0045 -39.309 0
      vertex 49.1667 -39.1667 0
    endloop
  endfacet
  facet normal 0 0 -1
    outer loop
      vertex 60 -47 0
      vertex 48.825 -39.4289 0
      vertex 49.0045 -39.309 0
    endloop
  endfacet
  facet normal 0 0 -1
    outer loop
      vertex 60 -47 0
      vertex 48.6314 -39.5244 0
      vertex 48.825 -39.4289 0
    endloop
  endfacet
  facet normal 0 0 -1
    outer loop
      vertex 60 -47 0
      vertex 48.4271 -39.5938 0
      vertex 48.6314 -39.5244 0
    endloop
  endfacet
  facet normal 0 0 -1
    outer loop
      vertex 60 -47 0
      vertex 48.2154 -39.6359 0
      vertex 48.4271 -39.5938 0
    endloop
  endfacet
  facet normal 0 0 -1
    outer loop
      vertex 60 -47 0
      vertex 48 -39.65 0
      vertex 48.2154 -39.6359 0
    endloop
  endfacet
  facet normal 0 0 -1
    outer loop
      vertex 60 -47 0
      vertex 47.7846 -39.6359 0
      vertex 48 -39.65 0
    endloop
  endfacet
  facet normal 0 0 -1
    outer loop
      vertex 60 -47 0
      vertex 47.5729 -39.5938 0
      vertex 47.7846 -39.6359 0
    endloop
  endfacet
  facet normal 0 0 -1
    outer loop
      vertex 60 -47 0
      vertex 47.3686 -39.5244 0
      vertex 47.5729 -39.5938 0
    endloop
  endfacet
  facet normal 0 0 -1
    outer loop
      vertex 16.3936 -34.8406 0
      vertex 47.3686 -39.5244 0
      vertex 60 -47 0
    endloop
  endfacet
  facet normal 0 0 -1
    outer loop
      vertex 40.3 -34.7026 0
      vertex 46.35 -38 0
      vertex 46.3641 -38.2154 0
    endloop
  endfacet
  facet normal 0 0 -1
    outer loop
      vertex 40.171 -34.7663 0
      vertex 46.3641 -38.2154 0
      vertex 46.4062 -38.4271 0
    endloop
  endfacet
  facet normal 0 0 -1
    outer loop
      vertex 40.0347 -34.8125 0
      vertex 46.4062 -38.4271 0
      vertex 46.4756 -38.6314 0
    endloop
  endfacet
  facet normal 0 0 -1
    outer loop
      vertex 39.8936 -34.8406 0
      vertex 46.4756 -38.6314 0
      vertex 46.5711 -38.825 0
    endloop
  endfacet
  facet normal 0 0 -1
    outer loop
      vertex 39.6064 -34.8406 0
      vertex 46.5711 -38.825 0
      vertex 46.691 -39.0045 0
    endloop
  endfacet
  facet normal 0 0 -1
    outer loop
      vertex 39.4653 -34.8125 0
      vertex 46.691 -39.0045 0
      vertex 46.8333 -39.1667 0
    endloop
  endfacet
  facet normal 0 0 -1
    outer loop
      vertex 46.35 -38 0
      vertex 40.8406 -33.8936 0
      vertex 40.85 -33.75 0
    endloop
  endfacet
  facet normal 0 0 -1
    outer loop
      vertex 46.35 -38 0
      vertex 40.8125 -34.0347 0
      vertex 40.8406 -33.8936 0
    endloop
  endfacet
  facet normal 0 0 -1
    outer loop
      vertex 39.329 -34.7663 0
      vertex 46.8333 -39.1667 0
      vertex 46.9955 -39.309 0
    endloop
  endfacet
  facet normal 0 0 -1
    outer loop
      vertex 46.35 -38 0
      vertex 40.7663 -34.171 0
      vertex 40.8125 -34.0347 0
    endloop
  endfacet
  facet normal 0 0 -1
    outer loop
      vertex 46.35 -38 0
      vertex 40.7026 -34.3 0
      vertex 40.7663 -34.171 0
    endloop
  endfacet
  facet normal 0 0 -1
    outer loop
      vertex 46.35 -38 0
      vertex 40.6227 -34.4196 0
      vertex 40.7026 -34.3 0
    endloop
  endfacet
  facet normal 0 0 -1
    outer loop
      vertex 46.35 -38 0
      vertex 40.5278 -34.5278 0
      vertex 40.6227 -34.4196 0
    endloop
  endfacet
  facet normal 0 0 -1
    outer loop
      vertex 46.35 -38 0
      vertex 40.4196 -34.6227 0
      vertex 40.5278 -34.5278 0
    endloop
  endfacet
  facet normal 0 0 -1
    outer loop
      vertex 46.35 -38 0
      vertex 40.3 -34.7026 0
      vertex 40.4196 -34.6227 0
    endloop
  endfacet
  facet normal 0 0 -1
    outer loop
      vertex 46.3641 -38.2154 0
      vertex 40.171 -34.7663 0
      vertex 40.3 -34.7026 0
    endloop
  endfacet
  facet normal 0 0 -1
    outer loop
      vertex 16.5347 -34.8125 0
      vertex 46.9955 -39.309 0
      vertex 47.175 -39.4289 0
    endloop
  endfacet
  facet normal 0 0 -1
    outer loop
      vertex 46.4062 -38.4271 0
      vertex 40.0347 -34.8125 0
      vertex 40.171 -34.7663 0
    endloop
  endfacet
  facet normal 0 0 -1
    outer loop
      vertex 46.4756 -38.6314 0
      vertex 39.8936 -34.8406 0
      vertex 40.0347 -34.8125 0
    endloop
  endfacet
  facet normal 0 0 -1
    outer loop
      vertex 46.5711 -38.825 0
      vertex 39.75 -34.85 0
      vertex 39.8936 -34.8406 0
    endloop
  endfacet
  facet normal 0 0 -1
    outer loop
      vertex 46.5711 -38.825 0
      vertex 39.6064 -34.8406 0
      vertex 39.75 -34.85 0
    endloop
  endfacet
  facet normal 0 0 -1
    outer loop
      vertex 46.691 -39.0045 0
      vertex 39.4653 -34.8125 0
      vertex 39.6064 -34.8406 0
    endloop
  endfacet
  facet normal 0 0 -1
    outer loop
      vertex 46.8333 -39.1667 0
      vertex 39.329 -34.7663 0
      vertex 39.4653 -34.8125 0
    endloop
  endfacet
  facet normal 0 0 -1
    outer loop
      vertex 46.9955 -39.309 0
      vertex 16.671 -34.7663 0
      vertex 39.329 -34.7663 0
    endloop
  endfacet
  facet normal -0 0 -1
    outer loop
      vertex 38.6594 -10.3936 0
      vertex 37 -16 0
      vertex 38.65 -10.25 0
    endloop
  endfacet
  facet normal 0 0 -1
    outer loop
      vertex 38.65 -10.25 0
      vertex 17.3125 -9.9653 0
      vertex 38.6594 -10.1064 0
    endloop
  endfacet
  facet normal 0 0 -1
    outer loop
      vertex 40.5 -6.2 0
      vertex 38.3936 -1.09059 0
      vertex 38.5347 -1.06252 0
    endloop
  endfacet
  facet normal 0 0 -1
    outer loop
      vertex 40.5 -6.2 0
      vertex 38.25 -1.1 0
      vertex 38.3936 -1.09059 0
    endloop
  endfacet
  facet normal 0 0 -1
    outer loop
      vertex 40.5 -6.2 0
      vertex 38.1064 -1.09059 0
      vertex 38.25 -1.1 0
    endloop
  endfacet
  facet normal 0 0 -1
    outer loop
      vertex 40.5 -6.2 0
      vertex 37.9653 -1.06252 0
      vertex 38.1064 -1.09059 0
    endloop
  endfacet
  facet normal 0 0 -1
    outer loop
      vertex 40.5 -6.2 0
      vertex 37.829 -1.01627 0
      vertex 37.9653 -1.06252 0
    endloop
  endfacet
  facet normal 0 0 -1
    outer loop
      vertex 40.5 -6.2 0
      vertex 37.7 -0.952627 0
      vertex 37.829 -1.01627 0
    endloop
  endfacet
  facet normal 0 0 -1
    outer loop
      vertex 38.8773 -9.58036 0
      vertex 37.5804 -0.872688 0
      vertex 37.7 -0.952627 0
    endloop
  endfacet
  facet normal 0 0 -1
    outer loop
      vertex 38.7974 -9.7 0
      vertex 37.4722 -0.777817 0
      vertex 37.5804 -0.872688 0
    endloop
  endfacet
  facet normal 0 0 -1
    outer loop
      vertex 38.7337 -9.82905 0
      vertex 37.3773 -0.669637 0
      vertex 37.4722 -0.777817 0
    endloop
  endfacet
  facet normal 0 0 -1
    outer loop
      vertex 38.6875 -9.9653 0
      vertex 37.2974 -0.549999 0
      vertex 37.3773 -0.669637 0
    endloop
  endfacet
  facet normal 0 0 -1
    outer loop
      vertex 38.6875 -9.9653 0
      vertex 17.3125 -9.9653 0
      vertex 37.2974 -0.549999 0
    endloop
  endfacet
  facet normal 0 0 -1
    outer loop
      vertex 17.2663 -9.82905 0
      vertex 37.2974 -0.549999 0
      vertex 17.3125 -9.9653 0
    endloop
  endfacet
  facet normal -0 0 -1
    outer loop
      vertex 37.2974 -0.549999 0
      vertex 17.2663 -9.82905 0
      vertex 37.2337 -0.420951 0
    endloop
  endfacet
  facet normal -0 0 -1
    outer loop
      vertex 38.7337 -10.671 0
      vertex 37 -16 0
      vertex 38.6875 -10.5347 0
    endloop
  endfacet
  facet normal 0 0 -1
    outer loop
      vertex 17.35 -33.75 0
      vertex 38.65 -33.75 0
      vertex 38.6594 -33.8936 0
    endloop
  endfacet
  facet normal 0 0 -1
    outer loop
      vertex 17.3406 -33.8936 0
      vertex 38.6594 -33.8936 0
      vertex 38.6875 -34.0347 0
    endloop
  endfacet
  facet normal 0 0 -1
    outer loop
      vertex 38.65 -33.75 0
      vertex 19 -28 0
      vertex 37 -28 0
    endloop
  endfacet
  facet normal 0 0 -1
    outer loop
      vertex 17.3125 -34.0347 0
      vertex 38.6875 -34.0347 0
      vertex 38.7337 -34.171 0
    endloop
  endfacet
  facet normal 0 0 -1
    outer loop
      vertex 17.2663 -34.171 0
      vertex 38.7337 -34.171 0
      vertex 38.7974 -34.3 0
    endloop
  endfacet
  facet normal 0 0 -1
    outer loop
      vertex 17.2026 -34.3 0
      vertex 38.7974 -34.3 0
      vertex 38.8773 -34.4196 0
    endloop
  endfacet
  facet normal 0 0 -1
    outer loop
      vertex 17.1227 -34.4196 0
      vertex 38.8773 -34.4196 0
      vertex 38.9722 -34.5278 0
    endloop
  endfacet
  facet normal 0 0 -1
    outer loop
      vertex 17.0278 -34.5278 0
      vertex 38.9722 -34.5278 0
      vertex 39.0804 -34.6227 0
    endloop
  endfacet
  facet normal 0 0 -1
    outer loop
      vertex 16.9196 -34.6227 0
      vertex 39.0804 -34.6227 0
      vertex 39.2 -34.7026 0
    endloop
  endfacet
  facet normal 0 0 -1
    outer loop
      vertex 39.329 -34.7663 0
      vertex 16.671 -34.7663 0
      vertex 39.2 -34.7026 0
    endloop
  endfacet
  facet normal 0 0 -1
    outer loop
      vertex 47.3686 -39.5244 0
      vertex 16.3936 -34.8406 0
      vertex 47.175 -39.4289 0
    endloop
  endfacet
  facet normal 0 0 -1
    outer loop
      vertex 17.3406 -33.6064 0
      vertex 19 -28 0
      vertex 17.35 -33.75 0
    endloop
  endfacet
  facet normal 0 0 -1
    outer loop
      vertex 38.6594 -33.8936 0
      vertex 17.3406 -33.8936 0
      vertex 17.35 -33.75 0
    endloop
  endfacet
  facet normal 0 0 -1
    outer loop
      vertex 38.65 -33.75 0
      vertex 17.35 -33.75 0
      vertex 19 -28 0
    endloop
  endfacet
  facet normal 0 0 -1
    outer loop
      vertex 38.6875 -34.0347 0
      vertex 17.3125 -34.0347 0
      vertex 17.3406 -33.8936 0
    endloop
  endfacet
  facet normal 0 0 -1
    outer loop
      vertex 38.7337 -34.171 0
      vertex 17.2663 -34.171 0
      vertex 17.3125 -34.0347 0
    endloop
  endfacet
  facet normal 0 0 -1
    outer loop
      vertex 38.7974 -34.3 0
      vertex 17.2026 -34.3 0
      vertex 17.2663 -34.171 0
    endloop
  endfacet
  facet normal 0 0 -1
    outer loop
      vertex 38.8773 -34.4196 0
      vertex 17.1227 -34.4196 0
      vertex 17.2026 -34.3 0
    endloop
  endfacet
  facet normal 0 0 -1
    outer loop
      vertex 38.9722 -34.5278 0
      vertex 17.0278 -34.5278 0
      vertex 17.1227 -34.4196 0
    endloop
  endfacet
  facet normal 0 0 -1
    outer loop
      vertex 39.0804 -34.6227 0
      vertex 16.9196 -34.6227 0
      vertex 17.0278 -34.5278 0
    endloop
  endfacet
  facet normal 0 0 -1
    outer loop
      vertex 39.2 -34.7026 0
      vertex 16.8 -34.7026 0
      vertex 16.9196 -34.6227 0
    endloop
  endfacet
  facet normal -0 0 -1
    outer loop
      vertex 39.2 -34.7026 0
      vertex 16.671 -34.7663 0
      vertex 16.8 -34.7026 0
    endloop
  endfacet
  facet normal 0 0 -1
    outer loop
      vertex 46.9955 -39.309 0
      vertex 16.5347 -34.8125 0
      vertex 16.671 -34.7663 0
    endloop
  endfacet
  facet normal 0 0 -1
    outer loop
      vertex 47.175 -39.4289 0
      vertex 16.3936 -34.8406 0
      vertex 16.5347 -34.8125 0
    endloop
  endfacet
  facet normal 0 0 -1
    outer loop
      vertex 60 -47 0
      vertex 16.25 -34.85 0
      vertex 16.3936 -34.8406 0
    endloop
  endfacet
  facet normal 0 0 -1
    outer loop
      vertex 60 -47 0
      vertex 16.1064 -34.8406 0
      vertex 16.25 -34.85 0
    endloop
  endfacet
  facet normal 0 0 -1
    outer loop
      vertex -60 -47 0
      vertex 16.1064 -34.8406 0
      vertex 60 -47 0
    endloop
  endfacet
  facet normal -0 -0 -1
    outer loop
      vertex 11.2153 -6.76252 0
      vertex 15.2337 -10.671 0
      vertex 11.079 -6.71627 0
    endloop
  endfacet
  facet normal 0 0 -1
    outer loop
      vertex -4 -30 0
      vertex 15.15 -33.75 0
      vertex 15.1594 -33.8936 0
    endloop
  endfacet
  facet normal 0 0 -1
    outer loop
      vertex 15.15 -10.25 0
      vertex 12.5906 -5.84358 0
      vertex 12.6 -5.7 0
    endloop
  endfacet
  facet normal 0 0 -1
    outer loop
      vertex 15.15 -10.25 0
      vertex 12.5625 -5.9847 0
      vertex 12.5906 -5.84358 0
    endloop
  endfacet
  facet normal 0 0 -1
    outer loop
      vertex 15.15 -10.25 0
      vertex 12.5163 -6.12095 0
      vertex 12.5625 -5.9847 0
    endloop
  endfacet
  facet normal 0 0 -1
    outer loop
      vertex 15.15 -10.25 0
      vertex 12.4526 -6.25 0
      vertex 12.5163 -6.12095 0
    endloop
  endfacet
  facet normal 0 0 -1
    outer loop
      vertex 15.15 -10.25 0
      vertex 12.3727 -6.36964 0
      vertex 12.4526 -6.25 0
    endloop
  endfacet
  facet normal 0 0 -1
    outer loop
      vertex 15.15 -10.25 0
      vertex 12.2778 -6.47782 0
      vertex 12.3727 -6.36964 0
    endloop
  endfacet
  facet normal 0 0 -1
    outer loop
      vertex 15.15 -10.25 0
      vertex 12.1696 -6.57269 0
      vertex 12.2778 -6.47782 0
    endloop
  endfacet
  facet normal 0 0 -1
    outer loop
      vertex 15.15 -10.25 0
      vertex 12.05 -6.65263 0
      vertex 12.1696 -6.57269 0
    endloop
  endfacet
  facet normal 0 0 -1
    outer loop
      vertex 15.15 -10.25 0
      vertex 11.921 -6.71627 0
      vertex 12.05 -6.65263 0
    endloop
  endfacet
  facet normal 0 0 -1
    outer loop
      vertex 15.15 -10.25 0
      vertex 11.7847 -6.76252 0
      vertex 11.921 -6.71627 0
    endloop
  endfacet
  facet normal 0 0 -1
    outer loop
      vertex 15.15 -10.25 0
      vertex 11.6436 -6.79059 0
      vertex 11.7847 -6.76252 0
    endloop
  endfacet
  facet normal 0 0 -1
    outer loop
      vertex 15.15 -10.25 0
      vertex 11.5 -6.8 0
      vertex 11.6436 -6.79059 0
    endloop
  endfacet
  facet normal 0 0 -1
    outer loop
      vertex 15.1594 -10.3936 0
      vertex 11.5 -6.8 0
      vertex 15.15 -10.25 0
    endloop
  endfacet
  facet normal -0 -0 -1
    outer loop
      vertex 11.3564 -6.79059 0
      vertex 15.1875 -10.5347 0
      vertex 11.2153 -6.76252 0
    endloop
  endfacet
  facet normal -0 -0 -1
    outer loop
      vertex 11.5 -6.8 0
      vertex 15.1594 -10.3936 0
      vertex 11.3564 -6.79059 0
    endloop
  endfacet
  facet normal 0 0 -1
    outer loop
      vertex 15.1875 -10.5347 0
      vertex 11.3564 -6.79059 0
      vertex 15.1594 -10.3936 0
    endloop
  endfacet
  facet normal 0 0 -1
    outer loop
      vertex 15.2337 -10.671 0
      vertex 11.2153 -6.76252 0
      vertex 15.1875 -10.5347 0
    endloop
  endfacet
  facet normal -0 0 -1
    outer loop
      vertex 10.95 -6.65263 0
      vertex -4 -22 0
      vertex 10.8304 -6.57269 0
    endloop
  endfacet
  facet normal -0 0 -1
    outer loop
      vertex 10.8304 -6.57269 0
      vertex -4 -22 0
      vertex 10.7222 -6.47782 0
    endloop
  endfacet
  facet normal -0 0 -1
    outer loop
      vertex 10.7222 -6.47782 0
      vertex -4 -22 0
      vertex 10.6273 -6.36964 0
    endloop
  endfacet
  facet normal -0 0 -1
    outer loop
      vertex 10.6273 -6.36964 0
      vertex -4 -22 0
      vertex 10.5474 -6.25 0
    endloop
  endfacet
  facet normal -0 0 -1
    outer loop
      vertex 10.5474 -6.25 0
      vertex -4 -22 0
      vertex 10.4837 -6.12095 0
    endloop
  endfacet
  facet normal -0 0 -1
    outer loop
      vertex 10.4837 -6.12095 0
      vertex -4 -22 0
      vertex 10.4375 -5.9847 0
    endloop
  endfacet
  facet normal -0 0 -1
    outer loop
      vertex 10.4094 -5.84358 0
      vertex -4 -22 0
      vertex 10.4 -5.7 0
    endloop
  endfacet
  facet normal -0 0 -1
    outer loop
      vertex 10.4375 -5.9847 0
      vertex -4 -22 0
      vertex 10.4094 -5.84358 0
    endloop
  endfacet
  facet normal 0 0 -1
    outer loop
      vertex 15.3773 -33.0804 0
      vertex -4 -30 0
      vertex -4 -22 0
    endloop
  endfacet
  facet normal 0 0 -1
    outer loop
      vertex 15.1875 -34.0347 0
      vertex -4 -30 0
      vertex 15.1594 -33.8936 0
    endloop
  endfacet
  facet normal 0 0 -1
    outer loop
      vertex 15.2337 -34.171 0
      vertex -4 -30 0
      vertex 15.1875 -34.0347 0
    endloop
  endfacet
  facet normal 0 0 -1
    outer loop
      vertex 15.2974 -34.3 0
      vertex -4 -30 0
      vertex 15.2337 -34.171 0
    endloop
  endfacet
  facet normal 0 0 -1
    outer loop
      vertex 15.3773 -34.4196 0
      vertex -4 -30 0
      vertex 15.2974 -34.3 0
    endloop
  endfacet
  facet normal 0 0 -1
    outer loop
      vertex 15.4722 -34.5278 0
      vertex -4 -30 0
      vertex 15.3773 -34.4196 0
    endloop
  endfacet
  facet normal 0 0 -1
    outer loop
      vertex 15.5804 -34.6227 0
      vertex -4 -30 0
      vertex 15.4722 -34.5278 0
    endloop
  endfacet
  facet normal 0 0 -1
    outer loop
      vertex 15.7 -34.7026 0
      vertex -4 -30 0
      vertex 15.5804 -34.6227 0
    endloop
  endfacet
  facet normal 0 0 -1
    outer loop
      vertex 15.829 -34.7663 0
      vertex -4 -30 0
      vertex 15.7 -34.7026 0
    endloop
  endfacet
  facet normal 0 0 -1
    outer loop
      vertex -47.175 -39.4289 0
      vertex 15.829 -34.7663 0
      vertex 15.9653 -34.8125 0
    endloop
  endfacet
  facet normal -0 0 -1
    outer loop
      vertex 16.1064 -34.8406 0
      vertex -60 -47 0
      vertex 15.9653 -34.8125 0
    endloop
  endfacet
  facet normal 0 -0 -1
    outer loop
      vertex -47.3686 -39.5244 0
      vertex 15.9653 -34.8125 0
      vertex -60 -47 0
    endloop
  endfacet
  facet normal 0 0 -1
    outer loop
      vertex -36 -16.5 0
      vertex -20 -22 0
      vertex -20 -30 0
    endloop
  endfacet
  facet normal -0 0 -1
    outer loop
      vertex 10.4375 5.4153 0
      vertex -32.1029 2.25 0
      vertex -4 22 0
    endloop
  endfacet
  facet normal 0 0 -1
    outer loop
      vertex -20 -22 0
      vertex -32.1029 -14.25 0
      vertex -32.1029 -9.75 0
    endloop
  endfacet
  facet normal 0 0 -1
    outer loop
      vertex -20 -22 0
      vertex -36 -16.5 0
      vertex -32.1029 -14.25 0
    endloop
  endfacet
  facet normal 0 0 -1
    outer loop
      vertex -46.3641 -37.7846 0
      vertex -20 -30 0
      vertex -46.35 -38 0
    endloop
  endfacet
  facet normal 0 0 -1
    outer loop
      vertex -44.1029 -9.75 0
      vertex -39.8971 -9.75 0
      vertex -39.8971 -14.25 0
    endloop
  endfacet
  facet normal 0 0 -1
    outer loop
      vertex -39.8971 -9.75 0
      vertex -44.1029 -9.75 0
      vertex -39.8971 -2.25 0
    endloop
  endfacet
  facet normal 0 0 -1
    outer loop
      vertex -39.8971 -2.25 0
      vertex -44.1029 -2.25 0
      vertex -39.8971 2.25 0
    endloop
  endfacet
  facet normal 0 0 -1
    outer loop
      vertex -44.1029 2.25 0
      vertex -39.8971 2.25 0
      vertex -44.1029 -2.25 0
    endloop
  endfacet
  facet normal 0 0 -1
    outer loop
      vertex -44.1029 -9.75 0
      vertex -39.8971 -14.25 0
      vertex -44.1029 -14.25 0
    endloop
  endfacet
  facet normal 0 0 -1
    outer loop
      vertex -46.4062 -37.5729 0
      vertex -20 -30 0
      vertex -46.3641 -37.7846 0
    endloop
  endfacet
  facet normal 0 0 -1
    outer loop
      vertex -36 -16.5 0
      vertex -44.1029 -14.25 0
      vertex -39.8971 -14.25 0
    endloop
  endfacet
  facet normal -0 0 -1
    outer loop
      vertex -4 -30 0
      vertex -47.175 -39.4289 0
      vertex -20 -30 0
    endloop
  endfacet
  facet normal 0 0 -1
    outer loop
      vertex -20 -30 0
      vertex -46.3641 -38.2154 0
      vertex -46.35 -38 0
    endloop
  endfacet
  facet normal 0 0 -1
    outer loop
      vertex -20 -30 0
      vertex -46.4062 -38.4271 0
      vertex -46.3641 -38.2154 0
    endloop
  endfacet
  facet normal 0 0 -1
    outer loop
      vertex -20 -30 0
      vertex -46.4756 -38.6314 0
      vertex -46.4062 -38.4271 0
    endloop
  endfacet
  facet normal 0 0 -1
    outer loop
      vertex -20 -30 0
      vertex -46.5711 -38.825 0
      vertex -46.4756 -38.6314 0
    endloop
  endfacet
  facet normal 0 0 -1
    outer loop
      vertex -20 -30 0
      vertex -46.691 -39.0045 0
      vertex -46.5711 -38.825 0
    endloop
  endfacet
  facet normal 0 0 -1
    outer loop
      vertex -20 -30 0
      vertex -46.8333 -39.1667 0
      vertex -46.691 -39.0045 0
    endloop
  endfacet
  facet normal 0 0 -1
    outer loop
      vertex -20 -30 0
      vertex -46.9955 -39.309 0
      vertex -46.8333 -39.1667 0
    endloop
  endfacet
  facet normal 0 0 -1
    outer loop
      vertex -20 -30 0
      vertex -47.175 -39.4289 0
      vertex -46.9955 -39.309 0
    endloop
  endfacet
  facet normal -0 0 -1
    outer loop
      vertex 15.829 -34.7663 0
      vertex -47.175 -39.4289 0
      vertex -4 -30 0
    endloop
  endfacet
  facet normal 0 -0 -1
    outer loop
      vertex -47.175 -39.4289 0
      vertex 15.9653 -34.8125 0
      vertex -47.3686 -39.5244 0
    endloop
  endfacet
  facet normal 0 0 -1
    outer loop
      vertex -47.3686 -39.5244 0
      vertex -60 -47 0
      vertex -47.5729 -39.5938 0
    endloop
  endfacet
  facet normal 0 0 -1
    outer loop
      vertex -47.5729 -39.5938 0
      vertex -60 -47 0
      vertex -47.7846 -39.6359 0
    endloop
  endfacet
  facet normal 0 0 -1
    outer loop
      vertex -47.7846 -39.6359 0
      vertex -60 -47 0
      vertex -48 -39.65 0
    endloop
  endfacet
  facet normal 0 0 -1
    outer loop
      vertex -60 -47 0
      vertex -49.65 -38 0
      vertex -49.6359 -38.2154 0
    endloop
  endfacet
  facet normal 0 0 -1
    outer loop
      vertex -68 -39 0
      vertex -51.8971 -9.75 0
      vertex -51.8971 -14.25 0
    endloop
  endfacet
  facet normal -0 0 -1
    outer loop
      vertex -51.8971 -9.75 0
      vertex -68 -39 0
      vertex -51.8971 -2.25 0
    endloop
  endfacet
  facet normal -0 0 -1
    outer loop
      vertex -51.8971 -2.25 0
      vertex -68 -39 0
      vertex -51.8971 2.25 0
    endloop
  endfacet
  facet normal 0 0 -1
    outer loop
      vertex -68 39 0
      vertex -51.8971 2.25 0
      vertex -68 -39 0
    endloop
  endfacet
  facet normal -0 0 -1
    outer loop
      vertex -49.1667 -36.8333 0
      vertex -68 -39 0
      vertex -51.8971 -14.25 0
    endloop
  endfacet
  facet normal 0 0 -1
    outer loop
      vertex -49.65 -38 0
      vertex -60 -47 0
      vertex -68 -39 0
    endloop
  endfacet
  facet normal -0 0 -1
    outer loop
      vertex -49.5938 -38.4271 0
      vertex -60 -47 0
      vertex -49.6359 -38.2154 0
    endloop
  endfacet
  facet normal -0 0 -1
    outer loop
      vertex -49.5244 -38.6314 0
      vertex -60 -47 0
      vertex -49.5938 -38.4271 0
    endloop
  endfacet
  facet normal -0 0 -1
    outer loop
      vertex -49.4289 -38.825 0
      vertex -60 -47 0
      vertex -49.5244 -38.6314 0
    endloop
  endfacet
  facet normal -0 0 -1
    outer loop
      vertex -49.309 -39.0045 0
      vertex -60 -47 0
      vertex -49.4289 -38.825 0
    endloop
  endfacet
  facet normal -0 0 -1
    outer loop
      vertex -49.1667 -39.1667 0
      vertex -60 -47 0
      vertex -49.309 -39.0045 0
    endloop
  endfacet
  facet normal -0 0 -1
    outer loop
      vertex -49.0045 -39.309 0
      vertex -60 -47 0
      vertex -49.1667 -39.1667 0
    endloop
  endfacet
  facet normal -0 0 -1
    outer loop
      vertex -48.825 -39.4289 0
      vertex -60 -47 0
      vertex -49.0045 -39.309 0
    endloop
  endfacet
  facet normal -0 0 -1
    outer loop
      vertex -48.6314 -39.5244 0
      vertex -60 -47 0
      vertex -48.825 -39.4289 0
    endloop
  endfacet
  facet normal -0 0 -1
    outer loop
      vertex -48.4271 -39.5938 0
      vertex -60 -47 0
      vertex -48.6314 -39.5244 0
    endloop
  endfacet
  facet normal -0 0 -1
    outer loop
      vertex -48.2154 -39.6359 0
      vertex -60 -47 0
      vertex -48.4271 -39.5938 0
    endloop
  endfacet
  facet normal -0 0 -1
    outer loop
      vertex -48 -39.65 0
      vertex -60 -47 0
      vertex -48.2154 -39.6359 0
    endloop
  endfacet
  facet normal 0 0 -1
    outer loop
      vertex 49.0045 36.691 0
      vertex 68 39 0
      vertex 63.5 6.2 0
    endloop
  endfacet
  facet normal 0 -0 -1
    outer loop
      vertex 49.5244 37.3686 0
      vertex 68 39 0
      vertex 49.4289 37.175 0
    endloop
  endfacet
  facet normal 0 -0 -1
    outer loop
      vertex 49.5938 37.5729 0
      vertex 68 39 0
      vertex 49.5244 37.3686 0
    endloop
  endfacet
  facet normal 0 -0 -1
    outer loop
      vertex 49.6359 37.7846 0
      vertex 68 39 0
      vertex 49.5938 37.5729 0
    endloop
  endfacet
  facet normal 0 -0 -1
    outer loop
      vertex 49.65 38 0
      vertex 68 39 0
      vertex 49.6359 37.7846 0
    endloop
  endfacet
  facet normal 0 0 -1
    outer loop
      vertex 68 39 0
      vertex 60 47 0
      vertex 64 45.9282 0
    endloop
  endfacet
  facet normal -0 0 -1
    outer loop
      vertex 68 39 0
      vertex 49.65 38 0
      vertex 60 47 0
    endloop
  endfacet
  facet normal 0 0 -1
    outer loop
      vertex 62.0706 46.7274 0
      vertex 60 47 0
      vertex 61.0442 46.9316 0
    endloop
  endfacet
  facet normal 0 0 -1
    outer loop
      vertex 63.0615 46.391 0
      vertex 60 47 0
      vertex 62.0706 46.7274 0
    endloop
  endfacet
  facet normal 0 0 -1
    outer loop
      vertex 64 45.9282 0
      vertex 60 47 0
      vertex 63.0615 46.391 0
    endloop
  endfacet
  facet normal 0 0 -1
    outer loop
      vertex 68 39 0
      vertex 49.309 36.9955 0
      vertex 49.4289 37.175 0
    endloop
  endfacet
  facet normal 0 0 -1
    outer loop
      vertex 68 39 0
      vertex 49.1667 36.8333 0
      vertex 49.309 36.9955 0
    endloop
  endfacet
  facet normal 0 0 -1
    outer loop
      vertex 68 39 0
      vertex 49.0045 36.691 0
      vertex 49.1667 36.8333 0
    endloop
  endfacet
  facet normal 0 0 -1
    outer loop
      vertex 63.5 6.2 0
      vertex 48.825 36.5711 0
      vertex 49.0045 36.691 0
    endloop
  endfacet
  facet normal 0 0 -1
    outer loop
      vertex 63.5 6.2 0
      vertex 48.6314 36.4756 0
      vertex 48.825 36.5711 0
    endloop
  endfacet
  facet normal 0 0 -1
    outer loop
      vertex 63.5 6.2 0
      vertex 48.4271 36.4062 0
      vertex 48.6314 36.4756 0
    endloop
  endfacet
  facet normal 0 0 -1
    outer loop
      vertex 36.5906 21.8564 0
      vertex 48.4271 36.4062 0
      vertex 63.5 6.2 0
    endloop
  endfacet
  facet normal 0 0 -1
    outer loop
      vertex 48.4271 36.4062 0
      vertex 36.6 22 0
      vertex 48.2154 36.3641 0
    endloop
  endfacet
  facet normal 0 0 -1
    outer loop
      vertex 36.5906 22.1436 0
      vertex 48.2154 36.3641 0
      vertex 36.6 22 0
    endloop
  endfacet
  facet normal 0 0 -1
    outer loop
      vertex 48.2154 36.3641 0
      vertex 36.5906 22.1436 0
      vertex 48 36.35 0
    endloop
  endfacet
  facet normal 0 0 -1
    outer loop
      vertex 36.5625 22.2847 0
      vertex 48 36.35 0
      vertex 36.5906 22.1436 0
    endloop
  endfacet
  facet normal -0 0 -1
    outer loop
      vertex 48 36.35 0
      vertex 36.5625 22.2847 0
      vertex 47.7846 36.3641 0
    endloop
  endfacet
  facet normal 0 0 -1
    outer loop
      vertex 36.5163 22.421 0
      vertex 47.7846 36.3641 0
      vertex 36.5625 22.2847 0
    endloop
  endfacet
  facet normal -0 0 -1
    outer loop
      vertex 47.7846 36.3641 0
      vertex 36.5163 22.421 0
      vertex 47.5729 36.4062 0
    endloop
  endfacet
  facet normal 0 0 -1
    outer loop
      vertex 36.4526 22.55 0
      vertex 47.5729 36.4062 0
      vertex 36.5163 22.421 0
    endloop
  endfacet
  facet normal -0 0 -1
    outer loop
      vertex 47.5729 36.4062 0
      vertex 36.4526 22.55 0
      vertex 47.3686 36.4756 0
    endloop
  endfacet
  facet normal -0 0 -1
    outer loop
      vertex 47.175 36.5711 0
      vertex 36.2778 22.7778 0
      vertex 46.9955 36.691 0
    endloop
  endfacet
  facet normal 0 0 -1
    outer loop
      vertex 36.2778 22.7778 0
      vertex 47.175 36.5711 0
      vertex 36.3727 22.6696 0
    endloop
  endfacet
  facet normal -0 0 -1
    outer loop
      vertex 47.3686 36.4756 0
      vertex 36.3727 22.6696 0
      vertex 47.175 36.5711 0
    endloop
  endfacet
  facet normal 0 0 -1
    outer loop
      vertex 36.3727 22.6696 0
      vertex 47.3686 36.4756 0
      vertex 36.4526 22.55 0
    endloop
  endfacet
  facet normal 0 0 -1
    outer loop
      vertex 36.5906 21.8564 0
      vertex 63.5 6.2 0
      vertex 40.5 6.2 0
    endloop
  endfacet
  facet normal 0 0 -1
    outer loop
      vertex 49.6359 38.2154 0
      vertex 60 47 0
      vertex 49.65 38 0
    endloop
  endfacet
  facet normal 0 0 -1
    outer loop
      vertex 49.5938 38.4271 0
      vertex 60 47 0
      vertex 49.6359 38.2154 0
    endloop
  endfacet
  facet normal 0 0 -1
    outer loop
      vertex 49.5244 38.6314 0
      vertex 60 47 0
      vertex 49.5938 38.4271 0
    endloop
  endfacet
  facet normal 0 0 -1
    outer loop
      vertex 49.4289 38.825 0
      vertex 60 47 0
      vertex 49.5244 38.6314 0
    endloop
  endfacet
  facet normal 0 0 -1
    outer loop
      vertex 49.309 39.0045 0
      vertex 60 47 0
      vertex 49.4289 38.825 0
    endloop
  endfacet
  facet normal 0 0 -1
    outer loop
      vertex 49.1667 39.1667 0
      vertex 60 47 0
      vertex 49.309 39.0045 0
    endloop
  endfacet
  facet normal 0 0 -1
    outer loop
      vertex 49.0045 39.309 0
      vertex 60 47 0
      vertex 49.1667 39.1667 0
    endloop
  endfacet
  facet normal 0 0 -1
    outer loop
      vertex 48.825 39.4289 0
      vertex 60 47 0
      vertex 49.0045 39.309 0
    endloop
  endfacet
  facet normal 0 0 -1
    outer loop
      vertex 48.6314 39.5244 0
      vertex 60 47 0
      vertex 48.825 39.4289 0
    endloop
  endfacet
  facet normal 0 0 -1
    outer loop
      vertex 48.4271 39.5938 0
      vertex 60 47 0
      vertex 48.6314 39.5244 0
    endloop
  endfacet
  facet normal 0 0 -1
    outer loop
      vertex 48.2154 39.6359 0
      vertex 60 47 0
      vertex 48.4271 39.5938 0
    endloop
  endfacet
  facet normal 0 0 -1
    outer loop
      vertex 48 39.65 0
      vertex 60 47 0
      vertex 48.2154 39.6359 0
    endloop
  endfacet
  facet normal 0 0 -1
    outer loop
      vertex 47.7846 39.6359 0
      vertex 60 47 0
      vertex 48 39.65 0
    endloop
  endfacet
  facet normal 0 0 -1
    outer loop
      vertex 47.5729 39.5938 0
      vertex 60 47 0
      vertex 47.7846 39.6359 0
    endloop
  endfacet
  facet normal 0 0 -1
    outer loop
      vertex 47.3686 39.5244 0
      vertex 60 47 0
      vertex 47.5729 39.5938 0
    endloop
  endfacet
  facet normal 0 0 -1
    outer loop
      vertex 47.175 39.4289 0
      vertex 60 47 0
      vertex 47.3686 39.5244 0
    endloop
  endfacet
  facet normal 0 0 -1
    outer loop
      vertex 36.1696 22.8727 0
      vertex 46.9955 36.691 0
      vertex 36.2778 22.7778 0
    endloop
  endfacet
  facet normal 0 0 -1
    outer loop
      vertex 40.171 -9.23373 0
      vertex 40.5 -6.2 0
      vertex 40.3 -9.29737 0
    endloop
  endfacet
  facet normal 0 0 -1
    outer loop
      vertex 40.0347 -9.18748 0
      vertex 40.5 -6.2 0
      vertex 40.171 -9.23373 0
    endloop
  endfacet
  facet normal 0 0 -1
    outer loop
      vertex 39.8936 -9.15941 0
      vertex 40.5 -6.2 0
      vertex 40.0347 -9.18748 0
    endloop
  endfacet
  facet normal 0 0 -1
    outer loop
      vertex 39.75 -9.15 0
      vertex 40.5 -6.2 0
      vertex 39.8936 -9.15941 0
    endloop
  endfacet
  facet normal 0 0 -1
    outer loop
      vertex 39.6064 -9.15941 0
      vertex 40.5 -6.2 0
      vertex 39.75 -9.15 0
    endloop
  endfacet
  facet normal 0 0 -1
    outer loop
      vertex 39.4653 -9.18748 0
      vertex 40.5 -6.2 0
      vertex 39.6064 -9.15941 0
    endloop
  endfacet
  facet normal 0 0 -1
    outer loop
      vertex 39.329 -9.23373 0
      vertex 40.5 -6.2 0
      vertex 39.4653 -9.18748 0
    endloop
  endfacet
  facet normal 0 0 -1
    outer loop
      vertex 40.5 -6.2 0
      vertex 39.35 0 0
      vertex 40.5 6.2 0
    endloop
  endfacet
  facet normal 0 0 -1
    outer loop
      vertex 39.3406 0.143579 0
      vertex 40.5 6.2 0
      vertex 39.35 0 0
    endloop
  endfacet
  facet normal 0 0 -1
    outer loop
      vertex 39.3125 0.2847 0
      vertex 40.5 6.2 0
      vertex 39.3406 0.143579 0
    endloop
  endfacet
  facet normal 0 0 -1
    outer loop
      vertex 39.2663 0.420951 0
      vertex 40.5 6.2 0
      vertex 39.3125 0.2847 0
    endloop
  endfacet
  facet normal 0 0 -1
    outer loop
      vertex 39.2026 0.549999 0
      vertex 40.5 6.2 0
      vertex 39.2663 0.420951 0
    endloop
  endfacet
  facet normal 0 0 -1
    outer loop
      vertex 39.1227 0.669637 0
      vertex 40.5 6.2 0
      vertex 39.2026 0.549999 0
    endloop
  endfacet
  facet normal 0 0 -1
    outer loop
      vertex 39.0278 0.777817 0
      vertex 40.5 6.2 0
      vertex 39.1227 0.669637 0
    endloop
  endfacet
  facet normal 0 0 -1
    outer loop
      vertex 38.9196 0.872688 0
      vertex 40.5 6.2 0
      vertex 39.0278 0.777817 0
    endloop
  endfacet
  facet normal 0 0 -1
    outer loop
      vertex 38.8 0.952627 0
      vertex 40.5 6.2 0
      vertex 38.9196 0.872688 0
    endloop
  endfacet
  facet normal -0 0 -1
    outer loop
      vertex 46.9955 36.691 0
      vertex 36.1696 22.8727 0
      vertex 46.8333 36.8333 0
    endloop
  endfacet
  facet normal 0 0 -1
    outer loop
      vertex 38.671 1.01627 0
      vertex 40.5 6.2 0
      vertex 38.8 0.952627 0
    endloop
  endfacet
  facet normal 0 0 -1
    outer loop
      vertex 38.5347 1.06252 0
      vertex 40.5 6.2 0
      vertex 38.671 1.01627 0
    endloop
  endfacet
  facet normal 0 0 -1
    outer loop
      vertex 38.3936 1.09059 0
      vertex 40.5 6.2 0
      vertex 38.5347 1.06252 0
    endloop
  endfacet
  facet normal 0 0 -1
    outer loop
      vertex 38.25 1.1 0
      vertex 40.5 6.2 0
      vertex 38.3936 1.09059 0
    endloop
  endfacet
  facet normal 0 0 -1
    outer loop
      vertex 38.1064 1.09059 0
      vertex 40.5 6.2 0
      vertex 38.25 1.1 0
    endloop
  endfacet
  facet normal 0 0 -1
    outer loop
      vertex 37.9653 1.06252 0
      vertex 40.5 6.2 0
      vertex 38.1064 1.09059 0
    endloop
  endfacet
  facet normal 0 0 -1
    outer loop
      vertex 37.829 1.01627 0
      vertex 40.5 6.2 0
      vertex 37.9653 1.06252 0
    endloop
  endfacet
  facet normal 0 0 -1
    outer loop
      vertex 37.7 0.952627 0
      vertex 40.5 6.2 0
      vertex 37.829 1.01627 0
    endloop
  endfacet
  facet normal 0 0 -1
    outer loop
      vertex 37.5804 0.872688 0
      vertex 40.5 6.2 0
      vertex 37.7 0.952627 0
    endloop
  endfacet
  facet normal 0 0 -1
    outer loop
      vertex 37.4722 0.777817 0
      vertex 40.5 6.2 0
      vertex 37.5804 0.872688 0
    endloop
  endfacet
  facet normal 0 0 -1
    outer loop
      vertex 36.5906 21.8564 0
      vertex 40.5 6.2 0
      vertex 37.4722 0.777817 0
    endloop
  endfacet
  facet normal 0 0 -1
    outer loop
      vertex 36.5906 21.8564 0
      vertex 37.4722 0.777817 0
      vertex 37.3773 0.669637 0
    endloop
  endfacet
  facet normal 0 0 -1
    outer loop
      vertex 36.5906 21.8564 0
      vertex 37.3773 0.669637 0
      vertex 37.2974 0.549999 0
    endloop
  endfacet
  facet normal 0 0 -1
    outer loop
      vertex 36.5906 21.8564 0
      vertex 37.2974 0.549999 0
      vertex 37.2337 0.420951 0
    endloop
  endfacet
  facet normal 0 0 -1
    outer loop
      vertex 36.5906 21.8564 0
      vertex 37.2337 0.420951 0
      vertex 37.1875 0.2847 0
    endloop
  endfacet
  facet normal 0 0 -1
    outer loop
      vertex 17.2026 -9.7 0
      vertex 37.2337 -0.420951 0
      vertex 17.2663 -9.82905 0
    endloop
  endfacet
  facet normal -0 0 -1
    outer loop
      vertex 37.2337 -0.420951 0
      vertex 17.2026 -9.7 0
      vertex 37.1875 -0.2847 0
    endloop
  endfacet
  facet normal 0 0 -1
    outer loop
      vertex 36.5906 21.8564 0
      vertex 37.1594 0.143579 0
      vertex 37.15 0 0
    endloop
  endfacet
  facet normal 0 0 -1
    outer loop
      vertex 36.5906 21.8564 0
      vertex 37.1875 0.2847 0
      vertex 37.1594 0.143579 0
    endloop
  endfacet
  facet normal 0 0 -1
    outer loop
      vertex 36.05 22.9526 0
      vertex 46.8333 36.8333 0
      vertex 36.1696 22.8727 0
    endloop
  endfacet
  facet normal -0 0 -1
    outer loop
      vertex 46.8333 36.8333 0
      vertex 36.05 22.9526 0
      vertex 46.691 36.9955 0
    endloop
  endfacet
  facet normal 0 0 -1
    outer loop
      vertex 35.921 23.0163 0
      vertex 46.691 36.9955 0
      vertex 36.05 22.9526 0
    endloop
  endfacet
  facet normal -0 0 -1
    outer loop
      vertex 46.691 36.9955 0
      vertex 35.921 23.0163 0
      vertex 46.5711 37.175 0
    endloop
  endfacet
  facet normal 0 0 -1
    outer loop
      vertex 35.7847 23.0625 0
      vertex 46.5711 37.175 0
      vertex 35.921 23.0163 0
    endloop
  endfacet
  facet normal -0 0 -1
    outer loop
      vertex 46.5711 37.175 0
      vertex 35.7847 23.0625 0
      vertex 46.4756 37.3686 0
    endloop
  endfacet
  facet normal 0 0 -1
    outer loop
      vertex 35.6436 23.0906 0
      vertex 46.4756 37.3686 0
      vertex 35.7847 23.0625 0
    endloop
  endfacet
  facet normal 0 0 -1
    outer loop
      vertex 35.5 23.1 0
      vertex 46.4756 37.3686 0
      vertex 35.6436 23.0906 0
    endloop
  endfacet
  facet normal -0 0 -1
    outer loop
      vertex 46.4756 37.3686 0
      vertex 35.5 23.1 0
      vertex 46.4062 37.5729 0
    endloop
  endfacet
  facet normal 0 0 -1
    outer loop
      vertex 29.5 24.5981 0
      vertex 46.4062 37.5729 0
      vertex 35.5 23.1 0
    endloop
  endfacet
  facet normal -0 0 -1
    outer loop
      vertex 46.4062 37.5729 0
      vertex 29.5 24.5981 0
      vertex 46.3641 37.7846 0
    endloop
  endfacet
  facet normal 0 0 -1
    outer loop
      vertex 29.148 24.7716 0
      vertex 46.3641 37.7846 0
      vertex 29.5 24.5981 0
    endloop
  endfacet
  facet normal -0 0 -1
    outer loop
      vertex 46.3641 37.7846 0
      vertex 29.148 24.7716 0
      vertex 46.35 38 0
    endloop
  endfacet
  facet normal 0 0 -1
    outer loop
      vertex 28.7765 24.8978 0
      vertex 46.35 38 0
      vertex 29.148 24.7716 0
    endloop
  endfacet
  facet normal -0 0 -1
    outer loop
      vertex 46.35 38 0
      vertex 28.7765 24.8978 0
      vertex 46.3641 38.2154 0
    endloop
  endfacet
  facet normal 0 0 -1
    outer loop
      vertex 28.3916 24.9743 0
      vertex 46.3641 38.2154 0
      vertex 28.7765 24.8978 0
    endloop
  endfacet
  facet normal 0 0 -1
    outer loop
      vertex 29.5 24.5981 0
      vertex 35.5 23.1 0
      vertex 35.3564 23.0906 0
    endloop
  endfacet
  facet normal 0 0 -1
    outer loop
      vertex 29.8263 24.3801 0
      vertex 35.3564 23.0906 0
      vertex 35.2153 23.0625 0
    endloop
  endfacet
  facet normal 0 0 -1
    outer loop
      vertex 30.1213 24.1213 0
      vertex 35.2153 23.0625 0
      vertex 35.079 23.0163 0
    endloop
  endfacet
  facet normal 0 0 -1
    outer loop
      vertex 30.3801 23.8263 0
      vertex 35.079 23.0163 0
      vertex 34.95 22.9526 0
    endloop
  endfacet
  facet normal 0 0 -1
    outer loop
      vertex 30.3801 23.8263 0
      vertex 34.95 22.9526 0
      vertex 34.8304 22.8727 0
    endloop
  endfacet
  facet normal 0 0 -1
    outer loop
      vertex 30.5981 23.5 0
      vertex 34.8304 22.8727 0
      vertex 34.7222 22.7778 0
    endloop
  endfacet
  facet normal 0 0 -1
    outer loop
      vertex 30.7716 23.148 0
      vertex 34.7222 22.7778 0
      vertex 34.6273 22.6696 0
    endloop
  endfacet
  facet normal 0 0 -1
    outer loop
      vertex 31 22 0
      vertex 34.4094 22.1436 0
      vertex 34.4 22 0
    endloop
  endfacet
  facet normal 0 0 -1
    outer loop
      vertex 30.9743 22.3916 0
      vertex 34.4094 22.1436 0
      vertex 31 22 0
    endloop
  endfacet
  facet normal 0 0 -1
    outer loop
      vertex 34.4094 22.1436 0
      vertex 30.9743 22.3916 0
      vertex 34.4375 22.2847 0
    endloop
  endfacet
  facet normal 0 0 -1
    outer loop
      vertex 34.4375 22.2847 0
      vertex 30.9743 22.3916 0
      vertex 34.4837 22.421 0
    endloop
  endfacet
  facet normal 0 0 -1
    outer loop
      vertex 30.8978 22.7765 0
      vertex 34.4837 22.421 0
      vertex 30.9743 22.3916 0
    endloop
  endfacet
  facet normal 0 0 -1
    outer loop
      vertex 34.4837 22.421 0
      vertex 30.8978 22.7765 0
      vertex 34.5474 22.55 0
    endloop
  endfacet
  facet normal 0 0 -1
    outer loop
      vertex 30.7716 23.148 0
      vertex 34.5474 22.55 0
      vertex 30.8978 22.7765 0
    endloop
  endfacet
  facet normal 0 0 -1
    outer loop
      vertex 34.5474 22.55 0
      vertex 30.7716 23.148 0
      vertex 34.6273 22.6696 0
    endloop
  endfacet
  facet normal 0 0 -1
    outer loop
      vertex 34.7222 22.7778 0
      vertex 30.7716 23.148 0
      vertex 30.5981 23.5 0
    endloop
  endfacet
  facet normal 0 0 -1
    outer loop
      vertex 34.8304 22.8727 0
      vertex 30.5981 23.5 0
      vertex 30.3801 23.8263 0
    endloop
  endfacet
  facet normal 0 0 -1
    outer loop
      vertex 35.079 23.0163 0
      vertex 30.3801 23.8263 0
      vertex 30.1213 24.1213 0
    endloop
  endfacet
  facet normal 0 0 -1
    outer loop
      vertex 35.2153 23.0625 0
      vertex 30.1213 24.1213 0
      vertex 29.8263 24.3801 0
    endloop
  endfacet
  facet normal 0 0 -1
    outer loop
      vertex 35.3564 23.0906 0
      vertex 29.8263 24.3801 0
      vertex 29.5 24.5981 0
    endloop
  endfacet
  facet normal -0 0 -1
    outer loop
      vertex 46.3641 38.2154 0
      vertex 28.3916 24.9743 0
      vertex 46.4062 38.4271 0
    endloop
  endfacet
  facet normal 0 0 -1
    outer loop
      vertex 28 25 0
      vertex 46.4062 38.4271 0
      vertex 28.3916 24.9743 0
    endloop
  endfacet
  facet normal -0 0 -1
    outer loop
      vertex 46.4062 38.4271 0
      vertex 28 25 0
      vertex 46.4756 38.6314 0
    endloop
  endfacet
  facet normal 0 0 -1
    outer loop
      vertex 27.6084 24.9743 0
      vertex 46.4756 38.6314 0
      vertex 28 25 0
    endloop
  endfacet
  facet normal -0 0 -1
    outer loop
      vertex 46.4756 38.6314 0
      vertex 27.6084 24.9743 0
      vertex 46.5711 38.825 0
    endloop
  endfacet
  facet normal 0 0 -1
    outer loop
      vertex 27.2235 24.8978 0
      vertex 46.5711 38.825 0
      vertex 27.6084 24.9743 0
    endloop
  endfacet
  facet normal -0 0 -1
    outer loop
      vertex 46.5711 38.825 0
      vertex 27.2235 24.8978 0
      vertex 46.691 39.0045 0
    endloop
  endfacet
  facet normal 0 0 -1
    outer loop
      vertex -4 30 0
      vertex 46.691 39.0045 0
      vertex 27.2235 24.8978 0
    endloop
  endfacet
  facet normal -0 0 -1
    outer loop
      vertex 46.691 39.0045 0
      vertex -4 30 0
      vertex 46.8333 39.1667 0
    endloop
  endfacet
  facet normal 0 0 -1
    outer loop
      vertex -4 30 0
      vertex 27.2235 24.8978 0
      vertex 26.852 24.7716 0
    endloop
  endfacet
  facet normal 0 0 -1
    outer loop
      vertex 20.5 23.1 0
      vertex 26.852 24.7716 0
      vertex 26.5 24.5981 0
    endloop
  endfacet
  facet normal 0 0 -1
    outer loop
      vertex 20.6436 23.0906 0
      vertex 26.5 24.5981 0
      vertex 26.1737 24.3801 0
    endloop
  endfacet
  facet normal 0 0 -1
    outer loop
      vertex 21.5906 22.1436 0
      vertex 25 22 0
      vertex 21.6 22 0
    endloop
  endfacet
  facet normal 0 0 -1
    outer loop
      vertex 25 22 0
      vertex 21.5906 22.1436 0
      vertex 25.0257 22.3916 0
    endloop
  endfacet
  facet normal 0 0 -1
    outer loop
      vertex 21.5625 22.2847 0
      vertex 25.0257 22.3916 0
      vertex 21.5906 22.1436 0
    endloop
  endfacet
  facet normal -0 0 -1
    outer loop
      vertex 25.0257 22.3916 0
      vertex 21.5625 22.2847 0
      vertex 25.1022 22.7765 0
    endloop
  endfacet
  facet normal 0 0 -1
    outer loop
      vertex 21.5163 22.421 0
      vertex 25.1022 22.7765 0
      vertex 21.5625 22.2847 0
    endloop
  endfacet
  facet normal 0 0 -1
    outer loop
      vertex 21.4526 22.55 0
      vertex 25.1022 22.7765 0
      vertex 21.5163 22.421 0
    endloop
  endfacet
  facet normal -0 0 -1
    outer loop
      vertex 25.1022 22.7765 0
      vertex 21.4526 22.55 0
      vertex 25.2284 23.148 0
    endloop
  endfacet
  facet normal 0 0 -1
    outer loop
      vertex 21.3727 22.6696 0
      vertex 25.2284 23.148 0
      vertex 21.4526 22.55 0
    endloop
  endfacet
  facet normal 0 0 -1
    outer loop
      vertex 21.2778 22.7778 0
      vertex 25.2284 23.148 0
      vertex 21.3727 22.6696 0
    endloop
  endfacet
  facet normal -0 0 -1
    outer loop
      vertex 25.2284 23.148 0
      vertex 21.2778 22.7778 0
      vertex 25.4019 23.5 0
    endloop
  endfacet
  facet normal 0 0 -1
    outer loop
      vertex 21.1696 22.8727 0
      vertex 25.4019 23.5 0
      vertex 21.2778 22.7778 0
    endloop
  endfacet
  facet normal -0 0 -1
    outer loop
      vertex 25.4019 23.5 0
      vertex 21.1696 22.8727 0
      vertex 25.6199 23.8263 0
    endloop
  endfacet
  facet normal 0 0 -1
    outer loop
      vertex 21.05 22.9526 0
      vertex 25.6199 23.8263 0
      vertex 21.1696 22.8727 0
    endloop
  endfacet
  facet normal 0 0 -1
    outer loop
      vertex 20.921 23.0163 0
      vertex 25.6199 23.8263 0
      vertex 21.05 22.9526 0
    endloop
  endfacet
  facet normal -0 0 -1
    outer loop
      vertex 25.6199 23.8263 0
      vertex 20.921 23.0163 0
      vertex 25.8787 24.1213 0
    endloop
  endfacet
  facet normal 0 0 -1
    outer loop
      vertex 20.7847 23.0625 0
      vertex 25.8787 24.1213 0
      vertex 20.921 23.0163 0
    endloop
  endfacet
  facet normal -0 0 -1
    outer loop
      vertex 25.8787 24.1213 0
      vertex 20.7847 23.0625 0
      vertex 26.1737 24.3801 0
    endloop
  endfacet
  facet normal 0 0 -1
    outer loop
      vertex 20.6436 23.0906 0
      vertex 26.1737 24.3801 0
      vertex 20.7847 23.0625 0
    endloop
  endfacet
  facet normal 0 0 -1
    outer loop
      vertex 26.5 24.5981 0
      vertex 20.6436 23.0906 0
      vertex 20.5 23.1 0
    endloop
  endfacet
  facet normal 0 0 -1
    outer loop
      vertex 26.852 24.7716 0
      vertex 20.5 23.1 0
      vertex 20.3564 23.0906 0
    endloop
  endfacet
  facet normal -0 0 -1
    outer loop
      vertex 26.852 24.7716 0
      vertex 20.3564 23.0906 0
      vertex -4 30 0
    endloop
  endfacet
  facet normal -0 0 -1
    outer loop
      vertex 46.8333 39.1667 0
      vertex -4 30 0
      vertex 46.9955 39.309 0
    endloop
  endfacet
  facet normal 0 0 -1
    outer loop
      vertex -4 30 0
      vertex 20.3564 23.0906 0
      vertex 20.2153 23.0625 0
    endloop
  endfacet
  facet normal 0 0 -1
    outer loop
      vertex -4 30 0
      vertex 20.2153 23.0625 0
      vertex 20.079 23.0163 0
    endloop
  endfacet
  facet normal 0 0 -1
    outer loop
      vertex -4 30 0
      vertex 20.079 23.0163 0
      vertex 19.95 22.9526 0
    endloop
  endfacet
  facet normal 0 0 -1
    outer loop
      vertex 17.3125 -33.4653 0
      vertex 19 -28 0
      vertex 17.3406 -33.6064 0
    endloop
  endfacet
  facet normal 0 0 -1
    outer loop
      vertex 17.3406 -10.1064 0
      vertex 19 -16 0
      vertex 17.35 -10.25 0
    endloop
  endfacet
  facet normal 0 0 -1
    outer loop
      vertex 17.3125 -9.9653 0
      vertex 19 -16 0
      vertex 17.3406 -10.1064 0
    endloop
  endfacet
  facet normal 0 0 -1
    outer loop
      vertex 26.5 19.4019 0
      vertex 20.6436 20.9094 0
      vertex 26.1737 19.6199 0
    endloop
  endfacet
  facet normal 0 0 -1
    outer loop
      vertex 12.1696 6.57269 0
      vertex 20.2153 20.9375 0
      vertex 12.2778 6.47782 0
    endloop
  endfacet
  facet normal -0 0 -1
    outer loop
      vertex 20.2153 20.9375 0
      vertex 12.1696 6.57269 0
      vertex 20.079 20.9837 0
    endloop
  endfacet
  facet normal 0 0 -1
    outer loop
      vertex 12.05 6.65263 0
      vertex 20.079 20.9837 0
      vertex 12.1696 6.57269 0
    endloop
  endfacet
  facet normal -0 0 -1
    outer loop
      vertex 20.079 20.9837 0
      vertex 12.05 6.65263 0
      vertex 19.95 21.0474 0
    endloop
  endfacet
  facet normal -0 0 -1
    outer loop
      vertex 26.852 19.2284 0
      vertex 12.5163 6.12095 0
      vertex 26.5 19.4019 0
    endloop
  endfacet
  facet normal -0 0 -1
    outer loop
      vertex 37.15 0 0
      vertex 16.9196 -9.37731 0
      vertex 12.6 5.7 0
    endloop
  endfacet
  facet normal 0 0 -1
    outer loop
      vertex 12.6 5.7 0
      vertex 16.9196 -9.37731 0
      vertex 16.8 -9.29737 0
    endloop
  endfacet
  facet normal 0 0 -1
    outer loop
      vertex 12.6 5.7 0
      vertex 16.8 -9.29737 0
      vertex 16.671 -9.23373 0
    endloop
  endfacet
  facet normal 0 0 -1
    outer loop
      vertex 12.5625 -5.4153 0
      vertex 16.3936 -9.15941 0
      vertex 12.5906 -5.55642 0
    endloop
  endfacet
  facet normal 0 0 -1
    outer loop
      vertex 16.25 -9.15 0
      vertex 12.5906 -5.55642 0
      vertex 16.3936 -9.15941 0
    endloop
  endfacet
  facet normal 0 0 -1
    outer loop
      vertex 12.5906 -5.55642 0
      vertex 16.25 -9.15 0
      vertex 12.6 -5.7 0
    endloop
  endfacet
  facet normal 0 0 -1
    outer loop
      vertex 12.6 -5.7 0
      vertex 16.25 -9.15 0
      vertex 16.1064 -9.15941 0
    endloop
  endfacet
  facet normal 0 0 -1
    outer loop
      vertex 12.6 -5.7 0
      vertex 16.1064 -9.15941 0
      vertex 15.9653 -9.18748 0
    endloop
  endfacet
  facet normal 0 0 -1
    outer loop
      vertex 12.6 -5.7 0
      vertex 15.9653 -9.18748 0
      vertex 15.829 -9.23373 0
    endloop
  endfacet
  facet normal 0 0 -1
    outer loop
      vertex 12.6 -5.7 0
      vertex 15.829 -9.23373 0
      vertex 15.7 -9.29737 0
    endloop
  endfacet
  facet normal 0 0 -1
    outer loop
      vertex 12.6 -5.7 0
      vertex 15.7 -9.29737 0
      vertex 15.5804 -9.37731 0
    endloop
  endfacet
  facet normal 0 0 -1
    outer loop
      vertex 12.6 -5.7 0
      vertex 15.5804 -9.37731 0
      vertex 15.4722 -9.47218 0
    endloop
  endfacet
  facet normal 0 0 -1
    outer loop
      vertex 12.6 -5.7 0
      vertex 15.4722 -9.47218 0
      vertex 15.3773 -9.58036 0
    endloop
  endfacet
  facet normal 0 0 -1
    outer loop
      vertex 12.6 -5.7 0
      vertex 15.3773 -9.58036 0
      vertex 15.2974 -9.7 0
    endloop
  endfacet
  facet normal 0 0 -1
    outer loop
      vertex 12.6 -5.7 0
      vertex 15.2974 -9.7 0
      vertex 15.2337 -9.82905 0
    endloop
  endfacet
  facet normal 0 0 -1
    outer loop
      vertex 12.6 -5.7 0
      vertex 15.2337 -9.82905 0
      vertex 15.1875 -9.9653 0
    endloop
  endfacet
  facet normal 0 0 -1
    outer loop
      vertex 12.6 -5.7 0
      vertex 15.1875 -9.9653 0
      vertex 15.1594 -10.1064 0
    endloop
  endfacet
  facet normal 0 0 -1
    outer loop
      vertex 12.6 -5.7 0
      vertex 15.1594 -10.1064 0
      vertex 15.15 -10.25 0
    endloop
  endfacet
  facet normal 0 0 -1
    outer loop
      vertex 16.3936 -9.15941 0
      vertex 12.5625 -5.4153 0
      vertex 16.5347 -9.18748 0
    endloop
  endfacet
  facet normal 0 0 -1
    outer loop
      vertex 11.921 6.71627 0
      vertex 19.95 21.0474 0
      vertex 12.05 6.65263 0
    endloop
  endfacet
  facet normal -0 0 -1
    outer loop
      vertex 19.95 21.0474 0
      vertex 11.921 6.71627 0
      vertex 19.8304 21.1273 0
    endloop
  endfacet
  facet normal 0 0 -1
    outer loop
      vertex 11.7847 6.76252 0
      vertex 19.8304 21.1273 0
      vertex 11.921 6.71627 0
    endloop
  endfacet
  facet normal -0 0 -1
    outer loop
      vertex 19.8304 21.1273 0
      vertex 11.7847 6.76252 0
      vertex 19.7222 21.2222 0
    endloop
  endfacet
  facet normal 0 0 -1
    outer loop
      vertex 11.6436 6.79059 0
      vertex 19.7222 21.2222 0
      vertex 11.7847 6.76252 0
    endloop
  endfacet
  facet normal -0 0 -1
    outer loop
      vertex 19.7222 21.2222 0
      vertex 11.6436 6.79059 0
      vertex 19.6273 21.3304 0
    endloop
  endfacet
  facet normal 0 0 -1
    outer loop
      vertex 11.5 6.8 0
      vertex 19.6273 21.3304 0
      vertex 11.6436 6.79059 0
    endloop
  endfacet
  facet normal -0 0 -1
    outer loop
      vertex 19.6273 21.3304 0
      vertex 11.5 6.8 0
      vertex 19.5474 21.45 0
    endloop
  endfacet
  facet normal 0 0 -1
    outer loop
      vertex 11.3564 6.79059 0
      vertex 19.5474 21.45 0
      vertex 11.5 6.8 0
    endloop
  endfacet
  facet normal -0 0 -1
    outer loop
      vertex 19.5474 21.45 0
      vertex 11.3564 6.79059 0
      vertex 19.4837 21.579 0
    endloop
  endfacet
  facet normal 0 0 -1
    outer loop
      vertex 11.2153 6.76252 0
      vertex 19.4837 21.579 0
      vertex 11.3564 6.79059 0
    endloop
  endfacet
  facet normal -0 0 -1
    outer loop
      vertex 19.4837 21.579 0
      vertex 11.2153 6.76252 0
      vertex 19.4375 21.7153 0
    endloop
  endfacet
  facet normal 0 0 -1
    outer loop
      vertex -4 22 0
      vertex 19.4375 21.7153 0
      vertex 11.2153 6.76252 0
    endloop
  endfacet
  facet normal 0 0 -1
    outer loop
      vertex 19.4375 21.7153 0
      vertex -4 22 0
      vertex 19.4094 21.8564 0
    endloop
  endfacet
  facet normal 0 0 -1
    outer loop
      vertex 19.4094 21.8564 0
      vertex -4 22 0
      vertex 19.4 22 0
    endloop
  endfacet
  facet normal 0 0 -1
    outer loop
      vertex 19.4 22 0
      vertex -4 22 0
      vertex 19.4094 22.1436 0
    endloop
  endfacet
  facet normal -0 0 -1
    outer loop
      vertex 19.4094 22.1436 0
      vertex -4 22 0
      vertex 19.4375 22.2847 0
    endloop
  endfacet
  facet normal 0 0 -1
    outer loop
      vertex -4 30 0
      vertex 19.4375 22.2847 0
      vertex -4 22 0
    endloop
  endfacet
  facet normal 0 0 -1
    outer loop
      vertex -4 22 0
      vertex 11.2153 6.76252 0
      vertex 11.079 6.71627 0
    endloop
  endfacet
  facet normal 0 0 -1
    outer loop
      vertex -4 22 0
      vertex 11.079 6.71627 0
      vertex 10.95 6.65263 0
    endloop
  endfacet
  facet normal 0 0 -1
    outer loop
      vertex -4 22 0
      vertex 10.95 6.65263 0
      vertex 10.8304 6.57269 0
    endloop
  endfacet
  facet normal 0 0 -1
    outer loop
      vertex -4 22 0
      vertex 10.8304 6.57269 0
      vertex 10.7222 6.47782 0
    endloop
  endfacet
  facet normal 0 0 -1
    outer loop
      vertex -4 22 0
      vertex 10.7222 6.47782 0
      vertex 10.6273 6.36964 0
    endloop
  endfacet
  facet normal 0 0 -1
    outer loop
      vertex -4 22 0
      vertex 10.6273 6.36964 0
      vertex 10.5474 6.25 0
    endloop
  endfacet
  facet normal 0 0 -1
    outer loop
      vertex 10.4375 5.4153 0
      vertex -4 22 0
      vertex 10.4094 5.55642 0
    endloop
  endfacet
  facet normal 0 0 -1
    outer loop
      vertex 10.4094 5.55642 0
      vertex -4 22 0
      vertex 10.4 5.7 0
    endloop
  endfacet
  facet normal 0 0 -1
    outer loop
      vertex 10.4 5.7 0
      vertex -4 22 0
      vertex 10.4094 5.84358 0
    endloop
  endfacet
  facet normal 0 0 -1
    outer loop
      vertex 10.4094 5.84358 0
      vertex -4 22 0
      vertex 10.4375 5.9847 0
    endloop
  endfacet
  facet normal 0 0 -1
    outer loop
      vertex 10.4375 5.9847 0
      vertex -4 22 0
      vertex 10.4837 6.12095 0
    endloop
  endfacet
  facet normal 0 0 -1
    outer loop
      vertex 10.4837 6.12095 0
      vertex -4 22 0
      vertex 10.5474 6.25 0
    endloop
  endfacet
  facet normal 0 0 -1
    outer loop
      vertex 19.4375 22.2847 0
      vertex -4 30 0
      vertex 19.4837 22.421 0
    endloop
  endfacet
  facet normal 0 0 -1
    outer loop
      vertex 19.4837 22.421 0
      vertex -4 30 0
      vertex 19.5474 22.55 0
    endloop
  endfacet
  facet normal 0 0 -1
    outer loop
      vertex 19.5474 22.55 0
      vertex -4 30 0
      vertex 19.6273 22.6696 0
    endloop
  endfacet
  facet normal 0 0 -1
    outer loop
      vertex 19.6273 22.6696 0
      vertex -4 30 0
      vertex 19.7222 22.7778 0
    endloop
  endfacet
  facet normal 0 0 -1
    outer loop
      vertex 19.7222 22.7778 0
      vertex -4 30 0
      vertex 19.8304 22.8727 0
    endloop
  endfacet
  facet normal 0 0 -1
    outer loop
      vertex 19.8304 22.8727 0
      vertex -4 30 0
      vertex 19.95 22.9526 0
    endloop
  endfacet
  facet normal -0 0 -1
    outer loop
      vertex 46.9955 39.309 0
      vertex -4 30 0
      vertex 47.175 39.4289 0
    endloop
  endfacet
  facet normal -0 0 -1
    outer loop
      vertex 47.175 39.4289 0
      vertex -4 30 0
      vertex 60 47 0
    endloop
  endfacet
  facet normal 0 0 -1
    outer loop
      vertex -47.175 39.4289 0
      vertex -4 30 0
      vertex -20 30 0
    endloop
  endfacet
  facet normal 0 0 -1
    outer loop
      vertex -20 -22 0
      vertex -32.1029 -9.75 0
      vertex -32.1029 -2.25 0
    endloop
  endfacet
  facet normal -0 0 -1
    outer loop
      vertex -4 22 0
      vertex -32.1029 2.25 0
      vertex -20 22 0
    endloop
  endfacet
  facet normal 0 0 -1
    outer loop
      vertex -32.1029 9.75 0
      vertex -20 22 0
      vertex -32.1029 2.25 0
    endloop
  endfacet
  facet normal 0 0 -1
    outer loop
      vertex -32.1029 14.25 0
      vertex -20 22 0
      vertex -32.1029 9.75 0
    endloop
  endfacet
  facet normal 0 0 -1
    outer loop
      vertex -36 16.5 0
      vertex -20 22 0
      vertex -32.1029 14.25 0
    endloop
  endfacet
  facet normal -0 0 -1
    outer loop
      vertex -20 22 0
      vertex -36 16.5 0
      vertex -20 30 0
    endloop
  endfacet
  facet normal 0 0 -1
    outer loop
      vertex -44.1029 14.25 0
      vertex -36 16.5 0
      vertex -39.8971 14.25 0
    endloop
  endfacet
  facet normal -0 0 -1
    outer loop
      vertex -39.8971 -2.25 0
      vertex -44.1029 -9.75 0
      vertex -44.1029 -2.25 0
    endloop
  endfacet
  facet normal 0 0 -1
    outer loop
      vertex -39.8971 2.25 0
      vertex -44.1029 2.25 0
      vertex -39.8971 9.75 0
    endloop
  endfacet
  facet normal 0 0 -1
    outer loop
      vertex -44.1029 9.75 0
      vertex -39.8971 9.75 0
      vertex -44.1029 2.25 0
    endloop
  endfacet
  facet normal 0 0 -1
    outer loop
      vertex -39.8971 9.75 0
      vertex -44.1029 9.75 0
      vertex -39.8971 14.25 0
    endloop
  endfacet
  facet normal 0 0 -1
    outer loop
      vertex -44.1029 14.25 0
      vertex -39.8971 14.25 0
      vertex -44.1029 9.75 0
    endloop
  endfacet
  facet normal 0 0 -1
    outer loop
      vertex -48 16.5 0
      vertex -36 16.5 0
      vertex -44.1029 14.25 0
    endloop
  endfacet
  facet normal 0 0 -1
    outer loop
      vertex -46.3641 37.7846 0
      vertex -20 30 0
      vertex -36 16.5 0
    endloop
  endfacet
  facet normal 0 0 -1
    outer loop
      vertex -46.3641 38.2154 0
      vertex -20 30 0
      vertex -46.35 38 0
    endloop
  endfacet
  facet normal 0 0 -1
    outer loop
      vertex -46.4062 38.4271 0
      vertex -20 30 0
      vertex -46.3641 38.2154 0
    endloop
  endfacet
  facet normal 0 0 -1
    outer loop
      vertex -46.4756 38.6314 0
      vertex -20 30 0
      vertex -46.4062 38.4271 0
    endloop
  endfacet
  facet normal 0 0 -1
    outer loop
      vertex -46.5711 38.825 0
      vertex -20 30 0
      vertex -46.4756 38.6314 0
    endloop
  endfacet
  facet normal 0 0 -1
    outer loop
      vertex -46.691 39.0045 0
      vertex -20 30 0
      vertex -46.5711 38.825 0
    endloop
  endfacet
  facet normal 0 0 -1
    outer loop
      vertex -46.8333 39.1667 0
      vertex -20 30 0
      vertex -46.691 39.0045 0
    endloop
  endfacet
  facet normal 0 0 -1
    outer loop
      vertex -46.9955 39.309 0
      vertex -20 30 0
      vertex -46.8333 39.1667 0
    endloop
  endfacet
  facet normal 0 0 -1
    outer loop
      vertex -47.175 39.4289 0
      vertex -20 30 0
      vertex -46.9955 39.309 0
    endloop
  endfacet
  facet normal 0 0 -1
    outer loop
      vertex -47.3686 39.5244 0
      vertex -4 30 0
      vertex -47.175 39.4289 0
    endloop
  endfacet
  facet normal 0 0 -1
    outer loop
      vertex -60 47 0
      vertex -4 30 0
      vertex -47.3686 39.5244 0
    endloop
  endfacet
  facet normal 0 0 -1
    outer loop
      vertex -60 47 0
      vertex -47.3686 39.5244 0
      vertex -47.5729 39.5938 0
    endloop
  endfacet
  facet normal 0 0 -1
    outer loop
      vertex -60 47 0
      vertex -47.5729 39.5938 0
      vertex -47.7846 39.6359 0
    endloop
  endfacet
  facet normal 0 0 -1
    outer loop
      vertex -60 47 0
      vertex -47.7846 39.6359 0
      vertex -48 39.65 0
    endloop
  endfacet
  facet normal 0 0 -1
    outer loop
      vertex -60 47 0
      vertex -48 39.65 0
      vertex -48.2154 39.6359 0
    endloop
  endfacet
  facet normal 0 0 -1
    outer loop
      vertex -49.6359 37.7846 0
      vertex -68 39 0
      vertex -49.65 38 0
    endloop
  endfacet
  facet normal 0 0 -1
    outer loop
      vertex -51.8971 2.25 0
      vertex -68 39 0
      vertex -51.8971 9.75 0
    endloop
  endfacet
  facet normal 0 0 -1
    outer loop
      vertex -4 30 0
      vertex -60 47 0
      vertex 60 47 0
    endloop
  endfacet
  facet normal 0 0 -1
    outer loop
      vertex -48.4271 39.5938 0
      vertex -60 47 0
      vertex -48.2154 39.6359 0
    endloop
  endfacet
  facet normal 0 0 -1
    outer loop
      vertex -48.6314 39.5244 0
      vertex -60 47 0
      vertex -48.4271 39.5938 0
    endloop
  endfacet
  facet normal 0 0 -1
    outer loop
      vertex -48.825 39.4289 0
      vertex -60 47 0
      vertex -48.6314 39.5244 0
    endloop
  endfacet
  facet normal 0 0 -1
    outer loop
      vertex -49.0045 39.309 0
      vertex -60 47 0
      vertex -48.825 39.4289 0
    endloop
  endfacet
  facet normal 0 0 -1
    outer loop
      vertex -49.1667 39.1667 0
      vertex -60 47 0
      vertex -49.0045 39.309 0
    endloop
  endfacet
  facet normal 0 0 -1
    outer loop
      vertex -49.309 39.0045 0
      vertex -60 47 0
      vertex -49.1667 39.1667 0
    endloop
  endfacet
  facet normal 0 0 -1
    outer loop
      vertex -49.4289 38.825 0
      vertex -60 47 0
      vertex -49.309 39.0045 0
    endloop
  endfacet
  facet normal 0 0 -1
    outer loop
      vertex -49.5244 38.6314 0
      vertex -60 47 0
      vertex -49.4289 38.825 0
    endloop
  endfacet
  facet normal 0 0 -1
    outer loop
      vertex -49.5938 38.4271 0
      vertex -60 47 0
      vertex -49.5244 38.6314 0
    endloop
  endfacet
  facet normal 0 0 -1
    outer loop
      vertex -49.6359 38.2154 0
      vertex -60 47 0
      vertex -49.5938 38.4271 0
    endloop
  endfacet
  facet normal 0 0 -1
    outer loop
      vertex -51.8971 9.75 0
      vertex -68 39 0
      vertex -51.8971 14.25 0
    endloop
  endfacet
  facet normal 0 0 -1
    outer loop
      vertex -68 -39 0
      vertex -60 -47 0
      vertex -61.0442 -46.9316 0
    endloop
  endfacet
  facet normal 0 -0 -1
    outer loop
      vertex -60 47 0
      vertex -49.65 38 0
      vertex -68 39 0
    endloop
  endfacet
  facet normal 0 0 -1
    outer loop
      vertex -68 -39 0
      vertex -61.0442 -46.9316 0
      vertex -62.0706 -46.7274 0
    endloop
  endfacet
  facet normal 0 0 -1
    outer loop
      vertex -49.65 38 0
      vertex -60 47 0
      vertex -49.6359 38.2154 0
    endloop
  endfacet
  facet normal 0 0 -1
    outer loop
      vertex -68 -39 0
      vertex -62.0706 -46.7274 0
      vertex -63.0615 -46.391 0
    endloop
  endfacet
  facet normal 0 0 -1
    outer loop
      vertex -60 47 0
      vertex -68 39 0
      vertex -61.0442 46.9316 0
    endloop
  endfacet
  facet normal 0 0 -1
    outer loop
      vertex -68 -39 0
      vertex -63.0615 -46.391 0
      vertex -64 -45.9282 0
    endloop
  endfacet
  facet normal 0 0 -1
    outer loop
      vertex -61.0442 46.9316 0
      vertex -68 39 0
      vertex -62.0706 46.7274 0
    endloop
  endfacet
  facet normal 0 0 -1
    outer loop
      vertex -68 -39 0
      vertex -64 -45.9282 0
      vertex -64.8701 -45.3468 0
    endloop
  endfacet
  facet normal 0 0 -1
    outer loop
      vertex -62.0706 46.7274 0
      vertex -68 39 0
      vertex -63.0615 46.391 0
    endloop
  endfacet
  facet normal 0 0 -1
    outer loop
      vertex -68 -39 0
      vertex -64.8701 -45.3468 0
      vertex -65.6569 -44.6569 0
    endloop
  endfacet
  facet normal 0 0 -1
    outer loop
      vertex -63.0615 46.391 0
      vertex -68 39 0
      vertex -64 45.9282 0
    endloop
  endfacet
  facet normal 0 0 -1
    outer loop
      vertex -68 -39 0
      vertex -65.6569 -44.6569 0
      vertex -66.3468 -43.8701 0
    endloop
  endfacet
  facet normal 0 0 -1
    outer loop
      vertex -64 45.9282 0
      vertex -68 39 0
      vertex -64.8701 45.3468 0
    endloop
  endfacet
  facet normal 0 0 -1
    outer loop
      vertex -68 -39 0
      vertex -66.3468 -43.8701 0
      vertex -66.9282 -43 0
    endloop
  endfacet
  facet normal 0 0 -1
    outer loop
      vertex -64.8701 45.3468 0
      vertex -68 39 0
      vertex -65.6569 44.6569 0
    endloop
  endfacet
  facet normal 0 0 -1
    outer loop
      vertex -68 -39 0
      vertex -66.9282 -43 0
      vertex -67.391 -42.0615 0
    endloop
  endfacet
  facet normal 0 0 -1
    outer loop
      vertex -65.6569 44.6569 0
      vertex -68 39 0
      vertex -66.3468 43.8701 0
    endloop
  endfacet
  facet normal 0 0 -1
    outer loop
      vertex -68 -39 0
      vertex -67.391 -42.0615 0
      vertex -67.7274 -41.0706 0
    endloop
  endfacet
  facet normal 0 0 -1
    outer loop
      vertex -66.3468 43.8701 0
      vertex -68 39 0
      vertex -66.9282 43 0
    endloop
  endfacet
  facet normal 0 0 -1
    outer loop
      vertex -68 -39 0
      vertex -67.7274 -41.0706 0
      vertex -67.9316 -40.0442 0
    endloop
  endfacet
  facet normal 0 0 -1
    outer loop
      vertex -66.9282 43 0
      vertex -68 39 0
      vertex -67.391 42.0615 0
    endloop
  endfacet
  facet normal 0 0 -1
    outer loop
      vertex -67.391 42.0615 0
      vertex -68 39 0
      vertex -67.7274 41.0706 0
    endloop
  endfacet
  facet normal 0 0 -1
    outer loop
      vertex -67.7274 41.0706 0
      vertex -68 39 0
      vertex -67.9316 40.0442 0
    endloop
  endfacet
  facet normal 0 0 -1
    outer loop
      vertex 60 -47 0
      vertex 68 -39 0
      vertex 67.9316 -40.0442 0
    endloop
  endfacet
  facet normal 0 0 -1
    outer loop
      vertex 68 -39 0
      vertex 66.85 0 0
      vertex 68 39 0
    endloop
  endfacet
  facet normal 0 0 -1
    outer loop
      vertex 60 -47 0
      vertex 67.9316 -40.0442 0
      vertex 67.7274 -41.0706 0
    endloop
  endfacet
  facet normal 0 0 -1
    outer loop
      vertex 66.8406 0.143579 0
      vertex 68 39 0
      vertex 66.85 0 0
    endloop
  endfacet
  facet normal 0 0 -1
    outer loop
      vertex 60 -47 0
      vertex 67.7274 -41.0706 0
      vertex 67.391 -42.0615 0
    endloop
  endfacet
  facet normal 0 0 -1
    outer loop
      vertex 66.8125 0.2847 0
      vertex 68 39 0
      vertex 66.8406 0.143579 0
    endloop
  endfacet
  facet normal 0 0 -1
    outer loop
      vertex 60 -47 0
      vertex 67.391 -42.0615 0
      vertex 66.9282 -43 0
    endloop
  endfacet
  facet normal 0 0 -1
    outer loop
      vertex 66.7663 0.420951 0
      vertex 68 39 0
      vertex 66.8125 0.2847 0
    endloop
  endfacet
  facet normal 0 0 -1
    outer loop
      vertex 66.7026 0.549999 0
      vertex 68 39 0
      vertex 66.7663 0.420951 0
    endloop
  endfacet
  facet normal 0 0 -1
    outer loop
      vertex 68 -39 0
      vertex 66.8406 -0.143579 0
      vertex 66.85 0 0
    endloop
  endfacet
  facet normal 0 0 -1
    outer loop
      vertex 68 -39 0
      vertex 66.8125 -0.2847 0
      vertex 66.8406 -0.143579 0
    endloop
  endfacet
  facet normal 0 0 -1
    outer loop
      vertex 68 -39 0
      vertex 66.7663 -0.420951 0
      vertex 66.8125 -0.2847 0
    endloop
  endfacet
  facet normal 0 0 -1
    outer loop
      vertex 68 -39 0
      vertex 66.7026 -0.549999 0
      vertex 66.7663 -0.420951 0
    endloop
  endfacet
  facet normal 0 0 -1
    outer loop
      vertex 68 -39 0
      vertex 66.6227 -0.669637 0
      vertex 66.7026 -0.549999 0
    endloop
  endfacet
  facet normal 0 0 -1
    outer loop
      vertex 68 -39 0
      vertex 63.5 -6.2 0
      vertex 66.6227 -0.669637 0
    endloop
  endfacet
  facet normal 0 0 -1
    outer loop
      vertex 66.6227 -0.669637 0
      vertex 63.5 -6.2 0
      vertex 66.5278 -0.777817 0
    endloop
  endfacet
  facet normal 0 0 -1
    outer loop
      vertex 60 -47 0
      vertex 66.9282 -43 0
      vertex 66.3468 -43.8701 0
    endloop
  endfacet
  facet normal 0 0 -1
    outer loop
      vertex 66.5278 -0.777817 0
      vertex 63.5 -6.2 0
      vertex 66.4196 -0.872688 0
    endloop
  endfacet
  facet normal 0 0 -1
    outer loop
      vertex 66.4196 -0.872688 0
      vertex 63.5 -6.2 0
      vertex 66.3 -0.952627 0
    endloop
  endfacet
  facet normal 0 0 -1
    outer loop
      vertex 66.3 -0.952627 0
      vertex 63.5 -6.2 0
      vertex 66.171 -1.01627 0
    endloop
  endfacet
  facet normal 0 0 -1
    outer loop
      vertex 66.171 -1.01627 0
      vertex 63.5 -6.2 0
      vertex 66.0347 -1.06252 0
    endloop
  endfacet
  facet normal 0 0 -1
    outer loop
      vertex 66.0347 -1.06252 0
      vertex 63.5 -6.2 0
      vertex 65.8936 -1.09059 0
    endloop
  endfacet
  facet normal 0 0 -1
    outer loop
      vertex 60 -47 0
      vertex 66.3468 -43.8701 0
      vertex 65.6569 -44.6569 0
    endloop
  endfacet
  facet normal 0 0 -1
    outer loop
      vertex 65.8936 -1.09059 0
      vertex 63.5 -6.2 0
      vertex 65.75 -1.1 0
    endloop
  endfacet
  facet normal -0 0 -1
    outer loop
      vertex 65.75 -1.1 0
      vertex 63.5 -6.2 0
      vertex 65.6064 -1.09059 0
    endloop
  endfacet
  facet normal -0 0 -1
    outer loop
      vertex 65.6064 -1.09059 0
      vertex 63.5 -6.2 0
      vertex 65.4653 -1.06252 0
    endloop
  endfacet
  facet normal -0 0 -1
    outer loop
      vertex 65.4653 -1.06252 0
      vertex 63.5 -6.2 0
      vertex 65.329 -1.01627 0
    endloop
  endfacet
  facet normal -0 0 -1
    outer loop
      vertex 65.329 -1.01627 0
      vertex 63.5 -6.2 0
      vertex 65.2 -0.952627 0
    endloop
  endfacet
  facet normal -0 0 -1
    outer loop
      vertex 65.2 -0.952627 0
      vertex 63.5 -6.2 0
      vertex 65.0804 -0.872688 0
    endloop
  endfacet
  facet normal -0 0 -1
    outer loop
      vertex 65.0804 -0.872688 0
      vertex 63.5 -6.2 0
      vertex 64.9722 -0.777817 0
    endloop
  endfacet
  facet normal 0 0 -1
    outer loop
      vertex 60 -47 0
      vertex 65.6569 -44.6569 0
      vertex 64.8701 -45.3468 0
    endloop
  endfacet
  facet normal -0 0 -1
    outer loop
      vertex 64.9722 -0.777817 0
      vertex 63.5 -6.2 0
      vertex 64.8773 -0.669637 0
    endloop
  endfacet
  facet normal -0 0 -1
    outer loop
      vertex 64.8773 -0.669637 0
      vertex 63.5 -6.2 0
      vertex 64.7974 -0.549999 0
    endloop
  endfacet
  facet normal -0 0 -1
    outer loop
      vertex 64.7974 -0.549999 0
      vertex 63.5 -6.2 0
      vertex 64.7337 -0.420951 0
    endloop
  endfacet
  facet normal -0 0 -1
    outer loop
      vertex 64.7337 -0.420951 0
      vertex 63.5 -6.2 0
      vertex 64.6875 -0.2847 0
    endloop
  endfacet
  facet normal -0 0 -1
    outer loop
      vertex 64.6875 -0.2847 0
      vertex 63.5 -6.2 0
      vertex 64.6594 -0.143579 0
    endloop
  endfacet
  facet normal 0 0 -1
    outer loop
      vertex 60 -47 0
      vertex 64.8701 -45.3468 0
      vertex 64 -45.9282 0
    endloop
  endfacet
  facet normal 0 0 -1
    outer loop
      vertex 66.6227 0.669637 0
      vertex 68 39 0
      vertex 66.7026 0.549999 0
    endloop
  endfacet
  facet normal 0 0 -1
    outer loop
      vertex 63.5 6.2 0
      vertex 66.6227 0.669637 0
      vertex 66.5278 0.777817 0
    endloop
  endfacet
  facet normal 0 0 -1
    outer loop
      vertex 63.5 6.2 0
      vertex 66.5278 0.777817 0
      vertex 66.4196 0.872688 0
    endloop
  endfacet
  facet normal 0 0 -1
    outer loop
      vertex 63.5 6.2 0
      vertex 66.4196 0.872688 0
      vertex 66.3 0.952627 0
    endloop
  endfacet
  facet normal 0 0 -1
    outer loop
      vertex 63.5 6.2 0
      vertex 66.3 0.952627 0
      vertex 66.171 1.01627 0
    endloop
  endfacet
  facet normal 0 0 -1
    outer loop
      vertex 63.5 6.2 0
      vertex 66.171 1.01627 0
      vertex 66.0347 1.06252 0
    endloop
  endfacet
  facet normal 0 0 -1
    outer loop
      vertex 63.5 6.2 0
      vertex 66.0347 1.06252 0
      vertex 65.8936 1.09059 0
    endloop
  endfacet
  facet normal 0 0 -1
    outer loop
      vertex 63.5 6.2 0
      vertex 65.8936 1.09059 0
      vertex 65.75 1.1 0
    endloop
  endfacet
  facet normal 0 0 -1
    outer loop
      vertex 63.5 6.2 0
      vertex 65.75 1.1 0
      vertex 65.6064 1.09059 0
    endloop
  endfacet
  facet normal 0 0 -1
    outer loop
      vertex 63.5 6.2 0
      vertex 65.6064 1.09059 0
      vertex 65.4653 1.06252 0
    endloop
  endfacet
  facet normal 0 0 -1
    outer loop
      vertex 63.5 6.2 0
      vertex 65.4653 1.06252 0
      vertex 65.329 1.01627 0
    endloop
  endfacet
  facet normal 0 0 -1
    outer loop
      vertex 63.5 6.2 0
      vertex 65.329 1.01627 0
      vertex 65.2 0.952627 0
    endloop
  endfacet
  facet normal 0 0 -1
    outer loop
      vertex 63.5 6.2 0
      vertex 65.2 0.952627 0
      vertex 65.0804 0.872688 0
    endloop
  endfacet
  facet normal 0 0 -1
    outer loop
      vertex 63.5 6.2 0
      vertex 65.0804 0.872688 0
      vertex 64.9722 0.777817 0
    endloop
  endfacet
  facet normal 0 0 -1
    outer loop
      vertex 63.5 6.2 0
      vertex 64.9722 0.777817 0
      vertex 64.8773 0.669637 0
    endloop
  endfacet
  facet normal 0 0 -1
    outer loop
      vertex 66.6227 0.669637 0
      vertex 63.5 6.2 0
      vertex 68 39 0
    endloop
  endfacet
  facet normal 0 0 -1
    outer loop
      vertex 68 39 0
      vertex 64 45.9282 0
      vertex 67.9316 40.0442 0
    endloop
  endfacet
  facet normal 0 0 -1
    outer loop
      vertex 67.7274 41.0706 0
      vertex 64 45.9282 0
      vertex 67.391 42.0615 0
    endloop
  endfacet
  facet normal 0 0 -1
    outer loop
      vertex 66.9282 43 0
      vertex 64 45.9282 0
      vertex 66.3468 43.8701 0
    endloop
  endfacet
  facet normal 0 0 -1
    outer loop
      vertex 67.391 42.0615 0
      vertex 64 45.9282 0
      vertex 66.9282 43 0
    endloop
  endfacet
  facet normal 0 0 -1
    outer loop
      vertex 67.9316 40.0442 0
      vertex 64 45.9282 0
      vertex 67.7274 41.0706 0
    endloop
  endfacet
  facet normal 0 0 -1
    outer loop
      vertex 66.3468 43.8701 0
      vertex 64 45.9282 0
      vertex 65.6569 44.6569 0
    endloop
  endfacet
  facet normal 0 0 -1
    outer loop
      vertex 63.5 6.2 0
      vertex 64.8773 0.669637 0
      vertex 64.7974 0.549999 0
    endloop
  endfacet
  facet normal 0 0 -1
    outer loop
      vertex 63.5 6.2 0
      vertex 64.7974 0.549999 0
      vertex 64.7337 0.420951 0
    endloop
  endfacet
  facet normal 0 0 -1
    outer loop
      vertex 63.5 6.2 0
      vertex 64.7337 0.420951 0
      vertex 64.6875 0.2847 0
    endloop
  endfacet
  facet normal 0 0 -1
    outer loop
      vertex 63.5 6.2 0
      vertex 64.6875 0.2847 0
      vertex 64.6594 0.143579 0
    endloop
  endfacet
  facet normal 0 0 -1
    outer loop
      vertex 63.5 6.2 0
      vertex 64.65 0 0
      vertex 63.5 -6.2 0
    endloop
  endfacet
  facet normal -0 0 -1
    outer loop
      vertex 64.6594 -0.143579 0
      vertex 63.5 -6.2 0
      vertex 64.65 0 0
    endloop
  endfacet
  facet normal 0 0 -1
    outer loop
      vertex 64.65 0 0
      vertex 63.5 6.2 0
      vertex 64.6594 0.143579 0
    endloop
  endfacet
  facet normal 0 0 -1
    outer loop
      vertex 65.6569 44.6569 0
      vertex 64 45.9282 0
      vertex 64.8701 45.3468 0
    endloop
  endfacet
  facet normal 0 0 -1
    outer loop
      vertex 60 -47 0
      vertex 64 -45.9282 0
      vertex 63.0615 -46.391 0
    endloop
  endfacet
  facet normal 0 0 -1
    outer loop
      vertex 60 -47 0
      vertex 63.0615 -46.391 0
      vertex 62.0706 -46.7274 0
    endloop
  endfacet
  facet normal 0 0 -1
    outer loop
      vertex 60 -47 0
      vertex 62.0706 -46.7274 0
      vertex 61.0442 -46.9316 0
    endloop
  endfacet
  facet normal -0 0 -1
    outer loop
      vertex 68 -39 0
      vertex 60 -47 0
      vertex 49.65 -38 0
    endloop
  endfacet
  facet normal 0 0 -1
    outer loop
      vertex 68 -39 0
      vertex 49.65 -38 0
      vertex 49.6359 -37.7846 0
    endloop
  endfacet
  facet normal 0 0 -1
    outer loop
      vertex 68 -39 0
      vertex 49.6359 -37.7846 0
      vertex 49.5938 -37.5729 0
    endloop
  endfacet
  facet normal 0 0 -1
    outer loop
      vertex 68 -39 0
      vertex 49.5938 -37.5729 0
      vertex 49.5244 -37.3686 0
    endloop
  endfacet
  facet normal 0 0 -1
    outer loop
      vertex 68 -39 0
      vertex 49.5244 -37.3686 0
      vertex 49.4289 -37.175 0
    endloop
  endfacet
  facet normal 0 0 -1
    outer loop
      vertex 68 -39 0
      vertex 49.4289 -37.175 0
      vertex 49.309 -36.9955 0
    endloop
  endfacet
  facet normal 0 0 -1
    outer loop
      vertex 68 -39 0
      vertex 49.309 -36.9955 0
      vertex 49.1667 -36.8333 0
    endloop
  endfacet
  facet normal 0 0 -1
    outer loop
      vertex 49.0045 -36.691 0
      vertex 68 -39 0
      vertex 49.1667 -36.8333 0
    endloop
  endfacet
  facet normal 0 0 -1
    outer loop
      vertex 68 -39 0
      vertex 49.0045 -36.691 0
      vertex 63.5 -6.2 0
    endloop
  endfacet
  facet normal 0 0 -1
    outer loop
      vertex 48.825 -36.5711 0
      vertex 63.5 -6.2 0
      vertex 49.0045 -36.691 0
    endloop
  endfacet
  facet normal 0 0 -1
    outer loop
      vertex 48.6314 -36.4756 0
      vertex 63.5 -6.2 0
      vertex 48.825 -36.5711 0
    endloop
  endfacet
  facet normal 0 0 -1
    outer loop
      vertex 40.85 -10.25 0
      vertex 48.6314 -36.4756 0
      vertex 48.4271 -36.4062 0
    endloop
  endfacet
  facet normal 0 0 -1
    outer loop
      vertex 40.85 -10.25 0
      vertex 48.4271 -36.4062 0
      vertex 48.2154 -36.3641 0
    endloop
  endfacet
  facet normal 0 0 -1
    outer loop
      vertex 40.7026 -33.2 0
      vertex 47.5729 -36.4062 0
      vertex 40.7663 -33.329 0
    endloop
  endfacet
  facet normal 0 0 -1
    outer loop
      vertex 40.7663 -33.329 0
      vertex 47.3686 -36.4756 0
      vertex 40.8125 -33.4653 0
    endloop
  endfacet
  facet normal 0 0 -1
    outer loop
      vertex 47.175 -36.5711 0
      vertex 40.8125 -33.4653 0
      vertex 47.3686 -36.4756 0
    endloop
  endfacet
  facet normal 0 0 -1
    outer loop
      vertex 40.8125 -33.4653 0
      vertex 47.175 -36.5711 0
      vertex 40.8406 -33.6064 0
    endloop
  endfacet
  facet normal 0 0 -1
    outer loop
      vertex 46.9955 -36.691 0
      vertex 40.8406 -33.6064 0
      vertex 47.175 -36.5711 0
    endloop
  endfacet
  facet normal 0 0 -1
    outer loop
      vertex 40.8406 -33.6064 0
      vertex 46.9955 -36.691 0
      vertex 40.85 -33.75 0
    endloop
  endfacet
  facet normal 0 0 -1
    outer loop
      vertex 40.85 -33.75 0
      vertex 46.9955 -36.691 0
      vertex 46.8333 -36.8333 0
    endloop
  endfacet
  facet normal 0 0 -1
    outer loop
      vertex 40.85 -33.75 0
      vertex 46.8333 -36.8333 0
      vertex 46.691 -36.9955 0
    endloop
  endfacet
  facet normal 0 0 -1
    outer loop
      vertex 40.85 -33.75 0
      vertex 46.691 -36.9955 0
      vertex 46.5711 -37.175 0
    endloop
  endfacet
  facet normal 0 0 -1
    outer loop
      vertex 40.85 -33.75 0
      vertex 46.3641 -37.7846 0
      vertex 46.35 -38 0
    endloop
  endfacet
  facet normal 0 0 -1
    outer loop
      vertex 40.85 -33.75 0
      vertex 46.4062 -37.5729 0
      vertex 46.3641 -37.7846 0
    endloop
  endfacet
  facet normal 0 0 -1
    outer loop
      vertex 40.85 -33.75 0
      vertex 46.4756 -37.3686 0
      vertex 46.4062 -37.5729 0
    endloop
  endfacet
  facet normal 0 0 -1
    outer loop
      vertex 40.85 -33.75 0
      vertex 46.5711 -37.175 0
      vertex 46.4756 -37.3686 0
    endloop
  endfacet
  facet normal 0 0 -1
    outer loop
      vertex 47.3686 -36.4756 0
      vertex 40.7663 -33.329 0
      vertex 47.5729 -36.4062 0
    endloop
  endfacet
  facet normal 0 0 -1
    outer loop
      vertex 48.6314 -36.4756 0
      vertex 40.85 -10.25 0
      vertex 63.5 -6.2 0
    endloop
  endfacet
  facet normal 0 0 -1
    outer loop
      vertex 40.8406 -10.1064 0
      vertex 63.5 -6.2 0
      vertex 40.85 -10.25 0
    endloop
  endfacet
  facet normal 0 0 -1
    outer loop
      vertex 40.8125 -9.9653 0
      vertex 63.5 -6.2 0
      vertex 40.8406 -10.1064 0
    endloop
  endfacet
  facet normal 0 0 -1
    outer loop
      vertex 40.5 -6.2 0
      vertex 40.8125 -9.9653 0
      vertex 40.7663 -9.82905 0
    endloop
  endfacet
  facet normal 0 0 -1
    outer loop
      vertex 40.5 -6.2 0
      vertex 40.7663 -9.82905 0
      vertex 40.7026 -9.7 0
    endloop
  endfacet
  facet normal 0 0 -1
    outer loop
      vertex 40.5 -6.2 0
      vertex 40.7026 -9.7 0
      vertex 40.6227 -9.58036 0
    endloop
  endfacet
  facet normal 0 0 -1
    outer loop
      vertex 40.5 -6.2 0
      vertex 40.6227 -9.58036 0
      vertex 40.5278 -9.47218 0
    endloop
  endfacet
  facet normal 0 0 -1
    outer loop
      vertex 40.8125 -9.9653 0
      vertex 40.5 -6.2 0
      vertex 63.5 -6.2 0
    endloop
  endfacet
  facet normal 0 0 -1
    outer loop
      vertex 40.3 -9.29737 0
      vertex 40.5 -6.2 0
      vertex 40.4196 -9.37731 0
    endloop
  endfacet
  facet normal 0 0 -1
    outer loop
      vertex 40.4196 -9.37731 0
      vertex 40.5 -6.2 0
      vertex 40.5278 -9.47218 0
    endloop
  endfacet
  facet normal 0 0 -1
    outer loop
      vertex -46.3641 -38.2154 0
      vertex -46.3641 -37.7846 0
      vertex -46.35 -38 0
    endloop
  endfacet
  facet normal 0 0 -1
    outer loop
      vertex -46.4062 -38.4271 0
      vertex -46.3641 -37.7846 0
      vertex -46.3641 -38.2154 0
    endloop
  endfacet
  facet normal 0 0 -1
    outer loop
      vertex -46.4062 -38.4271 0
      vertex -46.4062 -37.5729 0
      vertex -46.3641 -37.7846 0
    endloop
  endfacet
  facet normal 0 0 -1
    outer loop
      vertex -46.4756 -38.6314 0
      vertex -46.4062 -37.5729 0
      vertex -46.4062 -38.4271 0
    endloop
  endfacet
  facet normal 0 0 -1
    outer loop
      vertex -46.4756 -38.6314 0
      vertex -46.4756 -37.3686 0
      vertex -46.4062 -37.5729 0
    endloop
  endfacet
  facet normal 0 0 -1
    outer loop
      vertex -46.5711 -38.825 0
      vertex -46.4756 -37.3686 0
      vertex -46.4756 -38.6314 0
    endloop
  endfacet
  facet normal 0 0 -1
    outer loop
      vertex -46.5711 -38.825 0
      vertex -46.5711 -37.175 0
      vertex -46.4756 -37.3686 0
    endloop
  endfacet
  facet normal 0 0 -1
    outer loop
      vertex -46.691 -39.0045 0
      vertex -46.5711 -37.175 0
      vertex -46.5711 -38.825 0
    endloop
  endfacet
  facet normal 0 0 -1
    outer loop
      vertex -46.691 -39.0045 0
      vertex -46.691 -36.9955 0
      vertex -46.5711 -37.175 0
    endloop
  endfacet
  facet normal 0 0 -1
    outer loop
      vertex -46.8333 -39.1667 0
      vertex -46.691 -36.9955 0
      vertex -46.691 -39.0045 0
    endloop
  endfacet
  facet normal 0 0 -1
    outer loop
      vertex -46.8333 -39.1667 0
      vertex -46.8333 -36.8333 0
      vertex -46.691 -36.9955 0
    endloop
  endfacet
  facet normal 0 0 -1
    outer loop
      vertex -46.9955 -39.309 0
      vertex -46.8333 -36.8333 0
      vertex -46.8333 -39.1667 0
    endloop
  endfacet
  facet normal 0 0 -1
    outer loop
      vertex -46.9955 -39.309 0
      vertex -46.9955 -36.691 0
      vertex -46.8333 -36.8333 0
    endloop
  endfacet
  facet normal 0 0 -1
    outer loop
      vertex -47.175 -39.4289 0
      vertex -46.9955 -36.691 0
      vertex -46.9955 -39.309 0
    endloop
  endfacet
  facet normal 0 0 -1
    outer loop
      vertex -47.175 -39.4289 0
      vertex -47.175 -36.5711 0
      vertex -46.9955 -36.691 0
    endloop
  endfacet
  facet normal 0 0 -1
    outer loop
      vertex -47.3686 -39.5244 0
      vertex -47.175 -36.5711 0
      vertex -47.175 -39.4289 0
    endloop
  endfacet
  facet normal 0 0 -1
    outer loop
      vertex -47.3686 -39.5244 0
      vertex -47.3686 -36.4756 0
      vertex -47.175 -36.5711 0
    endloop
  endfacet
  facet normal 0 0 -1
    outer loop
      vertex -47.5729 -39.5938 0
      vertex -47.3686 -36.4756 0
      vertex -47.3686 -39.5244 0
    endloop
  endfacet
  facet normal 0 0 -1
    outer loop
      vertex -47.5729 -39.5938 0
      vertex -47.5729 -36.4062 0
      vertex -47.3686 -36.4756 0
    endloop
  endfacet
  facet normal 0 0 -1
    outer loop
      vertex -47.7846 -39.6359 0
      vertex -47.5729 -36.4062 0
      vertex -47.5729 -39.5938 0
    endloop
  endfacet
  facet normal 0 0 -1
    outer loop
      vertex -47.7846 -39.6359 0
      vertex -47.7846 -36.3641 0
      vertex -47.5729 -36.4062 0
    endloop
  endfacet
  facet normal 0 0 -1
    outer loop
      vertex -48 -39.65 0
      vertex -47.7846 -36.3641 0
      vertex -47.7846 -39.6359 0
    endloop
  endfacet
  facet normal 0 0 -1
    outer loop
      vertex -48 -39.65 0
      vertex -48 -36.35 0
      vertex -47.7846 -36.3641 0
    endloop
  endfacet
  facet normal 0 0 -1
    outer loop
      vertex -48.2154 -39.6359 0
      vertex -48 -36.35 0
      vertex -48 -39.65 0
    endloop
  endfacet
  facet normal 0 0 -1
    outer loop
      vertex -48.2154 -39.6359 0
      vertex -48.2154 -36.3641 0
      vertex -48 -36.35 0
    endloop
  endfacet
  facet normal 0 0 -1
    outer loop
      vertex -48.4271 -39.5938 0
      vertex -48.2154 -36.3641 0
      vertex -48.2154 -39.6359 0
    endloop
  endfacet
  facet normal 0 0 -1
    outer loop
      vertex -48.4271 -39.5938 0
      vertex -48.4271 -36.4062 0
      vertex -48.2154 -36.3641 0
    endloop
  endfacet
  facet normal 0 0 -1
    outer loop
      vertex -48.6314 -39.5244 0
      vertex -48.4271 -36.4062 0
      vertex -48.4271 -39.5938 0
    endloop
  endfacet
  facet normal 0 0 -1
    outer loop
      vertex -48.6314 -39.5244 0
      vertex -48.6314 -36.4756 0
      vertex -48.4271 -36.4062 0
    endloop
  endfacet
  facet normal 0 0 -1
    outer loop
      vertex -48.825 -39.4289 0
      vertex -48.6314 -36.4756 0
      vertex -48.6314 -39.5244 0
    endloop
  endfacet
  facet normal 0 0 -1
    outer loop
      vertex -48.825 -39.4289 0
      vertex -48.825 -36.5711 0
      vertex -48.6314 -36.4756 0
    endloop
  endfacet
  facet normal 0 0 -1
    outer loop
      vertex -49.0045 -39.309 0
      vertex -48.825 -36.5711 0
      vertex -48.825 -39.4289 0
    endloop
  endfacet
  facet normal 0 0 -1
    outer loop
      vertex -49.0045 -39.309 0
      vertex -49.0045 -36.691 0
      vertex -48.825 -36.5711 0
    endloop
  endfacet
  facet normal 0 0 -1
    outer loop
      vertex -49.1667 -39.1667 0
      vertex -49.0045 -36.691 0
      vertex -49.0045 -39.309 0
    endloop
  endfacet
  facet normal 0 0 -1
    outer loop
      vertex -49.1667 -39.1667 0
      vertex -49.1667 -36.8333 0
      vertex -49.0045 -36.691 0
    endloop
  endfacet
  facet normal 0 0 -1
    outer loop
      vertex -49.309 -39.0045 0
      vertex -49.1667 -36.8333 0
      vertex -49.1667 -39.1667 0
    endloop
  endfacet
  facet normal 0 0 -1
    outer loop
      vertex -49.309 -39.0045 0
      vertex -49.309 -36.9955 0
      vertex -49.1667 -36.8333 0
    endloop
  endfacet
  facet normal 0 0 -1
    outer loop
      vertex -49.4289 -38.825 0
      vertex -49.309 -36.9955 0
      vertex -49.309 -39.0045 0
    endloop
  endfacet
  facet normal 0 0 -1
    outer loop
      vertex -49.4289 -38.825 0
      vertex -49.4289 -37.175 0
      vertex -49.309 -36.9955 0
    endloop
  endfacet
  facet normal 0 0 -1
    outer loop
      vertex -49.5244 -38.6314 0
      vertex -49.4289 -37.175 0
      vertex -49.4289 -38.825 0
    endloop
  endfacet
  facet normal 0 0 -1
    outer loop
      vertex -49.5244 -38.6314 0
      vertex -49.5244 -37.3686 0
      vertex -49.4289 -37.175 0
    endloop
  endfacet
  facet normal 0 0 -1
    outer loop
      vertex -49.5938 -38.4271 0
      vertex -49.5244 -37.3686 0
      vertex -49.5244 -38.6314 0
    endloop
  endfacet
  facet normal 0 0 -1
    outer loop
      vertex -49.5938 -38.4271 0
      vertex -49.5938 -37.5729 0
      vertex -49.5244 -37.3686 0
    endloop
  endfacet
  facet normal 0 0 -1
    outer loop
      vertex -49.6359 -38.2154 0
      vertex -49.5938 -37.5729 0
      vertex -49.5938 -38.4271 0
    endloop
  endfacet
  facet normal 0 0 -1
    outer loop
      vertex -49.6359 -38.2154 0
      vertex -49.6359 -37.7846 0
      vertex -49.5938 -37.5729 0
    endloop
  endfacet
  facet normal 0 -0 -1
    outer loop
      vertex -49.6359 -37.7846 0
      vertex -49.6359 -38.2154 0
      vertex -49.65 -38 0
    endloop
  endfacet
  facet normal 0 0 -1
    outer loop
      vertex -46.3641 37.7846 0
      vertex -46.3641 38.2154 0
      vertex -46.35 38 0
    endloop
  endfacet
  facet normal 0 0 -1
    outer loop
      vertex -46.4062 37.5729 0
      vertex -46.3641 38.2154 0
      vertex -46.3641 37.7846 0
    endloop
  endfacet
  facet normal 0 0 -1
    outer loop
      vertex -46.4062 37.5729 0
      vertex -46.4062 38.4271 0
      vertex -46.3641 38.2154 0
    endloop
  endfacet
  facet normal 0 0 -1
    outer loop
      vertex -46.4756 37.3686 0
      vertex -46.4062 38.4271 0
      vertex -46.4062 37.5729 0
    endloop
  endfacet
  facet normal 0 0 -1
    outer loop
      vertex -46.4756 37.3686 0
      vertex -46.4756 38.6314 0
      vertex -46.4062 38.4271 0
    endloop
  endfacet
  facet normal 0 0 -1
    outer loop
      vertex -46.5711 37.175 0
      vertex -46.4756 38.6314 0
      vertex -46.4756 37.3686 0
    endloop
  endfacet
  facet normal 0 0 -1
    outer loop
      vertex -46.5711 37.175 0
      vertex -46.5711 38.825 0
      vertex -46.4756 38.6314 0
    endloop
  endfacet
  facet normal 0 0 -1
    outer loop
      vertex -46.691 36.9955 0
      vertex -46.5711 38.825 0
      vertex -46.5711 37.175 0
    endloop
  endfacet
  facet normal 0 0 -1
    outer loop
      vertex -46.691 36.9955 0
      vertex -46.691 39.0045 0
      vertex -46.5711 38.825 0
    endloop
  endfacet
  facet normal 0 0 -1
    outer loop
      vertex -46.8333 36.8333 0
      vertex -46.691 39.0045 0
      vertex -46.691 36.9955 0
    endloop
  endfacet
  facet normal 0 0 -1
    outer loop
      vertex -46.8333 36.8333 0
      vertex -46.8333 39.1667 0
      vertex -46.691 39.0045 0
    endloop
  endfacet
  facet normal 0 0 -1
    outer loop
      vertex -46.9955 36.691 0
      vertex -46.8333 39.1667 0
      vertex -46.8333 36.8333 0
    endloop
  endfacet
  facet normal 0 0 -1
    outer loop
      vertex -46.9955 36.691 0
      vertex -46.9955 39.309 0
      vertex -46.8333 39.1667 0
    endloop
  endfacet
  facet normal 0 0 -1
    outer loop
      vertex -47.175 36.5711 0
      vertex -46.9955 39.309 0
      vertex -46.9955 36.691 0
    endloop
  endfacet
  facet normal 0 0 -1
    outer loop
      vertex -47.175 36.5711 0
      vertex -47.175 39.4289 0
      vertex -46.9955 39.309 0
    endloop
  endfacet
  facet normal 0 0 -1
    outer loop
      vertex -47.3686 36.4756 0
      vertex -47.175 39.4289 0
      vertex -47.175 36.5711 0
    endloop
  endfacet
  facet normal 0 0 -1
    outer loop
      vertex -47.3686 36.4756 0
      vertex -47.3686 39.5244 0
      vertex -47.175 39.4289 0
    endloop
  endfacet
  facet normal 0 0 -1
    outer loop
      vertex -47.5729 36.4062 0
      vertex -47.3686 39.5244 0
      vertex -47.3686 36.4756 0
    endloop
  endfacet
  facet normal 0 0 -1
    outer loop
      vertex -47.5729 36.4062 0
      vertex -47.5729 39.5938 0
      vertex -47.3686 39.5244 0
    endloop
  endfacet
  facet normal 0 0 -1
    outer loop
      vertex -47.7846 36.3641 0
      vertex -47.5729 39.5938 0
      vertex -47.5729 36.4062 0
    endloop
  endfacet
  facet normal 0 0 -1
    outer loop
      vertex -47.7846 36.3641 0
      vertex -47.7846 39.6359 0
      vertex -47.5729 39.5938 0
    endloop
  endfacet
  facet normal 0 0 -1
    outer loop
      vertex -48 36.35 0
      vertex -47.7846 39.6359 0
      vertex -47.7846 36.3641 0
    endloop
  endfacet
  facet normal 0 0 -1
    outer loop
      vertex -48 36.35 0
      vertex -48 39.65 0
      vertex -47.7846 39.6359 0
    endloop
  endfacet
  facet normal 0 0 -1
    outer loop
      vertex -48.2154 36.3641 0
      vertex -48 39.65 0
      vertex -48 36.35 0
    endloop
  endfacet
  facet normal 0 0 -1
    outer loop
      vertex -48.2154 36.3641 0
      vertex -48.2154 39.6359 0
      vertex -48 39.65 0
    endloop
  endfacet
  facet normal 0 0 -1
    outer loop
      vertex -48.4271 36.4062 0
      vertex -48.2154 39.6359 0
      vertex -48.2154 36.3641 0
    endloop
  endfacet
  facet normal 0 0 -1
    outer loop
      vertex -48.4271 36.4062 0
      vertex -48.4271 39.5938 0
      vertex -48.2154 39.6359 0
    endloop
  endfacet
  facet normal 0 0 -1
    outer loop
      vertex -48.6314 36.4756 0
      vertex -48.4271 39.5938 0
      vertex -48.4271 36.4062 0
    endloop
  endfacet
  facet normal 0 0 -1
    outer loop
      vertex -48.6314 36.4756 0
      vertex -48.6314 39.5244 0
      vertex -48.4271 39.5938 0
    endloop
  endfacet
  facet normal 0 0 -1
    outer loop
      vertex -48.825 36.5711 0
      vertex -48.6314 39.5244 0
      vertex -48.6314 36.4756 0
    endloop
  endfacet
  facet normal 0 0 -1
    outer loop
      vertex -48.825 36.5711 0
      vertex -48.825 39.4289 0
      vertex -48.6314 39.5244 0
    endloop
  endfacet
  facet normal 0 0 -1
    outer loop
      vertex -49.0045 36.691 0
      vertex -48.825 39.4289 0
      vertex -48.825 36.5711 0
    endloop
  endfacet
  facet normal 0 0 -1
    outer loop
      vertex -49.0045 36.691 0
      vertex -49.0045 39.309 0
      vertex -48.825 39.4289 0
    endloop
  endfacet
  facet normal 0 0 -1
    outer loop
      vertex -49.1667 36.8333 0
      vertex -49.0045 39.309 0
      vertex -49.0045 36.691 0
    endloop
  endfacet
  facet normal 0 0 -1
    outer loop
      vertex -49.1667 36.8333 0
      vertex -49.1667 39.1667 0
      vertex -49.0045 39.309 0
    endloop
  endfacet
  facet normal 0 0 -1
    outer loop
      vertex -49.309 36.9955 0
      vertex -49.1667 39.1667 0
      vertex -49.1667 36.8333 0
    endloop
  endfacet
  facet normal 0 0 -1
    outer loop
      vertex -49.309 36.9955 0
      vertex -49.309 39.0045 0
      vertex -49.1667 39.1667 0
    endloop
  endfacet
  facet normal 0 0 -1
    outer loop
      vertex -49.4289 37.175 0
      vertex -49.309 39.0045 0
      vertex -49.309 36.9955 0
    endloop
  endfacet
  facet normal 0 0 -1
    outer loop
      vertex -49.4289 37.175 0
      vertex -49.4289 38.825 0
      vertex -49.309 39.0045 0
    endloop
  endfacet
  facet normal 0 0 -1
    outer loop
      vertex -49.5244 37.3686 0
      vertex -49.4289 38.825 0
      vertex -49.4289 37.175 0
    endloop
  endfacet
  facet normal 0 0 -1
    outer loop
      vertex -49.5244 37.3686 0
      vertex -49.5244 38.6314 0
      vertex -49.4289 38.825 0
    endloop
  endfacet
  facet normal 0 0 -1
    outer loop
      vertex -49.5938 37.5729 0
      vertex -49.5244 38.6314 0
      vertex -49.5244 37.3686 0
    endloop
  endfacet
  facet normal 0 0 -1
    outer loop
      vertex -49.5938 37.5729 0
      vertex -49.5938 38.4271 0
      vertex -49.5244 38.6314 0
    endloop
  endfacet
  facet normal 0 0 -1
    outer loop
      vertex -49.6359 37.7846 0
      vertex -49.5938 38.4271 0
      vertex -49.5938 37.5729 0
    endloop
  endfacet
  facet normal 0 0 -1
    outer loop
      vertex -49.6359 37.7846 0
      vertex -49.6359 38.2154 0
      vertex -49.5938 38.4271 0
    endloop
  endfacet
  facet normal 0 -0 -1
    outer loop
      vertex -49.6359 38.2154 0
      vertex -49.6359 37.7846 0
      vertex -49.65 38 0
    endloop
  endfacet
  facet normal 0 0 -1
    outer loop
      vertex 49.6359 -38.2154 0
      vertex 49.6359 -37.7846 0
      vertex 49.65 -38 0
    endloop
  endfacet
  facet normal 0 0 -1
    outer loop
      vertex 49.5938 -38.4271 0
      vertex 49.6359 -37.7846 0
      vertex 49.6359 -38.2154 0
    endloop
  endfacet
  facet normal 0 0 -1
    outer loop
      vertex 49.5938 -38.4271 0
      vertex 49.5938 -37.5729 0
      vertex 49.6359 -37.7846 0
    endloop
  endfacet
  facet normal 0 0 -1
    outer loop
      vertex 49.5244 -38.6314 0
      vertex 49.5938 -37.5729 0
      vertex 49.5938 -38.4271 0
    endloop
  endfacet
  facet normal 0 0 -1
    outer loop
      vertex 49.5244 -38.6314 0
      vertex 49.5244 -37.3686 0
      vertex 49.5938 -37.5729 0
    endloop
  endfacet
  facet normal 0 0 -1
    outer loop
      vertex 49.4289 -38.825 0
      vertex 49.5244 -37.3686 0
      vertex 49.5244 -38.6314 0
    endloop
  endfacet
  facet normal 0 0 -1
    outer loop
      vertex 49.4289 -38.825 0
      vertex 49.4289 -37.175 0
      vertex 49.5244 -37.3686 0
    endloop
  endfacet
  facet normal 0 0 -1
    outer loop
      vertex 49.309 -39.0045 0
      vertex 49.4289 -37.175 0
      vertex 49.4289 -38.825 0
    endloop
  endfacet
  facet normal 0 0 -1
    outer loop
      vertex 49.309 -39.0045 0
      vertex 49.309 -36.9955 0
      vertex 49.4289 -37.175 0
    endloop
  endfacet
  facet normal 0 0 -1
    outer loop
      vertex 49.1667 -39.1667 0
      vertex 49.309 -36.9955 0
      vertex 49.309 -39.0045 0
    endloop
  endfacet
  facet normal 0 0 -1
    outer loop
      vertex 49.1667 -39.1667 0
      vertex 49.1667 -36.8333 0
      vertex 49.309 -36.9955 0
    endloop
  endfacet
  facet normal 0 0 -1
    outer loop
      vertex 49.0045 -39.309 0
      vertex 49.1667 -36.8333 0
      vertex 49.1667 -39.1667 0
    endloop
  endfacet
  facet normal 0 0 -1
    outer loop
      vertex 49.0045 -39.309 0
      vertex 49.0045 -36.691 0
      vertex 49.1667 -36.8333 0
    endloop
  endfacet
  facet normal 0 0 -1
    outer loop
      vertex 48.825 -39.4289 0
      vertex 49.0045 -36.691 0
      vertex 49.0045 -39.309 0
    endloop
  endfacet
  facet normal 0 0 -1
    outer loop
      vertex 48.825 -39.4289 0
      vertex 48.825 -36.5711 0
      vertex 49.0045 -36.691 0
    endloop
  endfacet
  facet normal 0 0 -1
    outer loop
      vertex 48.6314 -39.5244 0
      vertex 48.825 -36.5711 0
      vertex 48.825 -39.4289 0
    endloop
  endfacet
  facet normal 0 0 -1
    outer loop
      vertex 48.6314 -39.5244 0
      vertex 48.6314 -36.4756 0
      vertex 48.825 -36.5711 0
    endloop
  endfacet
  facet normal 0 0 -1
    outer loop
      vertex 48.4271 -39.5938 0
      vertex 48.6314 -36.4756 0
      vertex 48.6314 -39.5244 0
    endloop
  endfacet
  facet normal 0 0 -1
    outer loop
      vertex 48.4271 -39.5938 0
      vertex 48.4271 -36.4062 0
      vertex 48.6314 -36.4756 0
    endloop
  endfacet
  facet normal 0 0 -1
    outer loop
      vertex 48.2154 -39.6359 0
      vertex 48.4271 -36.4062 0
      vertex 48.4271 -39.5938 0
    endloop
  endfacet
  facet normal 0 0 -1
    outer loop
      vertex 48.2154 -39.6359 0
      vertex 48.2154 -36.3641 0
      vertex 48.4271 -36.4062 0
    endloop
  endfacet
  facet normal 0 0 -1
    outer loop
      vertex 48 -39.65 0
      vertex 48.2154 -36.3641 0
      vertex 48.2154 -39.6359 0
    endloop
  endfacet
  facet normal 0 0 -1
    outer loop
      vertex 48 -39.65 0
      vertex 48 -36.35 0
      vertex 48.2154 -36.3641 0
    endloop
  endfacet
  facet normal 0 0 -1
    outer loop
      vertex 47.7846 -39.6359 0
      vertex 48 -36.35 0
      vertex 48 -39.65 0
    endloop
  endfacet
  facet normal 0 0 -1
    outer loop
      vertex 47.7846 -39.6359 0
      vertex 47.7846 -36.3641 0
      vertex 48 -36.35 0
    endloop
  endfacet
  facet normal 0 0 -1
    outer loop
      vertex 47.5729 -39.5938 0
      vertex 47.7846 -36.3641 0
      vertex 47.7846 -39.6359 0
    endloop
  endfacet
  facet normal 0 0 -1
    outer loop
      vertex 47.5729 -39.5938 0
      vertex 47.5729 -36.4062 0
      vertex 47.7846 -36.3641 0
    endloop
  endfacet
  facet normal 0 0 -1
    outer loop
      vertex 47.3686 -39.5244 0
      vertex 47.5729 -36.4062 0
      vertex 47.5729 -39.5938 0
    endloop
  endfacet
  facet normal 0 0 -1
    outer loop
      vertex 47.3686 -39.5244 0
      vertex 47.3686 -36.4756 0
      vertex 47.5729 -36.4062 0
    endloop
  endfacet
  facet normal 0 0 -1
    outer loop
      vertex 47.175 -39.4289 0
      vertex 47.3686 -36.4756 0
      vertex 47.3686 -39.5244 0
    endloop
  endfacet
  facet normal 0 0 -1
    outer loop
      vertex 47.175 -39.4289 0
      vertex 47.175 -36.5711 0
      vertex 47.3686 -36.4756 0
    endloop
  endfacet
  facet normal 0 0 -1
    outer loop
      vertex 46.9955 -39.309 0
      vertex 47.175 -36.5711 0
      vertex 47.175 -39.4289 0
    endloop
  endfacet
  facet normal 0 0 -1
    outer loop
      vertex 46.9955 -39.309 0
      vertex 46.9955 -36.691 0
      vertex 47.175 -36.5711 0
    endloop
  endfacet
  facet normal 0 0 -1
    outer loop
      vertex 46.8333 -39.1667 0
      vertex 46.9955 -36.691 0
      vertex 46.9955 -39.309 0
    endloop
  endfacet
  facet normal 0 0 -1
    outer loop
      vertex 46.8333 -39.1667 0
      vertex 46.8333 -36.8333 0
      vertex 46.9955 -36.691 0
    endloop
  endfacet
  facet normal 0 0 -1
    outer loop
      vertex 46.691 -39.0045 0
      vertex 46.8333 -36.8333 0
      vertex 46.8333 -39.1667 0
    endloop
  endfacet
  facet normal 0 0 -1
    outer loop
      vertex 46.691 -39.0045 0
      vertex 46.691 -36.9955 0
      vertex 46.8333 -36.8333 0
    endloop
  endfacet
  facet normal 0 0 -1
    outer loop
      vertex 46.5711 -38.825 0
      vertex 46.691 -36.9955 0
      vertex 46.691 -39.0045 0
    endloop
  endfacet
  facet normal 0 0 -1
    outer loop
      vertex 46.5711 -38.825 0
      vertex 46.5711 -37.175 0
      vertex 46.691 -36.9955 0
    endloop
  endfacet
  facet normal 0 0 -1
    outer loop
      vertex 46.4756 -38.6314 0
      vertex 46.5711 -37.175 0
      vertex 46.5711 -38.825 0
    endloop
  endfacet
  facet normal 0 0 -1
    outer loop
      vertex 46.4756 -38.6314 0
      vertex 46.4756 -37.3686 0
      vertex 46.5711 -37.175 0
    endloop
  endfacet
  facet normal 0 0 -1
    outer loop
      vertex 46.4062 -38.4271 0
      vertex 46.4756 -37.3686 0
      vertex 46.4756 -38.6314 0
    endloop
  endfacet
  facet normal 0 0 -1
    outer loop
      vertex 46.4062 -38.4271 0
      vertex 46.4062 -37.5729 0
      vertex 46.4756 -37.3686 0
    endloop
  endfacet
  facet normal 0 0 -1
    outer loop
      vertex 46.3641 -38.2154 0
      vertex 46.4062 -37.5729 0
      vertex 46.4062 -38.4271 0
    endloop
  endfacet
  facet normal 0 0 -1
    outer loop
      vertex 46.3641 -38.2154 0
      vertex 46.3641 -37.7846 0
      vertex 46.4062 -37.5729 0
    endloop
  endfacet
  facet normal 0 -0 -1
    outer loop
      vertex 46.3641 -37.7846 0
      vertex 46.3641 -38.2154 0
      vertex 46.35 -38 0
    endloop
  endfacet
  facet normal 0 0 -1
    outer loop
      vertex 49.6359 37.7846 0
      vertex 49.6359 38.2154 0
      vertex 49.65 38 0
    endloop
  endfacet
  facet normal 0 0 -1
    outer loop
      vertex 49.5938 37.5729 0
      vertex 49.6359 38.2154 0
      vertex 49.6359 37.7846 0
    endloop
  endfacet
  facet normal 0 0 -1
    outer loop
      vertex 49.5938 37.5729 0
      vertex 49.5938 38.4271 0
      vertex 49.6359 38.2154 0
    endloop
  endfacet
  facet normal 0 0 -1
    outer loop
      vertex 49.5244 37.3686 0
      vertex 49.5938 38.4271 0
      vertex 49.5938 37.5729 0
    endloop
  endfacet
  facet normal 0 0 -1
    outer loop
      vertex 49.5244 37.3686 0
      vertex 49.5244 38.6314 0
      vertex 49.5938 38.4271 0
    endloop
  endfacet
  facet normal 0 0 -1
    outer loop
      vertex 49.4289 37.175 0
      vertex 49.5244 38.6314 0
      vertex 49.5244 37.3686 0
    endloop
  endfacet
  facet normal 0 0 -1
    outer loop
      vertex 49.4289 37.175 0
      vertex 49.4289 38.825 0
      vertex 49.5244 38.6314 0
    endloop
  endfacet
  facet normal 0 0 -1
    outer loop
      vertex 49.309 36.9955 0
      vertex 49.4289 38.825 0
      vertex 49.4289 37.175 0
    endloop
  endfacet
  facet normal 0 0 -1
    outer loop
      vertex 49.309 36.9955 0
      vertex 49.309 39.0045 0
      vertex 49.4289 38.825 0
    endloop
  endfacet
  facet normal 0 0 -1
    outer loop
      vertex 49.1667 36.8333 0
      vertex 49.309 39.0045 0
      vertex 49.309 36.9955 0
    endloop
  endfacet
  facet normal 0 0 -1
    outer loop
      vertex 49.1667 36.8333 0
      vertex 49.1667 39.1667 0
      vertex 49.309 39.0045 0
    endloop
  endfacet
  facet normal 0 0 -1
    outer loop
      vertex 49.0045 36.691 0
      vertex 49.1667 39.1667 0
      vertex 49.1667 36.8333 0
    endloop
  endfacet
  facet normal 0 0 -1
    outer loop
      vertex 49.0045 36.691 0
      vertex 49.0045 39.309 0
      vertex 49.1667 39.1667 0
    endloop
  endfacet
  facet normal 0 0 -1
    outer loop
      vertex 48.825 36.5711 0
      vertex 49.0045 39.309 0
      vertex 49.0045 36.691 0
    endloop
  endfacet
  facet normal 0 0 -1
    outer loop
      vertex 48.825 36.5711 0
      vertex 48.825 39.4289 0
      vertex 49.0045 39.309 0
    endloop
  endfacet
  facet normal 0 0 -1
    outer loop
      vertex 48.6314 36.4756 0
      vertex 48.825 39.4289 0
      vertex 48.825 36.5711 0
    endloop
  endfacet
  facet normal 0 0 -1
    outer loop
      vertex 48.6314 36.4756 0
      vertex 48.6314 39.5244 0
      vertex 48.825 39.4289 0
    endloop
  endfacet
  facet normal 0 0 -1
    outer loop
      vertex 48.4271 36.4062 0
      vertex 48.6314 39.5244 0
      vertex 48.6314 36.4756 0
    endloop
  endfacet
  facet normal 0 0 -1
    outer loop
      vertex 48.4271 36.4062 0
      vertex 48.4271 39.5938 0
      vertex 48.6314 39.5244 0
    endloop
  endfacet
  facet normal 0 0 -1
    outer loop
      vertex 48.2154 36.3641 0
      vertex 48.4271 39.5938 0
      vertex 48.4271 36.4062 0
    endloop
  endfacet
  facet normal 0 0 -1
    outer loop
      vertex 48.2154 36.3641 0
      vertex 48.2154 39.6359 0
      vertex 48.4271 39.5938 0
    endloop
  endfacet
  facet normal 0 0 -1
    outer loop
      vertex 48 36.35 0
      vertex 48.2154 39.6359 0
      vertex 48.2154 36.3641 0
    endloop
  endfacet
  facet normal 0 0 -1
    outer loop
      vertex 48 36.35 0
      vertex 48 39.65 0
      vertex 48.2154 39.6359 0
    endloop
  endfacet
  facet normal 0 0 -1
    outer loop
      vertex 47.7846 36.3641 0
      vertex 48 39.65 0
      vertex 48 36.35 0
    endloop
  endfacet
  facet normal 0 0 -1
    outer loop
      vertex 47.7846 36.3641 0
      vertex 47.7846 39.6359 0
      vertex 48 39.65 0
    endloop
  endfacet
  facet normal 0 0 -1
    outer loop
      vertex 47.5729 36.4062 0
      vertex 47.7846 39.6359 0
      vertex 47.7846 36.3641 0
    endloop
  endfacet
  facet normal 0 0 -1
    outer loop
      vertex 47.5729 36.4062 0
      vertex 47.5729 39.5938 0
      vertex 47.7846 39.6359 0
    endloop
  endfacet
  facet normal 0 0 -1
    outer loop
      vertex 47.3686 36.4756 0
      vertex 47.5729 39.5938 0
      vertex 47.5729 36.4062 0
    endloop
  endfacet
  facet normal 0 0 -1
    outer loop
      vertex 47.3686 36.4756 0
      vertex 47.3686 39.5244 0
      vertex 47.5729 39.5938 0
    endloop
  endfacet
  facet normal 0 0 -1
    outer loop
      vertex 47.175 36.5711 0
      vertex 47.3686 39.5244 0
      vertex 47.3686 36.4756 0
    endloop
  endfacet
  facet normal 0 0 -1
    outer loop
      vertex 47.175 36.5711 0
      vertex 47.175 39.4289 0
      vertex 47.3686 39.5244 0
    endloop
  endfacet
  facet normal 0 0 -1
    outer loop
      vertex 46.9955 36.691 0
      vertex 47.175 39.4289 0
      vertex 47.175 36.5711 0
    endloop
  endfacet
  facet normal 0 0 -1
    outer loop
      vertex 46.9955 36.691 0
      vertex 46.9955 39.309 0
      vertex 47.175 39.4289 0
    endloop
  endfacet
  facet normal 0 0 -1
    outer loop
      vertex 46.8333 36.8333 0
      vertex 46.9955 39.309 0
      vertex 46.9955 36.691 0
    endloop
  endfacet
  facet normal 0 0 -1
    outer loop
      vertex 46.8333 36.8333 0
      vertex 46.8333 39.1667 0
      vertex 46.9955 39.309 0
    endloop
  endfacet
  facet normal 0 0 -1
    outer loop
      vertex 46.691 36.9955 0
      vertex 46.8333 39.1667 0
      vertex 46.8333 36.8333 0
    endloop
  endfacet
  facet normal 0 0 -1
    outer loop
      vertex 46.691 36.9955 0
      vertex 46.691 39.0045 0
      vertex 46.8333 39.1667 0
    endloop
  endfacet
  facet normal 0 0 -1
    outer loop
      vertex 46.5711 37.175 0
      vertex 46.691 39.0045 0
      vertex 46.691 36.9955 0
    endloop
  endfacet
  facet normal 0 0 -1
    outer loop
      vertex 46.5711 37.175 0
      vertex 46.5711 38.825 0
      vertex 46.691 39.0045 0
    endloop
  endfacet
  facet normal 0 0 -1
    outer loop
      vertex 46.4756 37.3686 0
      vertex 46.5711 38.825 0
      vertex 46.5711 37.175 0
    endloop
  endfacet
  facet normal 0 0 -1
    outer loop
      vertex 46.4756 37.3686 0
      vertex 46.4756 38.6314 0
      vertex 46.5711 38.825 0
    endloop
  endfacet
  facet normal 0 0 -1
    outer loop
      vertex 46.4062 37.5729 0
      vertex 46.4756 38.6314 0
      vertex 46.4756 37.3686 0
    endloop
  endfacet
  facet normal 0 0 -1
    outer loop
      vertex 46.4062 37.5729 0
      vertex 46.4062 38.4271 0
      vertex 46.4756 38.6314 0
    endloop
  endfacet
  facet normal 0 0 -1
    outer loop
      vertex 46.3641 37.7846 0
      vertex 46.4062 38.4271 0
      vertex 46.4062 37.5729 0
    endloop
  endfacet
  facet normal 0 0 -1
    outer loop
      vertex 46.3641 37.7846 0
      vertex 46.3641 38.2154 0
      vertex 46.4062 38.4271 0
    endloop
  endfacet
  facet normal 0 -0 -1
    outer loop
      vertex 46.3641 38.2154 0
      vertex 46.3641 37.7846 0
      vertex 46.35 38 0
    endloop
  endfacet
  facet normal -0.980779 -0.195124 0
    outer loop
      vertex -67.7274 -41.0706 0
      vertex -67.9316 -40.0442 3.2
      vertex -67.9316 -40.0442 0
    endloop
  endfacet
  facet normal -0.980779 -0.195124 0
    outer loop
      vertex -67.9316 -40.0442 3.2
      vertex -67.7274 -41.0706 0
      vertex -67.7274 -41.0706 3.2
    endloop
  endfacet
  facet normal -1 0 0
    outer loop
      vertex -68 -39 0
      vertex -68 39 3.2
      vertex -68 39 0
    endloop
  endfacet
  facet normal -1 -0 0
    outer loop
      vertex -68 39 3.2
      vertex -68 -39 0
      vertex -68 -39 3.2
    endloop
  endfacet
  facet normal 0.997861 0.0653646 0
    outer loop
      vertex 68 39 3.2
      vertex 67.9316 40.0442 0
      vertex 67.9316 40.0442 3.2
    endloop
  endfacet
  facet normal 0.997861 0.0653646 0
    outer loop
      vertex 67.9316 40.0442 0
      vertex 68 39 3.2
      vertex 68 39 0
    endloop
  endfacet
  facet normal -0.997861 -0.0653646 0
    outer loop
      vertex -67.9316 -40.0442 0
      vertex -68 -39 3.2
      vertex -68 -39 0
    endloop
  endfacet
  facet normal -0.997861 -0.0653646 0
    outer loop
      vertex -68 -39 3.2
      vertex -67.9316 -40.0442 0
      vertex -67.9316 -40.0442 3.2
    endloop
  endfacet
  facet normal 0.442276 -0.896879 0
    outer loop
      vertex 63.0615 -46.391 0
      vertex 64 -45.9282 3.2
      vertex 63.0615 -46.391 3.2
    endloop
  endfacet
  facet normal 0.442276 -0.896879 0
    outer loop
      vertex 64 -45.9282 3.2
      vertex 63.0615 -46.391 0
      vertex 64 -45.9282 0
    endloop
  endfacet
  facet normal -0.442276 0.896879 0
    outer loop
      vertex -63.0615 46.391 0
      vertex -64 45.9282 3.2
      vertex -63.0615 46.391 3.2
    endloop
  endfacet
  facet normal -0.442276 0.896879 0
    outer loop
      vertex -64 45.9282 3.2
      vertex -63.0615 46.391 0
      vertex -64 45.9282 0
    endloop
  endfacet
  facet normal -0 0 1
    outer loop
      vertex -48 -4.5 3.2
      vertex -44.1029 -9.75 3.2
      vertex -44.1029 -2.25 3.2
    endloop
  endfacet
  facet normal 0 0 1
    outer loop
      vertex -48 -4.5 3.2
      vertex -48 -7.5 3.2
      vertex -44.1029 -9.75 3.2
    endloop
  endfacet
  facet normal 0 0 1
    outer loop
      vertex -51.8971 -2.25 3.2
      vertex -48 -7.5 3.2
      vertex -48 -4.5 3.2
    endloop
  endfacet
  facet normal 0 0 1
    outer loop
      vertex -48 -7.5 3.2
      vertex -51.8971 -2.25 3.2
      vertex -51.8971 -9.75 3.2
    endloop
  endfacet
  facet normal -0 0 1
    outer loop
      vertex -48 7.5 3.2
      vertex -44.1029 2.25 3.2
      vertex -44.1029 9.75 3.2
    endloop
  endfacet
  facet normal 0 0 1
    outer loop
      vertex -48 7.5 3.2
      vertex -48 4.5 3.2
      vertex -44.1029 2.25 3.2
    endloop
  endfacet
  facet normal 0 0 1
    outer loop
      vertex -51.8971 9.75 3.2
      vertex -48 4.5 3.2
      vertex -48 7.5 3.2
    endloop
  endfacet
  facet normal 0 0 1
    outer loop
      vertex -48 4.5 3.2
      vertex -51.8971 9.75 3.2
      vertex -51.8971 2.25 3.2
    endloop
  endfacet
  facet normal -0 0 1
    outer loop
      vertex -36 -4.5 3.2
      vertex -32.1029 -9.75 3.2
      vertex -32.1029 -2.25 3.2
    endloop
  endfacet
  facet normal 0 0 1
    outer loop
      vertex -36 -4.5 3.2
      vertex -36 -7.5 3.2
      vertex -32.1029 -9.75 3.2
    endloop
  endfacet
  facet normal 0 0 1
    outer loop
      vertex -39.8971 -2.25 3.2
      vertex -36 -7.5 3.2
      vertex -36 -4.5 3.2
    endloop
  endfacet
  facet normal 0 0 1
    outer loop
      vertex -36 -7.5 3.2
      vertex -39.8971 -2.25 3.2
      vertex -39.8971 -9.75 3.2
    endloop
  endfacet
  facet normal -0 0 1
    outer loop
      vertex -36 7.5 3.2
      vertex -32.1029 2.25 3.2
      vertex -32.1029 9.75 3.2
    endloop
  endfacet
  facet normal 0 0 1
    outer loop
      vertex -36 7.5 3.2
      vertex -36 4.5 3.2
      vertex -32.1029 2.25 3.2
    endloop
  endfacet
  facet normal 0 0 1
    outer loop
      vertex -39.8971 9.75 3.2
      vertex -36 4.5 3.2
      vertex -36 7.5 3.2
    endloop
  endfacet
  facet normal 0 0 1
    outer loop
      vertex -36 4.5 3.2
      vertex -39.8971 9.75 3.2
      vertex -39.8971 2.25 3.2
    endloop
  endfacet
  facet normal 0 0 1
    outer loop
      vertex 60 47 3.2
      vertex 68 39 3.2
      vertex 67.9316 40.0442 3.2
    endloop
  endfacet
  facet normal 0 0 1
    outer loop
      vertex 68 39 3.2
      vertex 67.5 9.2 3.2
      vertex 68 -39 3.2
    endloop
  endfacet
  facet normal 0 0 1
    outer loop
      vertex 60 47 3.2
      vertex 67.9316 40.0442 3.2
      vertex 67.7274 41.0706 3.2
    endloop
  endfacet
  facet normal -0 0 1
    outer loop
      vertex 67.5 -9.2 3.2
      vertex 68 -39 3.2
      vertex 67.5 9.2 3.2
    endloop
  endfacet
  facet normal -0 0 1
    outer loop
      vertex 36.5 -9.2 3.2
      vertex 68 -39 3.2
      vertex 67.5 -9.2 3.2
    endloop
  endfacet
  facet normal 0 0 1
    outer loop
      vertex 60 47 3.2
      vertex 67.7274 41.0706 3.2
      vertex 67.391 42.0615 3.2
    endloop
  endfacet
  facet normal 0 0 1
    outer loop
      vertex 60 47 3.2
      vertex 67.391 42.0615 3.2
      vertex 66.9282 43 3.2
    endloop
  endfacet
  facet normal 0 0 1
    outer loop
      vertex 60 47 3.2
      vertex 66.9282 43 3.2
      vertex 66.3468 43.8701 3.2
    endloop
  endfacet
  facet normal 0 0 1
    outer loop
      vertex 60 47 3.2
      vertex 66.3468 43.8701 3.2
      vertex 65.6569 44.6569 3.2
    endloop
  endfacet
  facet normal 0 0 1
    outer loop
      vertex 60 47 3.2
      vertex 65.6569 44.6569 3.2
      vertex 64.8701 45.3468 3.2
    endloop
  endfacet
  facet normal 0 0 1
    outer loop
      vertex 60 47 3.2
      vertex 64.8701 45.3468 3.2
      vertex 64 45.9282 3.2
    endloop
  endfacet
  facet normal 0 0 1
    outer loop
      vertex 60 47 3.2
      vertex 64 45.9282 3.2
      vertex 63.0615 46.391 3.2
    endloop
  endfacet
  facet normal 0 0 1
    outer loop
      vertex 60 47 3.2
      vertex 63.0615 46.391 3.2
      vertex 62.0706 46.7274 3.2
    endloop
  endfacet
  facet normal 0 0 1
    outer loop
      vertex 60 47 3.2
      vertex 62.0706 46.7274 3.2
      vertex 61.0442 46.9316 3.2
    endloop
  endfacet
  facet normal 0 0 1
    outer loop
      vertex 68 39 3.2
      vertex 60 47 3.2
      vertex 36.5 9.2 3.2
    endloop
  endfacet
  facet normal 0 0 1
    outer loop
      vertex 68 39 3.2
      vertex 36.5 9.2 3.2
      vertex 67.5 9.2 3.2
    endloop
  endfacet
  facet normal -0 0 1
    outer loop
      vertex -32.1029 9.75 3.2
      vertex 36.5 9.2 3.2
      vertex -32.1029 14.25 3.2
    endloop
  endfacet
  facet normal 0 0 1
    outer loop
      vertex 60 47 3.2
      vertex -32.1029 14.25 3.2
      vertex 36.5 9.2 3.2
    endloop
  endfacet
  facet normal -0 0 1
    outer loop
      vertex -60 47 3.2
      vertex -32.1029 14.25 3.2
      vertex 60 47 3.2
    endloop
  endfacet
  facet normal 0 0 1
    outer loop
      vertex -44.1029 9.75 3.2
      vertex -39.8971 9.75 3.2
      vertex -39.8971 14.25 3.2
    endloop
  endfacet
  facet normal 0 0 1
    outer loop
      vertex -39.8971 9.75 3.2
      vertex -44.1029 9.75 3.2
      vertex -39.8971 2.25 3.2
    endloop
  endfacet
  facet normal 0 0 1
    outer loop
      vertex -39.8971 2.25 3.2
      vertex -44.1029 2.25 3.2
      vertex -39.8971 -2.25 3.2
    endloop
  endfacet
  facet normal 0 0 1
    outer loop
      vertex -44.1029 -2.25 3.2
      vertex -39.8971 -2.25 3.2
      vertex -44.1029 2.25 3.2
    endloop
  endfacet
  facet normal 0 0 1
    outer loop
      vertex -44.1029 9.75 3.2
      vertex -39.8971 14.25 3.2
      vertex -44.1029 14.25 3.2
    endloop
  endfacet
  facet normal 0 0 1
    outer loop
      vertex -36 16.5 3.2
      vertex -44.1029 14.25 3.2
      vertex -39.8971 14.25 3.2
    endloop
  endfacet
  facet normal 0 0 1
    outer loop
      vertex -32.1029 14.25 3.2
      vertex -60 47 3.2
      vertex -36 16.5 3.2
    endloop
  endfacet
  facet normal 0 -0 1
    outer loop
      vertex -48 16.5 3.2
      vertex -36 16.5 3.2
      vertex -60 47 3.2
    endloop
  endfacet
  facet normal 0 0 1
    outer loop
      vertex -68 39 3.2
      vertex -51.8971 9.75 3.2
      vertex -51.8971 14.25 3.2
    endloop
  endfacet
  facet normal 0 0 1
    outer loop
      vertex -51.8971 9.75 3.2
      vertex -68 39 3.2
      vertex -51.8971 2.25 3.2
    endloop
  endfacet
  facet normal 0 0 1
    outer loop
      vertex -51.8971 2.25 3.2
      vertex -68 39 3.2
      vertex -51.8971 -2.25 3.2
    endloop
  endfacet
  facet normal 0 0 1
    outer loop
      vertex -68 -39 3.2
      vertex -51.8971 -2.25 3.2
      vertex -68 39 3.2
    endloop
  endfacet
  facet normal 0 0 1
    outer loop
      vertex -48 16.5 3.2
      vertex -68 39 3.2
      vertex -51.8971 14.25 3.2
    endloop
  endfacet
  facet normal -0 0 1
    outer loop
      vertex -68 39 3.2
      vertex -48 16.5 3.2
      vertex -60 47 3.2
    endloop
  endfacet
  facet normal 0 0 1
    outer loop
      vertex -36 16.5 3.2
      vertex -48 16.5 3.2
      vertex -44.1029 14.25 3.2
    endloop
  endfacet
  facet normal 0 -0 1
    outer loop
      vertex 60 -47 3.2
      vertex 68 -39 3.2
      vertex 36.5 -9.2 3.2
    endloop
  endfacet
  facet normal 0 0 1
    outer loop
      vertex 68 -39 3.2
      vertex 60 -47 3.2
      vertex 67.9316 -40.0442 3.2
    endloop
  endfacet
  facet normal 0 0 1
    outer loop
      vertex 67.9316 -40.0442 3.2
      vertex 60 -47 3.2
      vertex 67.7274 -41.0706 3.2
    endloop
  endfacet
  facet normal 0 0 1
    outer loop
      vertex 67.391 -42.0615 3.2
      vertex 60 -47 3.2
      vertex 66.9282 -43 3.2
    endloop
  endfacet
  facet normal 0 0 1
    outer loop
      vertex 66.9282 -43 3.2
      vertex 60 -47 3.2
      vertex 66.3468 -43.8701 3.2
    endloop
  endfacet
  facet normal 0 0 1
    outer loop
      vertex 66.3468 -43.8701 3.2
      vertex 60 -47 3.2
      vertex 65.6569 -44.6569 3.2
    endloop
  endfacet
  facet normal 0 0 1
    outer loop
      vertex 65.6569 -44.6569 3.2
      vertex 60 -47 3.2
      vertex 64.8701 -45.3468 3.2
    endloop
  endfacet
  facet normal 0 0 1
    outer loop
      vertex 64.8701 -45.3468 3.2
      vertex 60 -47 3.2
      vertex 64 -45.9282 3.2
    endloop
  endfacet
  facet normal 0 0 1
    outer loop
      vertex 64 -45.9282 3.2
      vertex 60 -47 3.2
      vertex 63.0615 -46.391 3.2
    endloop
  endfacet
  facet normal 0 0 1
    outer loop
      vertex 63.0615 -46.391 3.2
      vertex 60 -47 3.2
      vertex 62.0706 -46.7274 3.2
    endloop
  endfacet
  facet normal 0 0 1
    outer loop
      vertex 62.0706 -46.7274 3.2
      vertex 60 -47 3.2
      vertex 61.0442 -46.9316 3.2
    endloop
  endfacet
  facet normal 0 0 1
    outer loop
      vertex 67.7274 -41.0706 3.2
      vertex 60 -47 3.2
      vertex 67.391 -42.0615 3.2
    endloop
  endfacet
  facet normal 0 0 1
    outer loop
      vertex -32.1029 2.25 3.2
      vertex 36.5 9.2 3.2
      vertex -32.1029 9.75 3.2
    endloop
  endfacet
  facet normal 0 0 1
    outer loop
      vertex 36.5 9.2 3.2
      vertex -32.1029 2.25 3.2
      vertex 36.5 -9.2 3.2
    endloop
  endfacet
  facet normal -0 0 1
    outer loop
      vertex -32.1029 -2.25 3.2
      vertex 36.5 -9.2 3.2
      vertex -32.1029 2.25 3.2
    endloop
  endfacet
  facet normal 0 0 1
    outer loop
      vertex -32.1029 -9.75 3.2
      vertex 36.5 -9.2 3.2
      vertex -32.1029 -2.25 3.2
    endloop
  endfacet
  facet normal 0 0 1
    outer loop
      vertex -32.1029 -14.25 3.2
      vertex 36.5 -9.2 3.2
      vertex -32.1029 -9.75 3.2
    endloop
  endfacet
  facet normal 0 0 1
    outer loop
      vertex 36.5 -9.2 3.2
      vertex -32.1029 -14.25 3.2
      vertex 60 -47 3.2
    endloop
  endfacet
  facet normal 0 0 1
    outer loop
      vertex -60 -47 3.2
      vertex -32.1029 -14.25 3.2
      vertex -36 -16.5 3.2
    endloop
  endfacet
  facet normal 0 0 1
    outer loop
      vertex -39.8971 2.25 3.2
      vertex -44.1029 9.75 3.2
      vertex -44.1029 2.25 3.2
    endloop
  endfacet
  facet normal 0 0 1
    outer loop
      vertex -39.8971 -2.25 3.2
      vertex -44.1029 -2.25 3.2
      vertex -39.8971 -9.75 3.2
    endloop
  endfacet
  facet normal 0 0 1
    outer loop
      vertex -44.1029 -9.75 3.2
      vertex -39.8971 -9.75 3.2
      vertex -44.1029 -2.25 3.2
    endloop
  endfacet
  facet normal 0 0 1
    outer loop
      vertex -39.8971 -9.75 3.2
      vertex -44.1029 -9.75 3.2
      vertex -39.8971 -14.25 3.2
    endloop
  endfacet
  facet normal 0 0 1
    outer loop
      vertex -44.1029 -14.25 3.2
      vertex -39.8971 -14.25 3.2
      vertex -44.1029 -9.75 3.2
    endloop
  endfacet
  facet normal -0 0 1
    outer loop
      vertex -44.1029 -14.25 3.2
      vertex -36 -16.5 3.2
      vertex -39.8971 -14.25 3.2
    endloop
  endfacet
  facet normal 0 0 1
    outer loop
      vertex -48 -16.5 3.2
      vertex -36 -16.5 3.2
      vertex -44.1029 -14.25 3.2
    endloop
  endfacet
  facet normal 0 0 1
    outer loop
      vertex -36 -16.5 3.2
      vertex -48 -16.5 3.2
      vertex -60 -47 3.2
    endloop
  endfacet
  facet normal 0 0 1
    outer loop
      vertex -32.1029 -14.25 3.2
      vertex -60 -47 3.2
      vertex 60 -47 3.2
    endloop
  endfacet
  facet normal 0 0 1
    outer loop
      vertex -68 -39 3.2
      vertex -48 -16.5 3.2
      vertex -51.8971 -14.25 3.2
    endloop
  endfacet
  facet normal 0 0 1
    outer loop
      vertex -51.8971 -2.25 3.2
      vertex -68 -39 3.2
      vertex -51.8971 -9.75 3.2
    endloop
  endfacet
  facet normal 0 0 1
    outer loop
      vertex -68 39 3.2
      vertex -60 47 3.2
      vertex -61.0442 46.9316 3.2
    endloop
  endfacet
  facet normal 0 0 1
    outer loop
      vertex -51.8971 -9.75 3.2
      vertex -68 -39 3.2
      vertex -51.8971 -14.25 3.2
    endloop
  endfacet
  facet normal 0 0 1
    outer loop
      vertex -68 39 3.2
      vertex -61.0442 46.9316 3.2
      vertex -62.0706 46.7274 3.2
    endloop
  endfacet
  facet normal 0 0 1
    outer loop
      vertex -48 -16.5 3.2
      vertex -68 -39 3.2
      vertex -60 -47 3.2
    endloop
  endfacet
  facet normal 0 0 1
    outer loop
      vertex -68 39 3.2
      vertex -62.0706 46.7274 3.2
      vertex -63.0615 46.391 3.2
    endloop
  endfacet
  facet normal 0 0 1
    outer loop
      vertex -60 -47 3.2
      vertex -68 -39 3.2
      vertex -61.0442 -46.9316 3.2
    endloop
  endfacet
  facet normal 0 0 1
    outer loop
      vertex -68 39 3.2
      vertex -63.0615 46.391 3.2
      vertex -64 45.9282 3.2
    endloop
  endfacet
  facet normal 0 0 1
    outer loop
      vertex -61.0442 -46.9316 3.2
      vertex -68 -39 3.2
      vertex -62.0706 -46.7274 3.2
    endloop
  endfacet
  facet normal 0 0 1
    outer loop
      vertex -68 39 3.2
      vertex -64 45.9282 3.2
      vertex -64.8701 45.3468 3.2
    endloop
  endfacet
  facet normal 0 0 1
    outer loop
      vertex -62.0706 -46.7274 3.2
      vertex -68 -39 3.2
      vertex -63.0615 -46.391 3.2
    endloop
  endfacet
  facet normal 0 0 1
    outer loop
      vertex -68 39 3.2
      vertex -64.8701 45.3468 3.2
      vertex -65.6569 44.6569 3.2
    endloop
  endfacet
  facet normal 0 0 1
    outer loop
      vertex -63.0615 -46.391 3.2
      vertex -68 -39 3.2
      vertex -64 -45.9282 3.2
    endloop
  endfacet
  facet normal 0 0 1
    outer loop
      vertex -68 39 3.2
      vertex -65.6569 44.6569 3.2
      vertex -66.3468 43.8701 3.2
    endloop
  endfacet
  facet normal 0 0 1
    outer loop
      vertex -64 -45.9282 3.2
      vertex -68 -39 3.2
      vertex -64.8701 -45.3468 3.2
    endloop
  endfacet
  facet normal 0 0 1
    outer loop
      vertex -68 39 3.2
      vertex -66.3468 43.8701 3.2
      vertex -66.9282 43 3.2
    endloop
  endfacet
  facet normal 0 0 1
    outer loop
      vertex -64.8701 -45.3468 3.2
      vertex -68 -39 3.2
      vertex -65.6569 -44.6569 3.2
    endloop
  endfacet
  facet normal 0 0 1
    outer loop
      vertex -68 39 3.2
      vertex -66.9282 43 3.2
      vertex -67.391 42.0615 3.2
    endloop
  endfacet
  facet normal 0 0 1
    outer loop
      vertex -65.6569 -44.6569 3.2
      vertex -68 -39 3.2
      vertex -66.3468 -43.8701 3.2
    endloop
  endfacet
  facet normal 0 0 1
    outer loop
      vertex -68 39 3.2
      vertex -67.391 42.0615 3.2
      vertex -67.7274 41.0706 3.2
    endloop
  endfacet
  facet normal 0 0 1
    outer loop
      vertex -66.3468 -43.8701 3.2
      vertex -68 -39 3.2
      vertex -66.9282 -43 3.2
    endloop
  endfacet
  facet normal 0 0 1
    outer loop
      vertex -68 39 3.2
      vertex -67.7274 41.0706 3.2
      vertex -67.9316 40.0442 3.2
    endloop
  endfacet
  facet normal 0 0 1
    outer loop
      vertex -66.9282 -43 3.2
      vertex -68 -39 3.2
      vertex -67.391 -42.0615 3.2
    endloop
  endfacet
  facet normal 0 0 1
    outer loop
      vertex -67.391 -42.0615 3.2
      vertex -68 -39 3.2
      vertex -67.7274 -41.0706 3.2
    endloop
  endfacet
  facet normal 0 0 1
    outer loop
      vertex -67.7274 -41.0706 3.2
      vertex -68 -39 3.2
      vertex -67.9316 -40.0442 3.2
    endloop
  endfacet
  facet normal -0 0 1
    outer loop
      vertex 40.5 6.2 3.2
      vertex 63.5 -6.2 3.2
      vertex 63.5 6.2 3.2
    endloop
  endfacet
  facet normal 0 0 1
    outer loop
      vertex 63.5 -6.2 3.2
      vertex 40.5 6.2 3.2
      vertex 40.5 -6.2 3.2
    endloop
  endfacet
  facet normal -0.0653646 -0.997861 0
    outer loop
      vertex -61.0442 -46.9316 0
      vertex -60 -47 3.2
      vertex -61.0442 -46.9316 3.2
    endloop
  endfacet
  facet normal -0.0653646 -0.997861 -0
    outer loop
      vertex -60 -47 3.2
      vertex -61.0442 -46.9316 0
      vertex -60 -47 0
    endloop
  endfacet
  facet normal 0.0653646 0.997861 -0
    outer loop
      vertex 61.0442 46.9316 0
      vertex 60 47 3.2
      vertex 61.0442 46.9316 3.2
    endloop
  endfacet
  facet normal 0.0653646 0.997861 0
    outer loop
      vertex 60 47 3.2
      vertex 61.0442 46.9316 0
      vertex 60 47 0
    endloop
  endfacet
  facet normal 0 1 -0
    outer loop
      vertex 60 47 0
      vertex -60 47 3.2
      vertex 60 47 3.2
    endloop
  endfacet
  facet normal 0 1 0
    outer loop
      vertex -60 47 3.2
      vertex 60 47 0
      vertex -60 47 0
    endloop
  endfacet
  facet normal -0.997861 0.0653646 0
    outer loop
      vertex -68 39 0
      vertex -67.9316 40.0442 3.2
      vertex -67.9316 40.0442 0
    endloop
  endfacet
  facet normal -0.997861 0.0653646 0
    outer loop
      vertex -67.9316 40.0442 3.2
      vertex -68 39 0
      vertex -68 39 3.2
    endloop
  endfacet
  facet normal 0.997861 -0.0653646 0
    outer loop
      vertex 67.9316 -40.0442 3.2
      vertex 68 -39 0
      vertex 68 -39 3.2
    endloop
  endfacet
  facet normal 0.997861 -0.0653646 0
    outer loop
      vertex 68 -39 0
      vertex 67.9316 -40.0442 3.2
      vertex 67.9316 -40.0442 0
    endloop
  endfacet
  facet normal 1 -0 0
    outer loop
      vertex 68 -39 3.2
      vertex 68 39 0
      vertex 68 39 3.2
    endloop
  endfacet
  facet normal 1 0 0
    outer loop
      vertex 68 39 0
      vertex 68 -39 3.2
      vertex 68 -39 0
    endloop
  endfacet
  facet normal 0 -1 0
    outer loop
      vertex -60 -47 0
      vertex 60 -47 3.2
      vertex -60 -47 3.2
    endloop
  endfacet
  facet normal 0 -1 -0
    outer loop
      vertex 60 -47 3.2
      vertex -60 -47 0
      vertex 60 -47 0
    endloop
  endfacet
  facet normal 0.659289 0.75189 -0
    outer loop
      vertex 65.6569 44.6569 0
      vertex 64.8701 45.3468 3.2
      vertex 65.6569 44.6569 3.2
    endloop
  endfacet
  facet normal 0.659289 0.75189 0
    outer loop
      vertex 64.8701 45.3468 3.2
      vertex 65.6569 44.6569 0
      vertex 64.8701 45.3468 0
    endloop
  endfacet
  facet normal -0.831462 0.555582 0
    outer loop
      vertex -66.9282 43 0
      vertex -66.3468 43.8701 3.2
      vertex -66.3468 43.8701 0
    endloop
  endfacet
  facet normal -0.831462 0.555582 0
    outer loop
      vertex -66.3468 43.8701 3.2
      vertex -66.9282 43 0
      vertex -66.9282 43 3.2
    endloop
  endfacet
  facet normal 0.896879 0.442276 0
    outer loop
      vertex 67.391 42.0615 3.2
      vertex 66.9282 43 0
      vertex 66.9282 43 3.2
    endloop
  endfacet
  facet normal 0.896879 0.442276 0
    outer loop
      vertex 66.9282 43 0
      vertex 67.391 42.0615 3.2
      vertex 67.391 42.0615 0
    endloop
  endfacet
  facet normal 0.442276 0.896879 -0
    outer loop
      vertex 64 45.9282 0
      vertex 63.0615 46.391 3.2
      vertex 64 45.9282 3.2
    endloop
  endfacet
  facet normal 0.442276 0.896879 0
    outer loop
      vertex 63.0615 46.391 3.2
      vertex 64 45.9282 0
      vertex 63.0615 46.391 0
    endloop
  endfacet
  facet normal 0.321469 0.94692 -0
    outer loop
      vertex 63.0615 46.391 0
      vertex 62.0706 46.7274 3.2
      vertex 63.0615 46.391 3.2
    endloop
  endfacet
  facet normal 0.321469 0.94692 0
    outer loop
      vertex 62.0706 46.7274 3.2
      vertex 63.0615 46.391 0
      vertex 62.0706 46.7274 0
    endloop
  endfacet
  facet normal 0.555582 0.831462 -0
    outer loop
      vertex 64.8701 45.3468 0
      vertex 64 45.9282 3.2
      vertex 64.8701 45.3468 3.2
    endloop
  endfacet
  facet normal 0.555582 0.831462 0
    outer loop
      vertex 64 45.9282 3.2
      vertex 64.8701 45.3468 0
      vertex 64 45.9282 0
    endloop
  endfacet
  facet normal -0.195124 0.980779 0
    outer loop
      vertex -61.0442 46.9316 0
      vertex -62.0706 46.7274 3.2
      vertex -61.0442 46.9316 3.2
    endloop
  endfacet
  facet normal -0.195124 0.980779 0
    outer loop
      vertex -62.0706 46.7274 3.2
      vertex -61.0442 46.9316 0
      vertex -62.0706 46.7274 0
    endloop
  endfacet
  facet normal -0.0653646 0.997861 0
    outer loop
      vertex -60 47 0
      vertex -61.0442 46.9316 3.2
      vertex -60 47 3.2
    endloop
  endfacet
  facet normal -0.0653646 0.997861 0
    outer loop
      vertex -61.0442 46.9316 3.2
      vertex -60 47 0
      vertex -61.0442 46.9316 0
    endloop
  endfacet
  facet normal -0.321469 0.94692 0
    outer loop
      vertex -62.0706 46.7274 0
      vertex -63.0615 46.391 3.2
      vertex -62.0706 46.7274 3.2
    endloop
  endfacet
  facet normal -0.321469 0.94692 0
    outer loop
      vertex -63.0615 46.391 3.2
      vertex -62.0706 46.7274 0
      vertex -63.0615 46.391 0
    endloop
  endfacet
  facet normal -0.659289 0.75189 0
    outer loop
      vertex -64.8701 45.3468 0
      vertex -65.6569 44.6569 3.2
      vertex -64.8701 45.3468 3.2
    endloop
  endfacet
  facet normal -0.659289 0.75189 0
    outer loop
      vertex -65.6569 44.6569 3.2
      vertex -64.8701 45.3468 0
      vertex -65.6569 44.6569 0
    endloop
  endfacet
  facet normal -0.555582 0.831462 0
    outer loop
      vertex -64 45.9282 0
      vertex -64.8701 45.3468 3.2
      vertex -64 45.9282 3.2
    endloop
  endfacet
  facet normal -0.555582 0.831462 0
    outer loop
      vertex -64.8701 45.3468 3.2
      vertex -64 45.9282 0
      vertex -64.8701 45.3468 0
    endloop
  endfacet
  facet normal -0.75189 0.659289 0
    outer loop
      vertex -66.3468 43.8701 0
      vertex -65.6569 44.6569 3.2
      vertex -65.6569 44.6569 0
    endloop
  endfacet
  facet normal -0.75189 0.659289 0
    outer loop
      vertex -65.6569 44.6569 3.2
      vertex -66.3468 43.8701 0
      vertex -66.3468 43.8701 3.2
    endloop
  endfacet
  facet normal -0.94692 0.321469 0
    outer loop
      vertex -67.7274 41.0706 0
      vertex -67.391 42.0615 3.2
      vertex -67.391 42.0615 0
    endloop
  endfacet
  facet normal -0.94692 0.321469 0
    outer loop
      vertex -67.391 42.0615 3.2
      vertex -67.7274 41.0706 0
      vertex -67.7274 41.0706 3.2
    endloop
  endfacet
  facet normal -0.980779 0.195124 0
    outer loop
      vertex -67.9316 40.0442 0
      vertex -67.7274 41.0706 3.2
      vertex -67.7274 41.0706 0
    endloop
  endfacet
  facet normal -0.980779 0.195124 0
    outer loop
      vertex -67.7274 41.0706 3.2
      vertex -67.9316 40.0442 0
      vertex -67.9316 40.0442 3.2
    endloop
  endfacet
  facet normal -0.896879 0.442276 0
    outer loop
      vertex -67.391 42.0615 0
      vertex -66.9282 43 3.2
      vertex -66.9282 43 0
    endloop
  endfacet
  facet normal -0.896879 0.442276 0
    outer loop
      vertex -66.9282 43 3.2
      vertex -67.391 42.0615 0
      vertex -67.391 42.0615 3.2
    endloop
  endfacet
  facet normal 0.555582 -0.831462 0
    outer loop
      vertex 64 -45.9282 0
      vertex 64.8701 -45.3468 3.2
      vertex 64 -45.9282 3.2
    endloop
  endfacet
  facet normal 0.555582 -0.831462 0
    outer loop
      vertex 64.8701 -45.3468 3.2
      vertex 64 -45.9282 0
      vertex 64.8701 -45.3468 0
    endloop
  endfacet
  facet normal 0.75189 -0.659289 0
    outer loop
      vertex 65.6569 -44.6569 3.2
      vertex 66.3468 -43.8701 0
      vertex 66.3468 -43.8701 3.2
    endloop
  endfacet
  facet normal 0.75189 -0.659289 0
    outer loop
      vertex 66.3468 -43.8701 0
      vertex 65.6569 -44.6569 3.2
      vertex 65.6569 -44.6569 0
    endloop
  endfacet
  facet normal 0.980779 -0.195124 0
    outer loop
      vertex 67.7274 -41.0706 3.2
      vertex 67.9316 -40.0442 0
      vertex 67.9316 -40.0442 3.2
    endloop
  endfacet
  facet normal 0.980779 -0.195124 0
    outer loop
      vertex 67.9316 -40.0442 0
      vertex 67.7274 -41.0706 3.2
      vertex 67.7274 -41.0706 0
    endloop
  endfacet
  facet normal 0.896879 -0.442276 0
    outer loop
      vertex 66.9282 -43 3.2
      vertex 67.391 -42.0615 0
      vertex 67.391 -42.0615 3.2
    endloop
  endfacet
  facet normal 0.896879 -0.442276 0
    outer loop
      vertex 67.391 -42.0615 0
      vertex 66.9282 -43 3.2
      vertex 66.9282 -43 0
    endloop
  endfacet
  facet normal 0.0653646 -0.997861 0
    outer loop
      vertex 60 -47 0
      vertex 61.0442 -46.9316 3.2
      vertex 60 -47 3.2
    endloop
  endfacet
  facet normal 0.0653646 -0.997861 0
    outer loop
      vertex 61.0442 -46.9316 3.2
      vertex 60 -47 0
      vertex 61.0442 -46.9316 0
    endloop
  endfacet
  facet normal 0.321469 -0.94692 0
    outer loop
      vertex 62.0706 -46.7274 0
      vertex 63.0615 -46.391 3.2
      vertex 62.0706 -46.7274 3.2
    endloop
  endfacet
  facet normal 0.321469 -0.94692 0
    outer loop
      vertex 63.0615 -46.391 3.2
      vertex 62.0706 -46.7274 0
      vertex 63.0615 -46.391 0
    endloop
  endfacet
  facet normal -0.555582 -0.831462 0
    outer loop
      vertex -64.8701 -45.3468 0
      vertex -64 -45.9282 3.2
      vertex -64.8701 -45.3468 3.2
    endloop
  endfacet
  facet normal -0.555582 -0.831462 -0
    outer loop
      vertex -64 -45.9282 3.2
      vertex -64.8701 -45.3468 0
      vertex -64 -45.9282 0
    endloop
  endfacet
  facet normal -0.321469 -0.94692 0
    outer loop
      vertex -63.0615 -46.391 0
      vertex -62.0706 -46.7274 3.2
      vertex -63.0615 -46.391 3.2
    endloop
  endfacet
  facet normal -0.321469 -0.94692 -0
    outer loop
      vertex -62.0706 -46.7274 3.2
      vertex -63.0615 -46.391 0
      vertex -62.0706 -46.7274 0
    endloop
  endfacet
  facet normal -0.94692 -0.321469 0
    outer loop
      vertex -67.391 -42.0615 0
      vertex -67.7274 -41.0706 3.2
      vertex -67.7274 -41.0706 0
    endloop
  endfacet
  facet normal -0.94692 -0.321469 0
    outer loop
      vertex -67.7274 -41.0706 3.2
      vertex -67.391 -42.0615 0
      vertex -67.391 -42.0615 3.2
    endloop
  endfacet
  facet normal 0.94692 0.321469 0
    outer loop
      vertex 67.7274 41.0706 3.2
      vertex 67.391 42.0615 0
      vertex 67.391 42.0615 3.2
    endloop
  endfacet
  facet normal 0.94692 0.321469 0
    outer loop
      vertex 67.391 42.0615 0
      vertex 67.7274 41.0706 3.2
      vertex 67.7274 41.0706 0
    endloop
  endfacet
  facet normal 0.980779 0.195124 0
    outer loop
      vertex 67.9316 40.0442 3.2
      vertex 67.7274 41.0706 0
      vertex 67.7274 41.0706 3.2
    endloop
  endfacet
  facet normal 0.980779 0.195124 0
    outer loop
      vertex 67.7274 41.0706 0
      vertex 67.9316 40.0442 3.2
      vertex 67.9316 40.0442 0
    endloop
  endfacet
  facet normal 0.75189 0.659289 0
    outer loop
      vertex 66.3468 43.8701 3.2
      vertex 65.6569 44.6569 0
      vertex 65.6569 44.6569 3.2
    endloop
  endfacet
  facet normal 0.75189 0.659289 0
    outer loop
      vertex 65.6569 44.6569 0
      vertex 66.3468 43.8701 3.2
      vertex 66.3468 43.8701 0
    endloop
  endfacet
  facet normal 0.831462 0.555582 0
    outer loop
      vertex 66.9282 43 3.2
      vertex 66.3468 43.8701 0
      vertex 66.3468 43.8701 3.2
    endloop
  endfacet
  facet normal 0.831462 0.555582 0
    outer loop
      vertex 66.3468 43.8701 0
      vertex 66.9282 43 3.2
      vertex 66.9282 43 0
    endloop
  endfacet
  facet normal 0.195124 0.980779 -0
    outer loop
      vertex 62.0706 46.7274 0
      vertex 61.0442 46.9316 3.2
      vertex 62.0706 46.7274 3.2
    endloop
  endfacet
  facet normal 0.195124 0.980779 0
    outer loop
      vertex 61.0442 46.9316 3.2
      vertex 62.0706 46.7274 0
      vertex 61.0442 46.9316 0
    endloop
  endfacet
  facet normal 0.659289 -0.75189 0
    outer loop
      vertex 64.8701 -45.3468 0
      vertex 65.6569 -44.6569 3.2
      vertex 64.8701 -45.3468 3.2
    endloop
  endfacet
  facet normal 0.659289 -0.75189 0
    outer loop
      vertex 65.6569 -44.6569 3.2
      vertex 64.8701 -45.3468 0
      vertex 65.6569 -44.6569 0
    endloop
  endfacet
  facet normal 0.831462 -0.555582 0
    outer loop
      vertex 66.3468 -43.8701 3.2
      vertex 66.9282 -43 0
      vertex 66.9282 -43 3.2
    endloop
  endfacet
  facet normal 0.831462 -0.555582 0
    outer loop
      vertex 66.9282 -43 0
      vertex 66.3468 -43.8701 3.2
      vertex 66.3468 -43.8701 0
    endloop
  endfacet
  facet normal 0.94692 -0.321469 0
    outer loop
      vertex 67.391 -42.0615 3.2
      vertex 67.7274 -41.0706 0
      vertex 67.7274 -41.0706 3.2
    endloop
  endfacet
  facet normal 0.94692 -0.321469 0
    outer loop
      vertex 67.7274 -41.0706 0
      vertex 67.391 -42.0615 3.2
      vertex 67.391 -42.0615 0
    endloop
  endfacet
  facet normal 0.195124 -0.980779 0
    outer loop
      vertex 61.0442 -46.9316 0
      vertex 62.0706 -46.7274 3.2
      vertex 61.0442 -46.9316 3.2
    endloop
  endfacet
  facet normal 0.195124 -0.980779 0
    outer loop
      vertex 62.0706 -46.7274 3.2
      vertex 61.0442 -46.9316 0
      vertex 62.0706 -46.7274 0
    endloop
  endfacet
  facet normal -0.442276 -0.896879 0
    outer loop
      vertex -64 -45.9282 0
      vertex -63.0615 -46.391 3.2
      vertex -64 -45.9282 3.2
    endloop
  endfacet
  facet normal -0.442276 -0.896879 -0
    outer loop
      vertex -63.0615 -46.391 3.2
      vertex -64 -45.9282 0
      vertex -63.0615 -46.391 0
    endloop
  endfacet
  facet normal -0.195124 -0.980779 0
    outer loop
      vertex -62.0706 -46.7274 0
      vertex -61.0442 -46.9316 3.2
      vertex -62.0706 -46.7274 3.2
    endloop
  endfacet
  facet normal -0.195124 -0.980779 -0
    outer loop
      vertex -61.0442 -46.9316 3.2
      vertex -62.0706 -46.7274 0
      vertex -61.0442 -46.9316 0
    endloop
  endfacet
  facet normal -0.831462 -0.555582 0
    outer loop
      vertex -66.3468 -43.8701 0
      vertex -66.9282 -43 3.2
      vertex -66.9282 -43 0
    endloop
  endfacet
  facet normal -0.831462 -0.555582 0
    outer loop
      vertex -66.9282 -43 3.2
      vertex -66.3468 -43.8701 0
      vertex -66.3468 -43.8701 3.2
    endloop
  endfacet
  facet normal -0.659289 -0.75189 0
    outer loop
      vertex -65.6569 -44.6569 0
      vertex -64.8701 -45.3468 3.2
      vertex -65.6569 -44.6569 3.2
    endloop
  endfacet
  facet normal -0.659289 -0.75189 -0
    outer loop
      vertex -64.8701 -45.3468 3.2
      vertex -65.6569 -44.6569 0
      vertex -64.8701 -45.3468 0
    endloop
  endfacet
  facet normal -0.896879 -0.442276 0
    outer loop
      vertex -66.9282 -43 0
      vertex -67.391 -42.0615 3.2
      vertex -67.391 -42.0615 0
    endloop
  endfacet
  facet normal -0.896879 -0.442276 0
    outer loop
      vertex -67.391 -42.0615 3.2
      vertex -66.9282 -43 0
      vertex -66.9282 -43 3.2
    endloop
  endfacet
  facet normal -0.75189 -0.659289 0
    outer loop
      vertex -65.6569 -44.6569 0
      vertex -66.3468 -43.8701 3.2
      vertex -66.3468 -43.8701 0
    endloop
  endfacet
  facet normal -0.75189 -0.659289 0
    outer loop
      vertex -66.3468 -43.8701 3.2
      vertex -65.6569 -44.6569 0
      vertex -65.6569 -44.6569 3.2
    endloop
  endfacet
  facet normal 1 -0 0
    outer loop
      vertex 40.5 -6.2 2.6
      vertex 40.5 6.2 0
      vertex 40.5 6.2 2.6
    endloop
  endfacet
  facet normal 1 0 0
    outer loop
      vertex 40.5 6.2 0
      vertex 40.5 -6.2 2.6
      vertex 40.5 -6.2 0
    endloop
  endfacet
  facet normal 0 0 -1
    outer loop
      vertex 40.5 -6.2 2.6
      vertex 63.5 6.2 2.6
      vertex 63.5 -6.2 2.6
    endloop
  endfacet
  facet normal -0 0 -1
    outer loop
      vertex 63.5 6.2 2.6
      vertex 40.5 -6.2 2.6
      vertex 40.5 6.2 2.6
    endloop
  endfacet
  facet normal -1 0 0
    outer loop
      vertex 63.5 -6.2 0
      vertex 63.5 6.2 2.6
      vertex 63.5 6.2 0
    endloop
  endfacet
  facet normal -1 -0 0
    outer loop
      vertex 63.5 6.2 2.6
      vertex 63.5 -6.2 0
      vertex 63.5 -6.2 2.6
    endloop
  endfacet
  facet normal 0 1 -0
    outer loop
      vertex 63.5 -6.2 0
      vertex 40.5 -6.2 2.6
      vertex 63.5 -6.2 2.6
    endloop
  endfacet
  facet normal 0 1 0
    outer loop
      vertex 40.5 -6.2 2.6
      vertex 63.5 -6.2 0
      vertex 40.5 -6.2 0
    endloop
  endfacet
  facet normal 0 -1 0
    outer loop
      vertex 40.5 6.2 0
      vertex 63.5 6.2 2.6
      vertex 40.5 6.2 2.6
    endloop
  endfacet
  facet normal 0 -1 -0
    outer loop
      vertex 63.5 6.2 2.6
      vertex 40.5 6.2 0
      vertex 63.5 6.2 0
    endloop
  endfacet
  facet normal -0.997864 -0.0653293 0
    outer loop
      vertex 39.35 0 0
      vertex 39.3406 0.143579 2.6
      vertex 39.3406 0.143579 0
    endloop
  endfacet
  facet normal -0.997864 -0.0653293 0
    outer loop
      vertex 39.3406 0.143579 2.6
      vertex 39.35 0 0
      vertex 39.35 0 2.6
    endloop
  endfacet
  facet normal 0.997864 -0.0653293 0
    outer loop
      vertex 37.15 0 2.6
      vertex 37.1594 0.143579 0
      vertex 37.1594 0.143579 2.6
    endloop
  endfacet
  facet normal 0.997864 -0.0653293 0
    outer loop
      vertex 37.1594 0.143579 0
      vertex 37.15 0 2.6
      vertex 37.15 0 0
    endloop
  endfacet
  facet normal -0.065389 -0.99786 0
    outer loop
      vertex 38.25 1.1 0
      vertex 38.3936 1.09059 2.6
      vertex 38.25 1.1 2.6
    endloop
  endfacet
  facet normal -0.065389 -0.99786 -0
    outer loop
      vertex 38.3936 1.09059 2.6
      vertex 38.25 1.1 0
      vertex 38.3936 1.09059 0
    endloop
  endfacet
  facet normal -0.659276 -0.751901 0
    outer loop
      vertex 38.9196 0.872688 0
      vertex 39.0278 0.777817 2.6
      vertex 38.9196 0.872688 2.6
    endloop
  endfacet
  facet normal -0.659276 -0.751901 -0
    outer loop
      vertex 39.0278 0.777817 2.6
      vertex 38.9196 0.872688 0
      vertex 39.0278 0.777817 0
    endloop
  endfacet
  facet normal 0.659276 -0.751901 0
    outer loop
      vertex 37.4722 0.777817 0
      vertex 37.5804 0.872688 2.6
      vertex 37.4722 0.777817 2.6
    endloop
  endfacet
  facet normal 0.659276 -0.751901 0
    outer loop
      vertex 37.5804 0.872688 2.6
      vertex 37.4722 0.777817 0
      vertex 37.5804 0.872688 0
    endloop
  endfacet
  facet normal 0.32133 -0.946967 0
    outer loop
      vertex 37.829 1.01627 0
      vertex 37.9653 1.06252 2.6
      vertex 37.829 1.01627 2.6
    endloop
  endfacet
  facet normal 0.32133 -0.946967 0
    outer loop
      vertex 37.9653 1.06252 2.6
      vertex 37.829 1.01627 0
      vertex 37.9653 1.06252 0
    endloop
  endfacet
  facet normal 0.751741 0.659458 0
    outer loop
      vertex 37.4722 -0.777817 2.6
      vertex 37.3773 -0.669637 0
      vertex 37.3773 -0.669637 2.6
    endloop
  endfacet
  facet normal 0.751741 0.659458 0
    outer loop
      vertex 37.3773 -0.669637 0
      vertex 37.4722 -0.777817 2.6
      vertex 37.4722 -0.777817 0
    endloop
  endfacet
  facet normal -0.947038 -0.321122 0
    outer loop
      vertex 39.3125 0.2847 0
      vertex 39.2663 0.420951 2.6
      vertex 39.2663 0.420951 0
    endloop
  endfacet
  facet normal -0.947038 -0.321122 0
    outer loop
      vertex 39.2663 0.420951 2.6
      vertex 39.3125 0.2847 0
      vertex 39.3125 0.2847 2.6
    endloop
  endfacet
  facet normal -0.980746 -0.195286 0
    outer loop
      vertex 39.3406 0.143579 0
      vertex 39.3125 0.2847 2.6
      vertex 39.3125 0.2847 0
    endloop
  endfacet
  facet normal -0.980746 -0.195286 0
    outer loop
      vertex 39.3125 0.2847 2.6
      vertex 39.3406 0.143579 0
      vertex 39.3406 0.143579 2.6
    endloop
  endfacet
  facet normal -0.831597 -0.55538 0
    outer loop
      vertex 39.2026 0.549999 0
      vertex 39.1227 0.669637 2.6
      vertex 39.1227 0.669637 0
    endloop
  endfacet
  facet normal -0.831597 -0.55538 0
    outer loop
      vertex 39.1227 0.669637 2.6
      vertex 39.2026 0.549999 0
      vertex 39.2026 0.549999 2.6
    endloop
  endfacet
  facet normal -0.32133 -0.946967 0
    outer loop
      vertex 38.5347 1.06252 0
      vertex 38.671 1.01627 2.6
      vertex 38.5347 1.06252 2.6
    endloop
  endfacet
  facet normal -0.32133 -0.946967 -0
    outer loop
      vertex 38.671 1.01627 2.6
      vertex 38.5347 1.06252 0
      vertex 38.671 1.01627 0
    endloop
  endfacet
  facet normal -0.195113 -0.980781 0
    outer loop
      vertex 38.3936 1.09059 0
      vertex 38.5347 1.06252 2.6
      vertex 38.3936 1.09059 2.6
    endloop
  endfacet
  facet normal -0.195113 -0.980781 -0
    outer loop
      vertex 38.5347 1.06252 2.6
      vertex 38.3936 1.09059 0
      vertex 38.5347 1.06252 0
    endloop
  endfacet
  facet normal -0.55569 -0.83139 0
    outer loop
      vertex 38.8 0.952627 0
      vertex 38.9196 0.872688 2.6
      vertex 38.8 0.952627 2.6
    endloop
  endfacet
  facet normal -0.55569 -0.83139 -0
    outer loop
      vertex 38.9196 0.872688 2.6
      vertex 38.8 0.952627 0
      vertex 38.9196 0.872688 0
    endloop
  endfacet
  facet normal 0.831597 -0.55538 0
    outer loop
      vertex 37.2974 0.549999 2.6
      vertex 37.3773 0.669637 0
      vertex 37.3773 0.669637 2.6
    endloop
  endfacet
  facet normal 0.831597 -0.55538 0
    outer loop
      vertex 37.3773 0.669637 0
      vertex 37.2974 0.549999 2.6
      vertex 37.2974 0.549999 0
    endloop
  endfacet
  facet normal 0.751741 -0.659458 0
    outer loop
      vertex 37.3773 0.669637 2.6
      vertex 37.4722 0.777817 0
      vertex 37.4722 0.777817 2.6
    endloop
  endfacet
  facet normal 0.751741 -0.659458 0
    outer loop
      vertex 37.4722 0.777817 0
      vertex 37.3773 0.669637 2.6
      vertex 37.3773 0.669637 0
    endloop
  endfacet
  facet normal 0.947038 -0.321122 0
    outer loop
      vertex 37.1875 0.2847 2.6
      vertex 37.2337 0.420951 0
      vertex 37.2337 0.420951 2.6
    endloop
  endfacet
  facet normal 0.947038 -0.321122 0
    outer loop
      vertex 37.2337 0.420951 0
      vertex 37.1875 0.2847 2.6
      vertex 37.1875 0.2847 0
    endloop
  endfacet
  facet normal 0.55569 -0.83139 0
    outer loop
      vertex 37.5804 0.872688 0
      vertex 37.7 0.952627 2.6
      vertex 37.5804 0.872688 2.6
    endloop
  endfacet
  facet normal 0.55569 -0.83139 0
    outer loop
      vertex 37.7 0.952627 2.6
      vertex 37.5804 0.872688 0
      vertex 37.7 0.952627 0
    endloop
  endfacet
  facet normal 0.065389 -0.99786 0
    outer loop
      vertex 38.1064 1.09059 0
      vertex 38.25 1.1 2.6
      vertex 38.1064 1.09059 2.6
    endloop
  endfacet
  facet normal 0.065389 -0.99786 0
    outer loop
      vertex 38.25 1.1 2.6
      vertex 38.1064 1.09059 0
      vertex 38.25 1.1 0
    endloop
  endfacet
  facet normal -0.751741 0.659458 0
    outer loop
      vertex 39.0278 -0.777817 0
      vertex 39.1227 -0.669637 2.6
      vertex 39.1227 -0.669637 0
    endloop
  endfacet
  facet normal -0.751741 0.659458 0
    outer loop
      vertex 39.1227 -0.669637 2.6
      vertex 39.0278 -0.777817 0
      vertex 39.0278 -0.777817 2.6
    endloop
  endfacet
  facet normal -0.997864 0.0653293 0
    outer loop
      vertex 39.3406 -0.143579 0
      vertex 39.35 0 2.6
      vertex 39.35 0 0
    endloop
  endfacet
  facet normal -0.997864 0.0653293 0
    outer loop
      vertex 39.35 0 2.6
      vertex 39.3406 -0.143579 0
      vertex 39.3406 -0.143579 2.6
    endloop
  endfacet
  facet normal 0.659276 0.751901 -0
    outer loop
      vertex 37.5804 -0.872688 0
      vertex 37.4722 -0.777817 2.6
      vertex 37.5804 -0.872688 2.6
    endloop
  endfacet
  facet normal 0.659276 0.751901 0
    outer loop
      vertex 37.4722 -0.777817 2.6
      vertex 37.5804 -0.872688 0
      vertex 37.4722 -0.777817 0
    endloop
  endfacet
  facet normal 0.32133 0.946967 -0
    outer loop
      vertex 37.9653 -1.06252 0
      vertex 37.829 -1.01627 2.6
      vertex 37.9653 -1.06252 2.6
    endloop
  endfacet
  facet normal 0.32133 0.946967 0
    outer loop
      vertex 37.829 -1.01627 2.6
      vertex 37.9653 -1.06252 0
      vertex 37.829 -1.01627 0
    endloop
  endfacet
  facet normal 0.980746 0.195286 0
    outer loop
      vertex 37.1875 -0.2847 2.6
      vertex 37.1594 -0.143579 0
      vertex 37.1594 -0.143579 2.6
    endloop
  endfacet
  facet normal 0.980746 0.195286 0
    outer loop
      vertex 37.1594 -0.143579 0
      vertex 37.1875 -0.2847 2.6
      vertex 37.1875 -0.2847 0
    endloop
  endfacet
  facet normal -0.896706 -0.442627 0
    outer loop
      vertex 39.2663 0.420951 0
      vertex 39.2026 0.549999 2.6
      vertex 39.2026 0.549999 0
    endloop
  endfacet
  facet normal -0.896706 -0.442627 0
    outer loop
      vertex 39.2026 0.549999 2.6
      vertex 39.2663 0.420951 0
      vertex 39.2663 0.420951 2.6
    endloop
  endfacet
  facet normal 0.896706 -0.442627 0
    outer loop
      vertex 37.2337 0.420951 2.6
      vertex 37.2974 0.549999 0
      vertex 37.2974 0.549999 2.6
    endloop
  endfacet
  facet normal 0.896706 -0.442627 0
    outer loop
      vertex 37.2974 0.549999 0
      vertex 37.2337 0.420951 2.6
      vertex 37.2337 0.420951 0
    endloop
  endfacet
  facet normal 0.195113 -0.980781 0
    outer loop
      vertex 37.9653 1.06252 0
      vertex 38.1064 1.09059 2.6
      vertex 37.9653 1.06252 2.6
    endloop
  endfacet
  facet normal 0.195113 -0.980781 0
    outer loop
      vertex 38.1064 1.09059 2.6
      vertex 37.9653 1.06252 0
      vertex 38.1064 1.09059 0
    endloop
  endfacet
  facet normal -0.32133 0.946967 0
    outer loop
      vertex 38.671 -1.01627 0
      vertex 38.5347 -1.06252 2.6
      vertex 38.671 -1.01627 2.6
    endloop
  endfacet
  facet normal -0.32133 0.946967 0
    outer loop
      vertex 38.5347 -1.06252 2.6
      vertex 38.671 -1.01627 0
      vertex 38.5347 -1.06252 0
    endloop
  endfacet
  facet normal -0.065389 0.99786 0
    outer loop
      vertex 38.3936 -1.09059 0
      vertex 38.25 -1.1 2.6
      vertex 38.3936 -1.09059 2.6
    endloop
  endfacet
  facet normal -0.065389 0.99786 0
    outer loop
      vertex 38.25 -1.1 2.6
      vertex 38.3936 -1.09059 0
      vertex 38.25 -1.1 0
    endloop
  endfacet
  facet normal -0.195113 0.980781 0
    outer loop
      vertex 38.5347 -1.06252 0
      vertex 38.3936 -1.09059 2.6
      vertex 38.5347 -1.06252 2.6
    endloop
  endfacet
  facet normal -0.195113 0.980781 0
    outer loop
      vertex 38.3936 -1.09059 2.6
      vertex 38.5347 -1.06252 0
      vertex 38.3936 -1.09059 0
    endloop
  endfacet
  facet normal -0.442441 0.896798 0
    outer loop
      vertex 38.8 -0.952627 0
      vertex 38.671 -1.01627 2.6
      vertex 38.8 -0.952627 2.6
    endloop
  endfacet
  facet normal -0.442441 0.896798 0
    outer loop
      vertex 38.671 -1.01627 2.6
      vertex 38.8 -0.952627 0
      vertex 38.671 -1.01627 0
    endloop
  endfacet
  facet normal -0.659276 0.751901 0
    outer loop
      vertex 39.0278 -0.777817 0
      vertex 38.9196 -0.872688 2.6
      vertex 39.0278 -0.777817 2.6
    endloop
  endfacet
  facet normal -0.659276 0.751901 0
    outer loop
      vertex 38.9196 -0.872688 2.6
      vertex 39.0278 -0.777817 0
      vertex 38.9196 -0.872688 0
    endloop
  endfacet
  facet normal -0.55569 0.83139 0
    outer loop
      vertex 38.9196 -0.872688 0
      vertex 38.8 -0.952627 2.6
      vertex 38.9196 -0.872688 2.6
    endloop
  endfacet
  facet normal -0.55569 0.83139 0
    outer loop
      vertex 38.8 -0.952627 2.6
      vertex 38.9196 -0.872688 0
      vertex 38.8 -0.952627 0
    endloop
  endfacet
  facet normal -0.831597 0.55538 0
    outer loop
      vertex 39.1227 -0.669637 0
      vertex 39.2026 -0.549999 2.6
      vertex 39.2026 -0.549999 0
    endloop
  endfacet
  facet normal -0.831597 0.55538 0
    outer loop
      vertex 39.2026 -0.549999 2.6
      vertex 39.1227 -0.669637 0
      vertex 39.1227 -0.669637 2.6
    endloop
  endfacet
  facet normal -0.980746 0.195286 0
    outer loop
      vertex 39.3125 -0.2847 0
      vertex 39.3406 -0.143579 2.6
      vertex 39.3406 -0.143579 0
    endloop
  endfacet
  facet normal -0.980746 0.195286 0
    outer loop
      vertex 39.3406 -0.143579 2.6
      vertex 39.3125 -0.2847 0
      vertex 39.3125 -0.2847 2.6
    endloop
  endfacet
  facet normal 0.195113 0.980781 -0
    outer loop
      vertex 38.1064 -1.09059 0
      vertex 37.9653 -1.06252 2.6
      vertex 38.1064 -1.09059 2.6
    endloop
  endfacet
  facet normal 0.195113 0.980781 0
    outer loop
      vertex 37.9653 -1.06252 2.6
      vertex 38.1064 -1.09059 0
      vertex 37.9653 -1.06252 0
    endloop
  endfacet
  facet normal 0.55569 0.83139 -0
    outer loop
      vertex 37.7 -0.952627 0
      vertex 37.5804 -0.872688 2.6
      vertex 37.7 -0.952627 2.6
    endloop
  endfacet
  facet normal 0.55569 0.83139 0
    outer loop
      vertex 37.5804 -0.872688 2.6
      vertex 37.7 -0.952627 0
      vertex 37.5804 -0.872688 0
    endloop
  endfacet
  facet normal 0.442441 0.896798 -0
    outer loop
      vertex 37.829 -1.01627 0
      vertex 37.7 -0.952627 2.6
      vertex 37.829 -1.01627 2.6
    endloop
  endfacet
  facet normal 0.442441 0.896798 0
    outer loop
      vertex 37.7 -0.952627 2.6
      vertex 37.829 -1.01627 0
      vertex 37.7 -0.952627 0
    endloop
  endfacet
  facet normal 0.065389 0.99786 -0
    outer loop
      vertex 38.25 -1.1 0
      vertex 38.1064 -1.09059 2.6
      vertex 38.25 -1.1 2.6
    endloop
  endfacet
  facet normal 0.065389 0.99786 0
    outer loop
      vertex 38.1064 -1.09059 2.6
      vertex 38.25 -1.1 0
      vertex 38.1064 -1.09059 0
    endloop
  endfacet
  facet normal 0.896706 0.442627 0
    outer loop
      vertex 37.2974 -0.549999 2.6
      vertex 37.2337 -0.420951 0
      vertex 37.2337 -0.420951 2.6
    endloop
  endfacet
  facet normal 0.896706 0.442627 0
    outer loop
      vertex 37.2337 -0.420951 0
      vertex 37.2974 -0.549999 2.6
      vertex 37.2974 -0.549999 0
    endloop
  endfacet
  facet normal 0.947038 0.321122 0
    outer loop
      vertex 37.2337 -0.420951 2.6
      vertex 37.1875 -0.2847 0
      vertex 37.1875 -0.2847 2.6
    endloop
  endfacet
  facet normal 0.947038 0.321122 0
    outer loop
      vertex 37.1875 -0.2847 0
      vertex 37.2337 -0.420951 2.6
      vertex 37.2337 -0.420951 0
    endloop
  endfacet
  facet normal 0.997864 0.0653293 0
    outer loop
      vertex 37.1594 -0.143579 2.6
      vertex 37.15 0 0
      vertex 37.15 0 2.6
    endloop
  endfacet
  facet normal 0.997864 0.0653293 0
    outer loop
      vertex 37.15 0 0
      vertex 37.1594 -0.143579 2.6
      vertex 37.1594 -0.143579 0
    endloop
  endfacet
  facet normal -0.751741 -0.659458 0
    outer loop
      vertex 39.1227 0.669637 0
      vertex 39.0278 0.777817 2.6
      vertex 39.0278 0.777817 0
    endloop
  endfacet
  facet normal -0.751741 -0.659458 0
    outer loop
      vertex 39.0278 0.777817 2.6
      vertex 39.1227 0.669637 0
      vertex 39.1227 0.669637 2.6
    endloop
  endfacet
  facet normal -0.442441 -0.896798 0
    outer loop
      vertex 38.671 1.01627 0
      vertex 38.8 0.952627 2.6
      vertex 38.671 1.01627 2.6
    endloop
  endfacet
  facet normal -0.442441 -0.896798 -0
    outer loop
      vertex 38.8 0.952627 2.6
      vertex 38.671 1.01627 0
      vertex 38.8 0.952627 0
    endloop
  endfacet
  facet normal 0 0 -1
    outer loop
      vertex 39.3406 -0.143579 2.6
      vertex 39.3406 0.143579 2.6
      vertex 39.35 0 2.6
    endloop
  endfacet
  facet normal 0 0 -1
    outer loop
      vertex 39.3125 -0.2847 2.6
      vertex 39.3406 0.143579 2.6
      vertex 39.3406 -0.143579 2.6
    endloop
  endfacet
  facet normal 0 0 -1
    outer loop
      vertex 39.3125 -0.2847 2.6
      vertex 39.3125 0.2847 2.6
      vertex 39.3406 0.143579 2.6
    endloop
  endfacet
  facet normal 0 0 -1
    outer loop
      vertex 39.2663 -0.420951 2.6
      vertex 39.3125 0.2847 2.6
      vertex 39.3125 -0.2847 2.6
    endloop
  endfacet
  facet normal 0 0 -1
    outer loop
      vertex 39.2663 -0.420951 2.6
      vertex 39.2663 0.420951 2.6
      vertex 39.3125 0.2847 2.6
    endloop
  endfacet
  facet normal 0 0 -1
    outer loop
      vertex 39.2026 -0.549999 2.6
      vertex 39.2663 0.420951 2.6
      vertex 39.2663 -0.420951 2.6
    endloop
  endfacet
  facet normal 0 0 -1
    outer loop
      vertex 39.2026 -0.549999 2.6
      vertex 39.2026 0.549999 2.6
      vertex 39.2663 0.420951 2.6
    endloop
  endfacet
  facet normal 0 0 -1
    outer loop
      vertex 39.1227 -0.669637 2.6
      vertex 39.2026 0.549999 2.6
      vertex 39.2026 -0.549999 2.6
    endloop
  endfacet
  facet normal 0 0 -1
    outer loop
      vertex 39.1227 -0.669637 2.6
      vertex 39.1227 0.669637 2.6
      vertex 39.2026 0.549999 2.6
    endloop
  endfacet
  facet normal 0 0 -1
    outer loop
      vertex 39.0278 -0.777817 2.6
      vertex 39.1227 0.669637 2.6
      vertex 39.1227 -0.669637 2.6
    endloop
  endfacet
  facet normal 0 0 -1
    outer loop
      vertex 39.0278 -0.777817 2.6
      vertex 39.0278 0.777817 2.6
      vertex 39.1227 0.669637 2.6
    endloop
  endfacet
  facet normal 0 0 -1
    outer loop
      vertex 38.9196 -0.872688 2.6
      vertex 39.0278 0.777817 2.6
      vertex 39.0278 -0.777817 2.6
    endloop
  endfacet
  facet normal 0 0 -1
    outer loop
      vertex 38.9196 -0.872688 2.6
      vertex 38.9196 0.872688 2.6
      vertex 39.0278 0.777817 2.6
    endloop
  endfacet
  facet normal 0 0 -1
    outer loop
      vertex 38.8 -0.952627 2.6
      vertex 38.9196 0.872688 2.6
      vertex 38.9196 -0.872688 2.6
    endloop
  endfacet
  facet normal 0 0 -1
    outer loop
      vertex 38.8 -0.952627 2.6
      vertex 38.8 0.952627 2.6
      vertex 38.9196 0.872688 2.6
    endloop
  endfacet
  facet normal 0 0 -1
    outer loop
      vertex 38.671 -1.01627 2.6
      vertex 38.8 0.952627 2.6
      vertex 38.8 -0.952627 2.6
    endloop
  endfacet
  facet normal 0 0 -1
    outer loop
      vertex 38.671 -1.01627 2.6
      vertex 38.671 1.01627 2.6
      vertex 38.8 0.952627 2.6
    endloop
  endfacet
  facet normal 0 0 -1
    outer loop
      vertex 38.5347 -1.06252 2.6
      vertex 38.671 1.01627 2.6
      vertex 38.671 -1.01627 2.6
    endloop
  endfacet
  facet normal 0 0 -1
    outer loop
      vertex 38.5347 -1.06252 2.6
      vertex 38.5347 1.06252 2.6
      vertex 38.671 1.01627 2.6
    endloop
  endfacet
  facet normal 0 0 -1
    outer loop
      vertex 38.3936 -1.09059 2.6
      vertex 38.5347 1.06252 2.6
      vertex 38.5347 -1.06252 2.6
    endloop
  endfacet
  facet normal 0 0 -1
    outer loop
      vertex 38.3936 -1.09059 2.6
      vertex 38.3936 1.09059 2.6
      vertex 38.5347 1.06252 2.6
    endloop
  endfacet
  facet normal 0 0 -1
    outer loop
      vertex 38.25 -1.1 2.6
      vertex 38.3936 1.09059 2.6
      vertex 38.3936 -1.09059 2.6
    endloop
  endfacet
  facet normal 0 0 -1
    outer loop
      vertex 38.25 -1.1 2.6
      vertex 38.25 1.1 2.6
      vertex 38.3936 1.09059 2.6
    endloop
  endfacet
  facet normal 0 0 -1
    outer loop
      vertex 38.1064 -1.09059 2.6
      vertex 38.25 1.1 2.6
      vertex 38.25 -1.1 2.6
    endloop
  endfacet
  facet normal 0 0 -1
    outer loop
      vertex 38.1064 -1.09059 2.6
      vertex 38.1064 1.09059 2.6
      vertex 38.25 1.1 2.6
    endloop
  endfacet
  facet normal 0 0 -1
    outer loop
      vertex 37.9653 -1.06252 2.6
      vertex 38.1064 1.09059 2.6
      vertex 38.1064 -1.09059 2.6
    endloop
  endfacet
  facet normal 0 0 -1
    outer loop
      vertex 37.9653 -1.06252 2.6
      vertex 37.9653 1.06252 2.6
      vertex 38.1064 1.09059 2.6
    endloop
  endfacet
  facet normal 0 0 -1
    outer loop
      vertex 37.829 -1.01627 2.6
      vertex 37.9653 1.06252 2.6
      vertex 37.9653 -1.06252 2.6
    endloop
  endfacet
  facet normal 0 0 -1
    outer loop
      vertex 37.829 -1.01627 2.6
      vertex 37.829 1.01627 2.6
      vertex 37.9653 1.06252 2.6
    endloop
  endfacet
  facet normal 0 0 -1
    outer loop
      vertex 37.7 -0.952627 2.6
      vertex 37.829 1.01627 2.6
      vertex 37.829 -1.01627 2.6
    endloop
  endfacet
  facet normal 0 0 -1
    outer loop
      vertex 37.7 -0.952627 2.6
      vertex 37.7 0.952627 2.6
      vertex 37.829 1.01627 2.6
    endloop
  endfacet
  facet normal 0 0 -1
    outer loop
      vertex 37.5804 -0.872688 2.6
      vertex 37.7 0.952627 2.6
      vertex 37.7 -0.952627 2.6
    endloop
  endfacet
  facet normal 0 0 -1
    outer loop
      vertex 37.5804 -0.872688 2.6
      vertex 37.5804 0.872688 2.6
      vertex 37.7 0.952627 2.6
    endloop
  endfacet
  facet normal 0 0 -1
    outer loop
      vertex 37.4722 -0.777817 2.6
      vertex 37.5804 0.872688 2.6
      vertex 37.5804 -0.872688 2.6
    endloop
  endfacet
  facet normal 0 0 -1
    outer loop
      vertex 37.4722 -0.777817 2.6
      vertex 37.4722 0.777817 2.6
      vertex 37.5804 0.872688 2.6
    endloop
  endfacet
  facet normal 0 0 -1
    outer loop
      vertex 37.3773 -0.669637 2.6
      vertex 37.4722 0.777817 2.6
      vertex 37.4722 -0.777817 2.6
    endloop
  endfacet
  facet normal 0 0 -1
    outer loop
      vertex 37.3773 -0.669637 2.6
      vertex 37.3773 0.669637 2.6
      vertex 37.4722 0.777817 2.6
    endloop
  endfacet
  facet normal 0 0 -1
    outer loop
      vertex 37.2974 -0.549999 2.6
      vertex 37.3773 0.669637 2.6
      vertex 37.3773 -0.669637 2.6
    endloop
  endfacet
  facet normal 0 0 -1
    outer loop
      vertex 37.2974 -0.549999 2.6
      vertex 37.2974 0.549999 2.6
      vertex 37.3773 0.669637 2.6
    endloop
  endfacet
  facet normal 0 0 -1
    outer loop
      vertex 37.2337 -0.420951 2.6
      vertex 37.2974 0.549999 2.6
      vertex 37.2974 -0.549999 2.6
    endloop
  endfacet
  facet normal 0 0 -1
    outer loop
      vertex 37.2337 -0.420951 2.6
      vertex 37.2337 0.420951 2.6
      vertex 37.2974 0.549999 2.6
    endloop
  endfacet
  facet normal 0 0 -1
    outer loop
      vertex 37.1875 -0.2847 2.6
      vertex 37.2337 0.420951 2.6
      vertex 37.2337 -0.420951 2.6
    endloop
  endfacet
  facet normal 0 0 -1
    outer loop
      vertex 37.1875 -0.2847 2.6
      vertex 37.1875 0.2847 2.6
      vertex 37.2337 0.420951 2.6
    endloop
  endfacet
  facet normal 0 0 -1
    outer loop
      vertex 37.1594 -0.143579 2.6
      vertex 37.1875 0.2847 2.6
      vertex 37.1875 -0.2847 2.6
    endloop
  endfacet
  facet normal 0 0 -1
    outer loop
      vertex 37.1594 -0.143579 2.6
      vertex 37.1594 0.143579 2.6
      vertex 37.1875 0.2847 2.6
    endloop
  endfacet
  facet normal 0 -0 -1
    outer loop
      vertex 37.1594 0.143579 2.6
      vertex 37.1594 -0.143579 2.6
      vertex 37.15 0 2.6
    endloop
  endfacet
  facet normal 0.980746 -0.195286 0
    outer loop
      vertex 37.1594 0.143579 2.6
      vertex 37.1875 0.2847 0
      vertex 37.1875 0.2847 2.6
    endloop
  endfacet
  facet normal 0.980746 -0.195286 0
    outer loop
      vertex 37.1875 0.2847 0
      vertex 37.1594 0.143579 2.6
      vertex 37.1594 0.143579 0
    endloop
  endfacet
  facet normal 0.442441 -0.896798 0
    outer loop
      vertex 37.7 0.952627 0
      vertex 37.829 1.01627 2.6
      vertex 37.7 0.952627 2.6
    endloop
  endfacet
  facet normal 0.442441 -0.896798 0
    outer loop
      vertex 37.829 1.01627 2.6
      vertex 37.7 0.952627 0
      vertex 37.829 1.01627 0
    endloop
  endfacet
  facet normal -0.896706 0.442627 0
    outer loop
      vertex 39.2026 -0.549999 0
      vertex 39.2663 -0.420951 2.6
      vertex 39.2663 -0.420951 0
    endloop
  endfacet
  facet normal -0.896706 0.442627 0
    outer loop
      vertex 39.2663 -0.420951 2.6
      vertex 39.2026 -0.549999 0
      vertex 39.2026 -0.549999 2.6
    endloop
  endfacet
  facet normal 0.831597 0.55538 0
    outer loop
      vertex 37.3773 -0.669637 2.6
      vertex 37.2974 -0.549999 0
      vertex 37.2974 -0.549999 2.6
    endloop
  endfacet
  facet normal 0.831597 0.55538 0
    outer loop
      vertex 37.2974 -0.549999 0
      vertex 37.3773 -0.669637 2.6
      vertex 37.3773 -0.669637 0
    endloop
  endfacet
  facet normal -0.947038 0.321122 0
    outer loop
      vertex 39.2663 -0.420951 0
      vertex 39.3125 -0.2847 2.6
      vertex 39.3125 -0.2847 0
    endloop
  endfacet
  facet normal -0.947038 0.321122 0
    outer loop
      vertex 39.3125 -0.2847 2.6
      vertex 39.2663 -0.420951 0
      vertex 39.2663 -0.420951 2.6
    endloop
  endfacet
  facet normal -0.55569 -0.83139 0
    outer loop
      vertex 66.3 0.952627 0
      vertex 66.4196 0.872688 2.6
      vertex 66.3 0.952627 2.6
    endloop
  endfacet
  facet normal -0.55569 -0.83139 -0
    outer loop
      vertex 66.4196 0.872688 2.6
      vertex 66.3 0.952627 0
      vertex 66.4196 0.872688 0
    endloop
  endfacet
  facet normal 0.32133 0.946967 -0
    outer loop
      vertex 65.4653 -1.06252 0
      vertex 65.329 -1.01627 2.6
      vertex 65.4653 -1.06252 2.6
    endloop
  endfacet
  facet normal 0.32133 0.946967 0
    outer loop
      vertex 65.329 -1.01627 2.6
      vertex 65.4653 -1.06252 0
      vertex 65.329 -1.01627 0
    endloop
  endfacet
  facet normal 0.32133 -0.946967 0
    outer loop
      vertex 65.329 1.01627 0
      vertex 65.4653 1.06252 2.6
      vertex 65.329 1.01627 2.6
    endloop
  endfacet
  facet normal 0.32133 -0.946967 0
    outer loop
      vertex 65.4653 1.06252 2.6
      vertex 65.329 1.01627 0
      vertex 65.4653 1.06252 0
    endloop
  endfacet
  facet normal 0.896706 -0.442627 0
    outer loop
      vertex 64.7337 0.420951 2.6
      vertex 64.7974 0.549999 0
      vertex 64.7974 0.549999 2.6
    endloop
  endfacet
  facet normal 0.896706 -0.442627 0
    outer loop
      vertex 64.7974 0.549999 0
      vertex 64.7337 0.420951 2.6
      vertex 64.7337 0.420951 0
    endloop
  endfacet
  facet normal -0.896706 -0.442627 0
    outer loop
      vertex 66.7663 0.420951 0
      vertex 66.7026 0.549999 2.6
      vertex 66.7026 0.549999 0
    endloop
  endfacet
  facet normal -0.896706 -0.442627 0
    outer loop
      vertex 66.7026 0.549999 2.6
      vertex 66.7663 0.420951 0
      vertex 66.7663 0.420951 2.6
    endloop
  endfacet
  facet normal -0.980746 -0.195286 0
    outer loop
      vertex 66.8406 0.143579 0
      vertex 66.8125 0.2847 2.6
      vertex 66.8125 0.2847 0
    endloop
  endfacet
  facet normal -0.980746 -0.195286 0
    outer loop
      vertex 66.8125 0.2847 2.6
      vertex 66.8406 0.143579 0
      vertex 66.8406 0.143579 2.6
    endloop
  endfacet
  facet normal -0.831597 -0.55538 0
    outer loop
      vertex 66.7026 0.549999 0
      vertex 66.6227 0.669637 2.6
      vertex 66.6227 0.669637 0
    endloop
  endfacet
  facet normal -0.831597 -0.55538 0
    outer loop
      vertex 66.6227 0.669637 2.6
      vertex 66.7026 0.549999 0
      vertex 66.7026 0.549999 2.6
    endloop
  endfacet
  facet normal -0.32133 -0.946967 0
    outer loop
      vertex 66.0347 1.06252 0
      vertex 66.171 1.01627 2.6
      vertex 66.0347 1.06252 2.6
    endloop
  endfacet
  facet normal -0.32133 -0.946967 -0
    outer loop
      vertex 66.171 1.01627 2.6
      vertex 66.0347 1.06252 0
      vertex 66.171 1.01627 0
    endloop
  endfacet
  facet normal -0.065389 -0.99786 0
    outer loop
      vertex 65.75 1.1 0
      vertex 65.8936 1.09059 2.6
      vertex 65.75 1.1 2.6
    endloop
  endfacet
  facet normal -0.065389 -0.99786 -0
    outer loop
      vertex 65.8936 1.09059 2.6
      vertex 65.75 1.1 0
      vertex 65.8936 1.09059 0
    endloop
  endfacet
  facet normal 0.751741 -0.659458 0
    outer loop
      vertex 64.8773 0.669637 2.6
      vertex 64.9722 0.777817 0
      vertex 64.9722 0.777817 2.6
    endloop
  endfacet
  facet normal 0.751741 -0.659458 0
    outer loop
      vertex 64.9722 0.777817 0
      vertex 64.8773 0.669637 2.6
      vertex 64.8773 0.669637 0
    endloop
  endfacet
  facet normal 0.195113 -0.980781 0
    outer loop
      vertex 65.4653 1.06252 0
      vertex 65.6064 1.09059 2.6
      vertex 65.4653 1.06252 2.6
    endloop
  endfacet
  facet normal 0.195113 -0.980781 0
    outer loop
      vertex 65.6064 1.09059 2.6
      vertex 65.4653 1.06252 0
      vertex 65.6064 1.09059 0
    endloop
  endfacet
  facet normal 0.659276 -0.751901 0
    outer loop
      vertex 64.9722 0.777817 0
      vertex 65.0804 0.872688 2.6
      vertex 64.9722 0.777817 2.6
    endloop
  endfacet
  facet normal 0.659276 -0.751901 0
    outer loop
      vertex 65.0804 0.872688 2.6
      vertex 64.9722 0.777817 0
      vertex 65.0804 0.872688 0
    endloop
  endfacet
  facet normal -0.997864 -0.0653293 0
    outer loop
      vertex 66.85 0 0
      vertex 66.8406 0.143579 2.6
      vertex 66.8406 0.143579 0
    endloop
  endfacet
  facet normal -0.997864 -0.0653293 0
    outer loop
      vertex 66.8406 0.143579 2.6
      vertex 66.85 0 0
      vertex 66.85 0 2.6
    endloop
  endfacet
  facet normal -0.442441 0.896798 0
    outer loop
      vertex 66.3 -0.952627 0
      vertex 66.171 -1.01627 2.6
      vertex 66.3 -0.952627 2.6
    endloop
  endfacet
  facet normal -0.442441 0.896798 0
    outer loop
      vertex 66.171 -1.01627 2.6
      vertex 66.3 -0.952627 0
      vertex 66.171 -1.01627 0
    endloop
  endfacet
  facet normal -0.55569 0.83139 0
    outer loop
      vertex 66.4196 -0.872688 0
      vertex 66.3 -0.952627 2.6
      vertex 66.4196 -0.872688 2.6
    endloop
  endfacet
  facet normal -0.55569 0.83139 0
    outer loop
      vertex 66.3 -0.952627 2.6
      vertex 66.4196 -0.872688 0
      vertex 66.3 -0.952627 0
    endloop
  endfacet
  facet normal -0.831597 0.55538 0
    outer loop
      vertex 66.6227 -0.669637 0
      vertex 66.7026 -0.549999 2.6
      vertex 66.7026 -0.549999 0
    endloop
  endfacet
  facet normal -0.831597 0.55538 0
    outer loop
      vertex 66.7026 -0.549999 2.6
      vertex 66.6227 -0.669637 0
      vertex 66.6227 -0.669637 2.6
    endloop
  endfacet
  facet normal 0.195113 0.980781 -0
    outer loop
      vertex 65.6064 -1.09059 0
      vertex 65.4653 -1.06252 2.6
      vertex 65.6064 -1.09059 2.6
    endloop
  endfacet
  facet normal 0.195113 0.980781 0
    outer loop
      vertex 65.4653 -1.06252 2.6
      vertex 65.6064 -1.09059 0
      vertex 65.4653 -1.06252 0
    endloop
  endfacet
  facet normal 0.659276 0.751901 -0
    outer loop
      vertex 65.0804 -0.872688 0
      vertex 64.9722 -0.777817 2.6
      vertex 65.0804 -0.872688 2.6
    endloop
  endfacet
  facet normal 0.659276 0.751901 0
    outer loop
      vertex 64.9722 -0.777817 2.6
      vertex 65.0804 -0.872688 0
      vertex 64.9722 -0.777817 0
    endloop
  endfacet
  facet normal 0.751741 0.659458 0
    outer loop
      vertex 64.9722 -0.777817 2.6
      vertex 64.8773 -0.669637 0
      vertex 64.8773 -0.669637 2.6
    endloop
  endfacet
  facet normal 0.751741 0.659458 0
    outer loop
      vertex 64.8773 -0.669637 0
      vertex 64.9722 -0.777817 2.6
      vertex 64.9722 -0.777817 0
    endloop
  endfacet
  facet normal -0.947038 -0.321122 0
    outer loop
      vertex 66.8125 0.2847 0
      vertex 66.7663 0.420951 2.6
      vertex 66.7663 0.420951 0
    endloop
  endfacet
  facet normal -0.947038 -0.321122 0
    outer loop
      vertex 66.7663 0.420951 2.6
      vertex 66.8125 0.2847 0
      vertex 66.8125 0.2847 2.6
    endloop
  endfacet
  facet normal -0.751741 -0.659458 0
    outer loop
      vertex 66.6227 0.669637 0
      vertex 66.5278 0.777817 2.6
      vertex 66.5278 0.777817 0
    endloop
  endfacet
  facet normal -0.751741 -0.659458 0
    outer loop
      vertex 66.5278 0.777817 2.6
      vertex 66.6227 0.669637 0
      vertex 66.6227 0.669637 2.6
    endloop
  endfacet
  facet normal -0.659276 -0.751901 0
    outer loop
      vertex 66.4196 0.872688 0
      vertex 66.5278 0.777817 2.6
      vertex 66.4196 0.872688 2.6
    endloop
  endfacet
  facet normal -0.659276 -0.751901 -0
    outer loop
      vertex 66.5278 0.777817 2.6
      vertex 66.4196 0.872688 0
      vertex 66.5278 0.777817 0
    endloop
  endfacet
  facet normal -0.442441 -0.896798 0
    outer loop
      vertex 66.171 1.01627 0
      vertex 66.3 0.952627 2.6
      vertex 66.171 1.01627 2.6
    endloop
  endfacet
  facet normal -0.442441 -0.896798 -0
    outer loop
      vertex 66.3 0.952627 2.6
      vertex 66.171 1.01627 0
      vertex 66.3 0.952627 0
    endloop
  endfacet
  facet normal -0.195113 -0.980781 0
    outer loop
      vertex 65.8936 1.09059 0
      vertex 66.0347 1.06252 2.6
      vertex 65.8936 1.09059 2.6
    endloop
  endfacet
  facet normal -0.195113 -0.980781 -0
    outer loop
      vertex 66.0347 1.06252 2.6
      vertex 65.8936 1.09059 0
      vertex 66.0347 1.06252 0
    endloop
  endfacet
  facet normal 0.997864 -0.0653293 0
    outer loop
      vertex 64.65 0 2.6
      vertex 64.6594 0.143579 0
      vertex 64.6594 0.143579 2.6
    endloop
  endfacet
  facet normal 0.997864 -0.0653293 0
    outer loop
      vertex 64.6594 0.143579 0
      vertex 64.65 0 2.6
      vertex 64.65 0 0
    endloop
  endfacet
  facet normal 0.947038 -0.321122 0
    outer loop
      vertex 64.6875 0.2847 2.6
      vertex 64.7337 0.420951 0
      vertex 64.7337 0.420951 2.6
    endloop
  endfacet
  facet normal 0.947038 -0.321122 0
    outer loop
      vertex 64.7337 0.420951 0
      vertex 64.6875 0.2847 2.6
      vertex 64.6875 0.2847 0
    endloop
  endfacet
  facet normal 0.831597 -0.55538 0
    outer loop
      vertex 64.7974 0.549999 2.6
      vertex 64.8773 0.669637 0
      vertex 64.8773 0.669637 2.6
    endloop
  endfacet
  facet normal 0.831597 -0.55538 0
    outer loop
      vertex 64.8773 0.669637 0
      vertex 64.7974 0.549999 2.6
      vertex 64.7974 0.549999 0
    endloop
  endfacet
  facet normal 0.065389 -0.99786 0
    outer loop
      vertex 65.6064 1.09059 0
      vertex 65.75 1.1 2.6
      vertex 65.6064 1.09059 2.6
    endloop
  endfacet
  facet normal 0.065389 -0.99786 0
    outer loop
      vertex 65.75 1.1 2.6
      vertex 65.6064 1.09059 0
      vertex 65.75 1.1 0
    endloop
  endfacet
  facet normal 0.55569 -0.83139 0
    outer loop
      vertex 65.0804 0.872688 0
      vertex 65.2 0.952627 2.6
      vertex 65.0804 0.872688 2.6
    endloop
  endfacet
  facet normal 0.55569 -0.83139 0
    outer loop
      vertex 65.2 0.952627 2.6
      vertex 65.0804 0.872688 0
      vertex 65.2 0.952627 0
    endloop
  endfacet
  facet normal 0.442441 -0.896798 0
    outer loop
      vertex 65.2 0.952627 0
      vertex 65.329 1.01627 2.6
      vertex 65.2 0.952627 2.6
    endloop
  endfacet
  facet normal 0.442441 -0.896798 0
    outer loop
      vertex 65.329 1.01627 2.6
      vertex 65.2 0.952627 0
      vertex 65.329 1.01627 0
    endloop
  endfacet
  facet normal -0.980746 0.195286 0
    outer loop
      vertex 66.8125 -0.2847 0
      vertex 66.8406 -0.143579 2.6
      vertex 66.8406 -0.143579 0
    endloop
  endfacet
  facet normal -0.980746 0.195286 0
    outer loop
      vertex 66.8406 -0.143579 2.6
      vertex 66.8125 -0.2847 0
      vertex 66.8125 -0.2847 2.6
    endloop
  endfacet
  facet normal -0.065389 0.99786 0
    outer loop
      vertex 65.8936 -1.09059 0
      vertex 65.75 -1.1 2.6
      vertex 65.8936 -1.09059 2.6
    endloop
  endfacet
  facet normal -0.065389 0.99786 0
    outer loop
      vertex 65.75 -1.1 2.6
      vertex 65.8936 -1.09059 0
      vertex 65.75 -1.1 0
    endloop
  endfacet
  facet normal -0.195113 0.980781 0
    outer loop
      vertex 66.0347 -1.06252 0
      vertex 65.8936 -1.09059 2.6
      vertex 66.0347 -1.06252 2.6
    endloop
  endfacet
  facet normal -0.195113 0.980781 0
    outer loop
      vertex 65.8936 -1.09059 2.6
      vertex 66.0347 -1.06252 0
      vertex 65.8936 -1.09059 0
    endloop
  endfacet
  facet normal -0.32133 0.946967 0
    outer loop
      vertex 66.171 -1.01627 0
      vertex 66.0347 -1.06252 2.6
      vertex 66.171 -1.01627 2.6
    endloop
  endfacet
  facet normal -0.32133 0.946967 0
    outer loop
      vertex 66.0347 -1.06252 2.6
      vertex 66.171 -1.01627 0
      vertex 66.0347 -1.06252 0
    endloop
  endfacet
  facet normal -0.659276 0.751901 0
    outer loop
      vertex 66.5278 -0.777817 0
      vertex 66.4196 -0.872688 2.6
      vertex 66.5278 -0.777817 2.6
    endloop
  endfacet
  facet normal -0.659276 0.751901 0
    outer loop
      vertex 66.4196 -0.872688 2.6
      vertex 66.5278 -0.777817 0
      vertex 66.4196 -0.872688 0
    endloop
  endfacet
  facet normal -0.896706 0.442627 0
    outer loop
      vertex 66.7026 -0.549999 0
      vertex 66.7663 -0.420951 2.6
      vertex 66.7663 -0.420951 0
    endloop
  endfacet
  facet normal -0.896706 0.442627 0
    outer loop
      vertex 66.7663 -0.420951 2.6
      vertex 66.7026 -0.549999 0
      vertex 66.7026 -0.549999 2.6
    endloop
  endfacet
  facet normal 0.065389 0.99786 -0
    outer loop
      vertex 65.75 -1.1 0
      vertex 65.6064 -1.09059 2.6
      vertex 65.75 -1.1 2.6
    endloop
  endfacet
  facet normal 0.065389 0.99786 0
    outer loop
      vertex 65.6064 -1.09059 2.6
      vertex 65.75 -1.1 0
      vertex 65.6064 -1.09059 0
    endloop
  endfacet
  facet normal 0.55569 0.83139 -0
    outer loop
      vertex 65.2 -0.952627 0
      vertex 65.0804 -0.872688 2.6
      vertex 65.2 -0.952627 2.6
    endloop
  endfacet
  facet normal 0.55569 0.83139 0
    outer loop
      vertex 65.0804 -0.872688 2.6
      vertex 65.2 -0.952627 0
      vertex 65.0804 -0.872688 0
    endloop
  endfacet
  facet normal 0.947038 0.321122 0
    outer loop
      vertex 64.7337 -0.420951 2.6
      vertex 64.6875 -0.2847 0
      vertex 64.6875 -0.2847 2.6
    endloop
  endfacet
  facet normal 0.947038 0.321122 0
    outer loop
      vertex 64.6875 -0.2847 0
      vertex 64.7337 -0.420951 2.6
      vertex 64.7337 -0.420951 0
    endloop
  endfacet
  facet normal 0.997864 0.0653293 0
    outer loop
      vertex 64.6594 -0.143579 2.6
      vertex 64.65 0 0
      vertex 64.65 0 2.6
    endloop
  endfacet
  facet normal 0.997864 0.0653293 0
    outer loop
      vertex 64.65 0 0
      vertex 64.6594 -0.143579 2.6
      vertex 64.6594 -0.143579 0
    endloop
  endfacet
  facet normal 0.896706 0.442627 0
    outer loop
      vertex 64.7974 -0.549999 2.6
      vertex 64.7337 -0.420951 0
      vertex 64.7337 -0.420951 2.6
    endloop
  endfacet
  facet normal 0.896706 0.442627 0
    outer loop
      vertex 64.7337 -0.420951 0
      vertex 64.7974 -0.549999 2.6
      vertex 64.7974 -0.549999 0
    endloop
  endfacet
  facet normal 0 0 -1
    outer loop
      vertex 66.8406 -0.143579 2.6
      vertex 66.8406 0.143579 2.6
      vertex 66.85 0 2.6
    endloop
  endfacet
  facet normal 0 0 -1
    outer loop
      vertex 66.8125 -0.2847 2.6
      vertex 66.8406 0.143579 2.6
      vertex 66.8406 -0.143579 2.6
    endloop
  endfacet
  facet normal 0 0 -1
    outer loop
      vertex 66.8125 -0.2847 2.6
      vertex 66.8125 0.2847 2.6
      vertex 66.8406 0.143579 2.6
    endloop
  endfacet
  facet normal 0 0 -1
    outer loop
      vertex 66.7663 -0.420951 2.6
      vertex 66.8125 0.2847 2.6
      vertex 66.8125 -0.2847 2.6
    endloop
  endfacet
  facet normal 0 0 -1
    outer loop
      vertex 66.7663 -0.420951 2.6
      vertex 66.7663 0.420951 2.6
      vertex 66.8125 0.2847 2.6
    endloop
  endfacet
  facet normal 0 0 -1
    outer loop
      vertex 66.7026 -0.549999 2.6
      vertex 66.7663 0.420951 2.6
      vertex 66.7663 -0.420951 2.6
    endloop
  endfacet
  facet normal 0 0 -1
    outer loop
      vertex 66.7026 -0.549999 2.6
      vertex 66.7026 0.549999 2.6
      vertex 66.7663 0.420951 2.6
    endloop
  endfacet
  facet normal 0 0 -1
    outer loop
      vertex 66.6227 -0.669637 2.6
      vertex 66.7026 0.549999 2.6
      vertex 66.7026 -0.549999 2.6
    endloop
  endfacet
  facet normal 0 0 -1
    outer loop
      vertex 66.6227 -0.669637 2.6
      vertex 66.6227 0.669637 2.6
      vertex 66.7026 0.549999 2.6
    endloop
  endfacet
  facet normal 0 0 -1
    outer loop
      vertex 66.5278 -0.777817 2.6
      vertex 66.6227 0.669637 2.6
      vertex 66.6227 -0.669637 2.6
    endloop
  endfacet
  facet normal 0 0 -1
    outer loop
      vertex 66.5278 -0.777817 2.6
      vertex 66.5278 0.777817 2.6
      vertex 66.6227 0.669637 2.6
    endloop
  endfacet
  facet normal 0 0 -1
    outer loop
      vertex 66.4196 -0.872688 2.6
      vertex 66.5278 0.777817 2.6
      vertex 66.5278 -0.777817 2.6
    endloop
  endfacet
  facet normal 0 0 -1
    outer loop
      vertex 66.4196 -0.872688 2.6
      vertex 66.4196 0.872688 2.6
      vertex 66.5278 0.777817 2.6
    endloop
  endfacet
  facet normal 0 0 -1
    outer loop
      vertex 66.3 -0.952627 2.6
      vertex 66.4196 0.872688 2.6
      vertex 66.4196 -0.872688 2.6
    endloop
  endfacet
  facet normal 0 0 -1
    outer loop
      vertex 66.3 -0.952627 2.6
      vertex 66.3 0.952627 2.6
      vertex 66.4196 0.872688 2.6
    endloop
  endfacet
  facet normal 0 0 -1
    outer loop
      vertex 66.171 -1.01627 2.6
      vertex 66.3 0.952627 2.6
      vertex 66.3 -0.952627 2.6
    endloop
  endfacet
  facet normal 0 0 -1
    outer loop
      vertex 66.171 -1.01627 2.6
      vertex 66.171 1.01627 2.6
      vertex 66.3 0.952627 2.6
    endloop
  endfacet
  facet normal 0 0 -1
    outer loop
      vertex 66.0347 -1.06252 2.6
      vertex 66.171 1.01627 2.6
      vertex 66.171 -1.01627 2.6
    endloop
  endfacet
  facet normal 0 0 -1
    outer loop
      vertex 66.0347 -1.06252 2.6
      vertex 66.0347 1.06252 2.6
      vertex 66.171 1.01627 2.6
    endloop
  endfacet
  facet normal 0 0 -1
    outer loop
      vertex 65.8936 -1.09059 2.6
      vertex 66.0347 1.06252 2.6
      vertex 66.0347 -1.06252 2.6
    endloop
  endfacet
  facet normal 0 0 -1
    outer loop
      vertex 65.8936 -1.09059 2.6
      vertex 65.8936 1.09059 2.6
      vertex 66.0347 1.06252 2.6
    endloop
  endfacet
  facet normal 0 0 -1
    outer loop
      vertex 65.75 -1.1 2.6
      vertex 65.8936 1.09059 2.6
      vertex 65.8936 -1.09059 2.6
    endloop
  endfacet
  facet normal 0 0 -1
    outer loop
      vertex 65.75 -1.1 2.6
      vertex 65.75 1.1 2.6
      vertex 65.8936 1.09059 2.6
    endloop
  endfacet
  facet normal 0 0 -1
    outer loop
      vertex 65.6064 -1.09059 2.6
      vertex 65.75 1.1 2.6
      vertex 65.75 -1.1 2.6
    endloop
  endfacet
  facet normal 0 0 -1
    outer loop
      vertex 65.6064 -1.09059 2.6
      vertex 65.6064 1.09059 2.6
      vertex 65.75 1.1 2.6
    endloop
  endfacet
  facet normal 0 0 -1
    outer loop
      vertex 65.4653 -1.06252 2.6
      vertex 65.6064 1.09059 2.6
      vertex 65.6064 -1.09059 2.6
    endloop
  endfacet
  facet normal 0 0 -1
    outer loop
      vertex 65.4653 -1.06252 2.6
      vertex 65.4653 1.06252 2.6
      vertex 65.6064 1.09059 2.6
    endloop
  endfacet
  facet normal 0 0 -1
    outer loop
      vertex 65.329 -1.01627 2.6
      vertex 65.4653 1.06252 2.6
      vertex 65.4653 -1.06252 2.6
    endloop
  endfacet
  facet normal 0 0 -1
    outer loop
      vertex 65.329 -1.01627 2.6
      vertex 65.329 1.01627 2.6
      vertex 65.4653 1.06252 2.6
    endloop
  endfacet
  facet normal 0 0 -1
    outer loop
      vertex 65.2 -0.952627 2.6
      vertex 65.329 1.01627 2.6
      vertex 65.329 -1.01627 2.6
    endloop
  endfacet
  facet normal 0 0 -1
    outer loop
      vertex 65.2 -0.952627 2.6
      vertex 65.2 0.952627 2.6
      vertex 65.329 1.01627 2.6
    endloop
  endfacet
  facet normal 0 0 -1
    outer loop
      vertex 65.0804 -0.872688 2.6
      vertex 65.2 0.952627 2.6
      vertex 65.2 -0.952627 2.6
    endloop
  endfacet
  facet normal 0 0 -1
    outer loop
      vertex 65.0804 -0.872688 2.6
      vertex 65.0804 0.872688 2.6
      vertex 65.2 0.952627 2.6
    endloop
  endfacet
  facet normal 0 0 -1
    outer loop
      vertex 64.9722 -0.777817 2.6
      vertex 65.0804 0.872688 2.6
      vertex 65.0804 -0.872688 2.6
    endloop
  endfacet
  facet normal 0 0 -1
    outer loop
      vertex 64.9722 -0.777817 2.6
      vertex 64.9722 0.777817 2.6
      vertex 65.0804 0.872688 2.6
    endloop
  endfacet
  facet normal 0 0 -1
    outer loop
      vertex 64.8773 -0.669637 2.6
      vertex 64.9722 0.777817 2.6
      vertex 64.9722 -0.777817 2.6
    endloop
  endfacet
  facet normal 0 0 -1
    outer loop
      vertex 64.8773 -0.669637 2.6
      vertex 64.8773 0.669637 2.6
      vertex 64.9722 0.777817 2.6
    endloop
  endfacet
  facet normal 0 0 -1
    outer loop
      vertex 64.7974 -0.549999 2.6
      vertex 64.8773 0.669637 2.6
      vertex 64.8773 -0.669637 2.6
    endloop
  endfacet
  facet normal 0 0 -1
    outer loop
      vertex 64.7974 -0.549999 2.6
      vertex 64.7974 0.549999 2.6
      vertex 64.8773 0.669637 2.6
    endloop
  endfacet
  facet normal 0 0 -1
    outer loop
      vertex 64.7337 -0.420951 2.6
      vertex 64.7974 0.549999 2.6
      vertex 64.7974 -0.549999 2.6
    endloop
  endfacet
  facet normal 0 0 -1
    outer loop
      vertex 64.7337 -0.420951 2.6
      vertex 64.7337 0.420951 2.6
      vertex 64.7974 0.549999 2.6
    endloop
  endfacet
  facet normal 0 0 -1
    outer loop
      vertex 64.6875 -0.2847 2.6
      vertex 64.7337 0.420951 2.6
      vertex 64.7337 -0.420951 2.6
    endloop
  endfacet
  facet normal 0 0 -1
    outer loop
      vertex 64.6875 -0.2847 2.6
      vertex 64.6875 0.2847 2.6
      vertex 64.7337 0.420951 2.6
    endloop
  endfacet
  facet normal 0 0 -1
    outer loop
      vertex 64.6594 -0.143579 2.6
      vertex 64.6875 0.2847 2.6
      vertex 64.6875 -0.2847 2.6
    endloop
  endfacet
  facet normal 0 0 -1
    outer loop
      vertex 64.6594 -0.143579 2.6
      vertex 64.6594 0.143579 2.6
      vertex 64.6875 0.2847 2.6
    endloop
  endfacet
  facet normal 0 -0 -1
    outer loop
      vertex 64.6594 0.143579 2.6
      vertex 64.6594 -0.143579 2.6
      vertex 64.65 0 2.6
    endloop
  endfacet
  facet normal 0.980746 -0.195286 0
    outer loop
      vertex 64.6594 0.143579 2.6
      vertex 64.6875 0.2847 0
      vertex 64.6875 0.2847 2.6
    endloop
  endfacet
  facet normal 0.980746 -0.195286 0
    outer loop
      vertex 64.6875 0.2847 0
      vertex 64.6594 0.143579 2.6
      vertex 64.6594 0.143579 0
    endloop
  endfacet
  facet normal -0.997864 0.0653293 0
    outer loop
      vertex 66.8406 -0.143579 0
      vertex 66.85 0 2.6
      vertex 66.85 0 0
    endloop
  endfacet
  facet normal -0.997864 0.0653293 0
    outer loop
      vertex 66.85 0 2.6
      vertex 66.8406 -0.143579 0
      vertex 66.8406 -0.143579 2.6
    endloop
  endfacet
  facet normal -0.751741 0.659458 0
    outer loop
      vertex 66.5278 -0.777817 0
      vertex 66.6227 -0.669637 2.6
      vertex 66.6227 -0.669637 0
    endloop
  endfacet
  facet normal -0.751741 0.659458 0
    outer loop
      vertex 66.6227 -0.669637 2.6
      vertex 66.5278 -0.777817 0
      vertex 66.5278 -0.777817 2.6
    endloop
  endfacet
  facet normal -0.947038 0.321122 0
    outer loop
      vertex 66.7663 -0.420951 0
      vertex 66.8125 -0.2847 2.6
      vertex 66.8125 -0.2847 0
    endloop
  endfacet
  facet normal -0.947038 0.321122 0
    outer loop
      vertex 66.8125 -0.2847 2.6
      vertex 66.7663 -0.420951 0
      vertex 66.7663 -0.420951 2.6
    endloop
  endfacet
  facet normal 0.442441 0.896798 -0
    outer loop
      vertex 65.329 -1.01627 0
      vertex 65.2 -0.952627 2.6
      vertex 65.329 -1.01627 2.6
    endloop
  endfacet
  facet normal 0.442441 0.896798 0
    outer loop
      vertex 65.2 -0.952627 2.6
      vertex 65.329 -1.01627 0
      vertex 65.2 -0.952627 0
    endloop
  endfacet
  facet normal 0.980746 0.195286 0
    outer loop
      vertex 64.6875 -0.2847 2.6
      vertex 64.6594 -0.143579 0
      vertex 64.6594 -0.143579 2.6
    endloop
  endfacet
  facet normal 0.980746 0.195286 0
    outer loop
      vertex 64.6594 -0.143579 0
      vertex 64.6875 -0.2847 2.6
      vertex 64.6875 -0.2847 0
    endloop
  endfacet
  facet normal 0.831597 0.55538 0
    outer loop
      vertex 64.8773 -0.669637 2.6
      vertex 64.7974 -0.549999 0
      vertex 64.7974 -0.549999 2.6
    endloop
  endfacet
  facet normal 0.831597 0.55538 0
    outer loop
      vertex 64.7974 -0.549999 0
      vertex 64.8773 -0.669637 2.6
      vertex 64.8773 -0.669637 0
    endloop
  endfacet
  facet normal 0.947037 -0.321124 0
    outer loop
      vertex -36.5625 -5.4153 2.6
      vertex -36.5163 -5.27905 0
      vertex -36.5163 -5.27905 2.6
    endloop
  endfacet
  facet normal 0.947037 -0.321124 0
    outer loop
      vertex -36.5163 -5.27905 0
      vertex -36.5625 -5.4153 2.6
      vertex -36.5625 -5.4153 0
    endloop
  endfacet
  facet normal -0.831601 -0.555374 0
    outer loop
      vertex -34.5474 -5.15 0
      vertex -34.6273 -5.03036 2.6
      vertex -34.6273 -5.03036 0
    endloop
  endfacet
  facet normal -0.831601 -0.555374 0
    outer loop
      vertex -34.6273 -5.03036 2.6
      vertex -34.5474 -5.15 0
      vertex -34.5474 -5.15 2.6
    endloop
  endfacet
  facet normal -0.195113 -0.980781 0
    outer loop
      vertex -35.3564 -4.60941 0
      vertex -35.2153 -4.63748 2.6
      vertex -35.3564 -4.60941 2.6
    endloop
  endfacet
  facet normal -0.195113 -0.980781 -0
    outer loop
      vertex -35.2153 -4.63748 2.6
      vertex -35.3564 -4.60941 0
      vertex -35.2153 -4.63748 0
    endloop
  endfacet
  facet normal -0.32133 -0.946967 0
    outer loop
      vertex -35.2153 -4.63748 0
      vertex -35.079 -4.68373 2.6
      vertex -35.2153 -4.63748 2.6
    endloop
  endfacet
  facet normal -0.32133 -0.946967 -0
    outer loop
      vertex -35.079 -4.68373 2.6
      vertex -35.2153 -4.63748 0
      vertex -35.079 -4.68373 0
    endloop
  endfacet
  facet normal 0.32133 -0.946967 0
    outer loop
      vertex -35.921 -4.68373 0
      vertex -35.7847 -4.63748 2.6
      vertex -35.921 -4.68373 2.6
    endloop
  endfacet
  facet normal 0.32133 -0.946967 0
    outer loop
      vertex -35.7847 -4.63748 2.6
      vertex -35.921 -4.68373 0
      vertex -35.7847 -4.63748 0
    endloop
  endfacet
  facet normal 0.896708 -0.442622 0
    outer loop
      vertex -36.5163 -5.27905 2.6
      vertex -36.4526 -5.15 0
      vertex -36.4526 -5.15 2.6
    endloop
  endfacet
  facet normal 0.896708 -0.442622 0
    outer loop
      vertex -36.4526 -5.15 0
      vertex -36.5163 -5.27905 2.6
      vertex -36.5163 -5.27905 0
    endloop
  endfacet
  facet normal -0.980746 0.195287 0
    outer loop
      vertex -34.4375 -5.9847 0
      vertex -34.4094 -5.84358 2.6
      vertex -34.4094 -5.84358 0
    endloop
  endfacet
  facet normal -0.980746 0.195287 0
    outer loop
      vertex -34.4094 -5.84358 2.6
      vertex -34.4375 -5.9847 0
      vertex -34.4375 -5.9847 2.6
    endloop
  endfacet
  facet normal -0.065389 -0.99786 0
    outer loop
      vertex -35.5 -4.6 0
      vertex -35.3564 -4.60941 2.6
      vertex -35.5 -4.6 2.6
    endloop
  endfacet
  facet normal -0.065389 -0.99786 -0
    outer loop
      vertex -35.3564 -4.60941 2.6
      vertex -35.5 -4.6 0
      vertex -35.3564 -4.60941 0
    endloop
  endfacet
  facet normal -0.555694 -0.831387 0
    outer loop
      vertex -34.95 -4.74737 0
      vertex -34.8304 -4.82731 2.6
      vertex -34.95 -4.74737 2.6
    endloop
  endfacet
  facet normal -0.555694 -0.831387 -0
    outer loop
      vertex -34.8304 -4.82731 2.6
      vertex -34.95 -4.74737 0
      vertex -34.8304 -4.82731 0
    endloop
  endfacet
  facet normal 0.751741 -0.659458 0
    outer loop
      vertex -36.3727 -5.03036 2.6
      vertex -36.2778 -4.92218 0
      vertex -36.2778 -4.92218 2.6
    endloop
  endfacet
  facet normal 0.751741 -0.659458 0
    outer loop
      vertex -36.2778 -4.92218 0
      vertex -36.3727 -5.03036 2.6
      vertex -36.3727 -5.03036 0
    endloop
  endfacet
  facet normal 0.195113 -0.980781 0
    outer loop
      vertex -35.7847 -4.63748 0
      vertex -35.6436 -4.60941 2.6
      vertex -35.7847 -4.63748 2.6
    endloop
  endfacet
  facet normal 0.195113 -0.980781 0
    outer loop
      vertex -35.6436 -4.60941 2.6
      vertex -35.7847 -4.63748 0
      vertex -35.6436 -4.60941 0
    endloop
  endfacet
  facet normal 0.659272 -0.751905 0
    outer loop
      vertex -36.2778 -4.92218 0
      vertex -36.1696 -4.82731 2.6
      vertex -36.2778 -4.92218 2.6
    endloop
  endfacet
  facet normal 0.659272 -0.751905 0
    outer loop
      vertex -36.1696 -4.82731 2.6
      vertex -36.2778 -4.92218 0
      vertex -36.1696 -4.82731 0
    endloop
  endfacet
  facet normal -0.997864 -0.0653289 0
    outer loop
      vertex -34.4 -5.7 0
      vertex -34.4094 -5.55642 2.6
      vertex -34.4094 -5.55642 0
    endloop
  endfacet
  facet normal -0.997864 -0.0653289 0
    outer loop
      vertex -34.4094 -5.55642 2.6
      vertex -34.4 -5.7 0
      vertex -34.4 -5.7 2.6
    endloop
  endfacet
  facet normal -0.947037 0.321124 0
    outer loop
      vertex -34.4837 -6.12095 0
      vertex -34.4375 -5.9847 2.6
      vertex -34.4375 -5.9847 0
    endloop
  endfacet
  facet normal -0.947037 0.321124 0
    outer loop
      vertex -34.4375 -5.9847 2.6
      vertex -34.4837 -6.12095 0
      vertex -34.4837 -6.12095 2.6
    endloop
  endfacet
  facet normal -0.555694 0.831387 0
    outer loop
      vertex -34.8304 -6.57269 0
      vertex -34.95 -6.65263 2.6
      vertex -34.8304 -6.57269 2.6
    endloop
  endfacet
  facet normal -0.555694 0.831387 0
    outer loop
      vertex -34.95 -6.65263 2.6
      vertex -34.8304 -6.57269 0
      vertex -34.95 -6.65263 0
    endloop
  endfacet
  facet normal -0.659272 -0.751905 0
    outer loop
      vertex -34.8304 -4.82731 0
      vertex -34.7222 -4.92218 2.6
      vertex -34.8304 -4.82731 2.6
    endloop
  endfacet
  facet normal -0.659272 -0.751905 -0
    outer loop
      vertex -34.7222 -4.92218 2.6
      vertex -34.8304 -4.82731 0
      vertex -34.7222 -4.92218 0
    endloop
  endfacet
  facet normal -0.751741 -0.659458 0
    outer loop
      vertex -34.6273 -5.03036 0
      vertex -34.7222 -4.92218 2.6
      vertex -34.7222 -4.92218 0
    endloop
  endfacet
  facet normal -0.751741 -0.659458 0
    outer loop
      vertex -34.7222 -4.92218 2.6
      vertex -34.6273 -5.03036 0
      vertex -34.6273 -5.03036 2.6
    endloop
  endfacet
  facet normal -0.442424 -0.896806 0
    outer loop
      vertex -35.079 -4.68373 0
      vertex -34.95 -4.74737 2.6
      vertex -35.079 -4.68373 2.6
    endloop
  endfacet
  facet normal -0.442424 -0.896806 -0
    outer loop
      vertex -34.95 -4.74737 2.6
      vertex -35.079 -4.68373 0
      vertex -34.95 -4.74737 0
    endloop
  endfacet
  facet normal 0.997864 -0.0653289 0
    outer loop
      vertex -36.6 -5.7 2.6
      vertex -36.5906 -5.55642 0
      vertex -36.5906 -5.55642 2.6
    endloop
  endfacet
  facet normal 0.997864 -0.0653289 0
    outer loop
      vertex -36.5906 -5.55642 0
      vertex -36.6 -5.7 2.6
      vertex -36.6 -5.7 0
    endloop
  endfacet
  facet normal 0.831601 -0.555374 0
    outer loop
      vertex -36.4526 -5.15 2.6
      vertex -36.3727 -5.03036 0
      vertex -36.3727 -5.03036 2.6
    endloop
  endfacet
  facet normal 0.831601 -0.555374 0
    outer loop
      vertex -36.3727 -5.03036 0
      vertex -36.4526 -5.15 2.6
      vertex -36.4526 -5.15 0
    endloop
  endfacet
  facet normal 0.065389 -0.99786 0
    outer loop
      vertex -35.6436 -4.60941 0
      vertex -35.5 -4.6 2.6
      vertex -35.6436 -4.60941 2.6
    endloop
  endfacet
  facet normal 0.065389 -0.99786 0
    outer loop
      vertex -35.5 -4.6 2.6
      vertex -35.6436 -4.60941 0
      vertex -35.5 -4.6 0
    endloop
  endfacet
  facet normal 0.555694 -0.831387 0
    outer loop
      vertex -36.1696 -4.82731 0
      vertex -36.05 -4.74737 2.6
      vertex -36.1696 -4.82731 2.6
    endloop
  endfacet
  facet normal 0.555694 -0.831387 0
    outer loop
      vertex -36.05 -4.74737 2.6
      vertex -36.1696 -4.82731 0
      vertex -36.05 -4.74737 0
    endloop
  endfacet
  facet normal 0.442424 -0.896806 0
    outer loop
      vertex -36.05 -4.74737 0
      vertex -35.921 -4.68373 2.6
      vertex -36.05 -4.74737 2.6
    endloop
  endfacet
  facet normal 0.442424 -0.896806 0
    outer loop
      vertex -35.921 -4.68373 2.6
      vertex -36.05 -4.74737 0
      vertex -35.921 -4.68373 0
    endloop
  endfacet
  facet normal -0.997864 0.0653289 0
    outer loop
      vertex -34.4094 -5.84358 0
      vertex -34.4 -5.7 2.6
      vertex -34.4 -5.7 0
    endloop
  endfacet
  facet normal -0.997864 0.0653289 0
    outer loop
      vertex -34.4 -5.7 2.6
      vertex -34.4094 -5.84358 0
      vertex -34.4094 -5.84358 2.6
    endloop
  endfacet
  facet normal -0.831601 0.555374 0
    outer loop
      vertex -34.6273 -6.36964 0
      vertex -34.5474 -6.25 2.6
      vertex -34.5474 -6.25 0
    endloop
  endfacet
  facet normal -0.831601 0.555374 0
    outer loop
      vertex -34.5474 -6.25 2.6
      vertex -34.6273 -6.36964 0
      vertex -34.6273 -6.36964 2.6
    endloop
  endfacet
  facet normal -0.195113 0.980781 0
    outer loop
      vertex -35.2153 -6.76252 0
      vertex -35.3564 -6.79059 2.6
      vertex -35.2153 -6.76252 2.6
    endloop
  endfacet
  facet normal -0.195113 0.980781 0
    outer loop
      vertex -35.3564 -6.79059 2.6
      vertex -35.2153 -6.76252 0
      vertex -35.3564 -6.79059 0
    endloop
  endfacet
  facet normal -0.659272 0.751905 0
    outer loop
      vertex -34.7222 -6.47782 0
      vertex -34.8304 -6.57269 2.6
      vertex -34.7222 -6.47782 2.6
    endloop
  endfacet
  facet normal -0.659272 0.751905 0
    outer loop
      vertex -34.8304 -6.57269 2.6
      vertex -34.7222 -6.47782 0
      vertex -34.8304 -6.57269 0
    endloop
  endfacet
  facet normal -0.896708 -0.442622 0
    outer loop
      vertex -34.4837 -5.27905 0
      vertex -34.5474 -5.15 2.6
      vertex -34.5474 -5.15 0
    endloop
  endfacet
  facet normal -0.896708 -0.442622 0
    outer loop
      vertex -34.5474 -5.15 2.6
      vertex -34.4837 -5.27905 0
      vertex -34.4837 -5.27905 2.6
    endloop
  endfacet
  facet normal -0.947037 -0.321124 0
    outer loop
      vertex -34.4375 -5.4153 0
      vertex -34.4837 -5.27905 2.6
      vertex -34.4837 -5.27905 0
    endloop
  endfacet
  facet normal -0.947037 -0.321124 0
    outer loop
      vertex -34.4837 -5.27905 2.6
      vertex -34.4375 -5.4153 0
      vertex -34.4375 -5.4153 2.6
    endloop
  endfacet
  facet normal -0.980746 -0.195287 0
    outer loop
      vertex -34.4094 -5.55642 0
      vertex -34.4375 -5.4153 2.6
      vertex -34.4375 -5.4153 0
    endloop
  endfacet
  facet normal -0.980746 -0.195287 0
    outer loop
      vertex -34.4375 -5.4153 2.6
      vertex -34.4094 -5.55642 0
      vertex -34.4094 -5.55642 2.6
    endloop
  endfacet
  facet normal 0 0 -1
    outer loop
      vertex -34.4094 -5.84358 2.6
      vertex -34.4094 -5.55642 2.6
      vertex -34.4 -5.7 2.6
    endloop
  endfacet
  facet normal 0 0 -1
    outer loop
      vertex -34.4375 -5.9847 2.6
      vertex -34.4094 -5.55642 2.6
      vertex -34.4094 -5.84358 2.6
    endloop
  endfacet
  facet normal 0 0 -1
    outer loop
      vertex -34.4375 -5.9847 2.6
      vertex -34.4375 -5.4153 2.6
      vertex -34.4094 -5.55642 2.6
    endloop
  endfacet
  facet normal 0 0 -1
    outer loop
      vertex -34.4837 -6.12095 2.6
      vertex -34.4375 -5.4153 2.6
      vertex -34.4375 -5.9847 2.6
    endloop
  endfacet
  facet normal 0 0 -1
    outer loop
      vertex -34.4837 -6.12095 2.6
      vertex -34.4837 -5.27905 2.6
      vertex -34.4375 -5.4153 2.6
    endloop
  endfacet
  facet normal 0 0 -1
    outer loop
      vertex -34.5474 -6.25 2.6
      vertex -34.4837 -5.27905 2.6
      vertex -34.4837 -6.12095 2.6
    endloop
  endfacet
  facet normal 0 0 -1
    outer loop
      vertex -34.5474 -6.25 2.6
      vertex -34.5474 -5.15 2.6
      vertex -34.4837 -5.27905 2.6
    endloop
  endfacet
  facet normal 0 0 -1
    outer loop
      vertex -34.6273 -6.36964 2.6
      vertex -34.5474 -5.15 2.6
      vertex -34.5474 -6.25 2.6
    endloop
  endfacet
  facet normal 0 0 -1
    outer loop
      vertex -34.6273 -6.36964 2.6
      vertex -34.6273 -5.03036 2.6
      vertex -34.5474 -5.15 2.6
    endloop
  endfacet
  facet normal 0 0 -1
    outer loop
      vertex -34.7222 -6.47782 2.6
      vertex -34.6273 -5.03036 2.6
      vertex -34.6273 -6.36964 2.6
    endloop
  endfacet
  facet normal 0 0 -1
    outer loop
      vertex -34.7222 -6.47782 2.6
      vertex -34.7222 -4.92218 2.6
      vertex -34.6273 -5.03036 2.6
    endloop
  endfacet
  facet normal 0 0 -1
    outer loop
      vertex -34.8304 -6.57269 2.6
      vertex -34.7222 -4.92218 2.6
      vertex -34.7222 -6.47782 2.6
    endloop
  endfacet
  facet normal 0 0 -1
    outer loop
      vertex -34.8304 -6.57269 2.6
      vertex -34.8304 -4.82731 2.6
      vertex -34.7222 -4.92218 2.6
    endloop
  endfacet
  facet normal 0 0 -1
    outer loop
      vertex -34.95 -6.65263 2.6
      vertex -34.8304 -4.82731 2.6
      vertex -34.8304 -6.57269 2.6
    endloop
  endfacet
  facet normal 0 0 -1
    outer loop
      vertex -34.95 -6.65263 2.6
      vertex -34.95 -4.74737 2.6
      vertex -34.8304 -4.82731 2.6
    endloop
  endfacet
  facet normal 0 0 -1
    outer loop
      vertex -35.079 -6.71627 2.6
      vertex -34.95 -4.74737 2.6
      vertex -34.95 -6.65263 2.6
    endloop
  endfacet
  facet normal 0 0 -1
    outer loop
      vertex -35.079 -6.71627 2.6
      vertex -35.079 -4.68373 2.6
      vertex -34.95 -4.74737 2.6
    endloop
  endfacet
  facet normal 0 0 -1
    outer loop
      vertex -35.2153 -6.76252 2.6
      vertex -35.079 -4.68373 2.6
      vertex -35.079 -6.71627 2.6
    endloop
  endfacet
  facet normal 0 0 -1
    outer loop
      vertex -35.2153 -6.76252 2.6
      vertex -35.2153 -4.63748 2.6
      vertex -35.079 -4.68373 2.6
    endloop
  endfacet
  facet normal 0 0 -1
    outer loop
      vertex -35.3564 -6.79059 2.6
      vertex -35.2153 -4.63748 2.6
      vertex -35.2153 -6.76252 2.6
    endloop
  endfacet
  facet normal 0 0 -1
    outer loop
      vertex -35.3564 -6.79059 2.6
      vertex -35.3564 -4.60941 2.6
      vertex -35.2153 -4.63748 2.6
    endloop
  endfacet
  facet normal 0 0 -1
    outer loop
      vertex -35.5 -6.8 2.6
      vertex -35.3564 -4.60941 2.6
      vertex -35.3564 -6.79059 2.6
    endloop
  endfacet
  facet normal 0 0 -1
    outer loop
      vertex -35.5 -6.8 2.6
      vertex -35.5 -4.6 2.6
      vertex -35.3564 -4.60941 2.6
    endloop
  endfacet
  facet normal 0 0 -1
    outer loop
      vertex -35.6436 -6.79059 2.6
      vertex -35.5 -4.6 2.6
      vertex -35.5 -6.8 2.6
    endloop
  endfacet
  facet normal 0 0 -1
    outer loop
      vertex -35.6436 -6.79059 2.6
      vertex -35.6436 -4.60941 2.6
      vertex -35.5 -4.6 2.6
    endloop
  endfacet
  facet normal 0 0 -1
    outer loop
      vertex -35.7847 -6.76252 2.6
      vertex -35.6436 -4.60941 2.6
      vertex -35.6436 -6.79059 2.6
    endloop
  endfacet
  facet normal 0 0 -1
    outer loop
      vertex -35.7847 -6.76252 2.6
      vertex -35.7847 -4.63748 2.6
      vertex -35.6436 -4.60941 2.6
    endloop
  endfacet
  facet normal 0 0 -1
    outer loop
      vertex -35.921 -6.71627 2.6
      vertex -35.7847 -4.63748 2.6
      vertex -35.7847 -6.76252 2.6
    endloop
  endfacet
  facet normal 0 0 -1
    outer loop
      vertex -35.921 -6.71627 2.6
      vertex -35.921 -4.68373 2.6
      vertex -35.7847 -4.63748 2.6
    endloop
  endfacet
  facet normal 0 0 -1
    outer loop
      vertex -36.05 -6.65263 2.6
      vertex -35.921 -4.68373 2.6
      vertex -35.921 -6.71627 2.6
    endloop
  endfacet
  facet normal 0 0 -1
    outer loop
      vertex -36.05 -6.65263 2.6
      vertex -36.05 -4.74737 2.6
      vertex -35.921 -4.68373 2.6
    endloop
  endfacet
  facet normal 0 0 -1
    outer loop
      vertex -36.1696 -6.57269 2.6
      vertex -36.05 -4.74737 2.6
      vertex -36.05 -6.65263 2.6
    endloop
  endfacet
  facet normal 0 0 -1
    outer loop
      vertex -36.1696 -6.57269 2.6
      vertex -36.1696 -4.82731 2.6
      vertex -36.05 -4.74737 2.6
    endloop
  endfacet
  facet normal 0 0 -1
    outer loop
      vertex -36.2778 -6.47782 2.6
      vertex -36.1696 -4.82731 2.6
      vertex -36.1696 -6.57269 2.6
    endloop
  endfacet
  facet normal 0 0 -1
    outer loop
      vertex -36.2778 -6.47782 2.6
      vertex -36.2778 -4.92218 2.6
      vertex -36.1696 -4.82731 2.6
    endloop
  endfacet
  facet normal 0 0 -1
    outer loop
      vertex -36.3727 -6.36964 2.6
      vertex -36.2778 -4.92218 2.6
      vertex -36.2778 -6.47782 2.6
    endloop
  endfacet
  facet normal 0 0 -1
    outer loop
      vertex -36.3727 -6.36964 2.6
      vertex -36.3727 -5.03036 2.6
      vertex -36.2778 -4.92218 2.6
    endloop
  endfacet
  facet normal 0 0 -1
    outer loop
      vertex -36.4526 -6.25 2.6
      vertex -36.3727 -5.03036 2.6
      vertex -36.3727 -6.36964 2.6
    endloop
  endfacet
  facet normal 0 0 -1
    outer loop
      vertex -36.4526 -6.25 2.6
      vertex -36.4526 -5.15 2.6
      vertex -36.3727 -5.03036 2.6
    endloop
  endfacet
  facet normal 0 0 -1
    outer loop
      vertex -36.5163 -6.12095 2.6
      vertex -36.4526 -5.15 2.6
      vertex -36.4526 -6.25 2.6
    endloop
  endfacet
  facet normal 0 0 -1
    outer loop
      vertex -36.5163 -6.12095 2.6
      vertex -36.5163 -5.27905 2.6
      vertex -36.4526 -5.15 2.6
    endloop
  endfacet
  facet normal 0 0 -1
    outer loop
      vertex -36.5625 -5.9847 2.6
      vertex -36.5163 -5.27905 2.6
      vertex -36.5163 -6.12095 2.6
    endloop
  endfacet
  facet normal 0 0 -1
    outer loop
      vertex -36.5625 -5.9847 2.6
      vertex -36.5625 -5.4153 2.6
      vertex -36.5163 -5.27905 2.6
    endloop
  endfacet
  facet normal 0 0 -1
    outer loop
      vertex -36.5906 -5.84358 2.6
      vertex -36.5625 -5.4153 2.6
      vertex -36.5625 -5.9847 2.6
    endloop
  endfacet
  facet normal 0 0 -1
    outer loop
      vertex -36.5906 -5.84358 2.6
      vertex -36.5906 -5.55642 2.6
      vertex -36.5625 -5.4153 2.6
    endloop
  endfacet
  facet normal 0 -0 -1
    outer loop
      vertex -36.5906 -5.55642 2.6
      vertex -36.5906 -5.84358 2.6
      vertex -36.6 -5.7 2.6
    endloop
  endfacet
  facet normal 0.980746 -0.195287 0
    outer loop
      vertex -36.5906 -5.55642 2.6
      vertex -36.5625 -5.4153 0
      vertex -36.5625 -5.4153 2.6
    endloop
  endfacet
  facet normal 0.980746 -0.195287 0
    outer loop
      vertex -36.5625 -5.4153 0
      vertex -36.5906 -5.55642 2.6
      vertex -36.5906 -5.55642 0
    endloop
  endfacet
  facet normal -0.896708 0.442622 0
    outer loop
      vertex -34.5474 -6.25 0
      vertex -34.4837 -6.12095 2.6
      vertex -34.4837 -6.12095 0
    endloop
  endfacet
  facet normal -0.896708 0.442622 0
    outer loop
      vertex -34.4837 -6.12095 2.6
      vertex -34.5474 -6.25 0
      vertex -34.5474 -6.25 2.6
    endloop
  endfacet
  facet normal 0.195113 0.980781 -0
    outer loop
      vertex -35.6436 -6.79059 0
      vertex -35.7847 -6.76252 2.6
      vertex -35.6436 -6.79059 2.6
    endloop
  endfacet
  facet normal 0.195113 0.980781 0
    outer loop
      vertex -35.7847 -6.76252 2.6
      vertex -35.6436 -6.79059 0
      vertex -35.7847 -6.76252 0
    endloop
  endfacet
  facet normal 0.065389 0.99786 -0
    outer loop
      vertex -35.5 -6.8 0
      vertex -35.6436 -6.79059 2.6
      vertex -35.5 -6.8 2.6
    endloop
  endfacet
  facet normal 0.065389 0.99786 0
    outer loop
      vertex -35.6436 -6.79059 2.6
      vertex -35.5 -6.8 0
      vertex -35.6436 -6.79059 0
    endloop
  endfacet
  facet normal 0.997864 0.0653289 0
    outer loop
      vertex -36.5906 -5.84358 2.6
      vertex -36.6 -5.7 0
      vertex -36.6 -5.7 2.6
    endloop
  endfacet
  facet normal 0.997864 0.0653289 0
    outer loop
      vertex -36.6 -5.7 0
      vertex -36.5906 -5.84358 2.6
      vertex -36.5906 -5.84358 0
    endloop
  endfacet
  facet normal 0.980746 0.195287 0
    outer loop
      vertex -36.5625 -5.9847 2.6
      vertex -36.5906 -5.84358 0
      vertex -36.5906 -5.84358 2.6
    endloop
  endfacet
  facet normal 0.980746 0.195287 0
    outer loop
      vertex -36.5906 -5.84358 0
      vertex -36.5625 -5.9847 2.6
      vertex -36.5625 -5.9847 0
    endloop
  endfacet
  facet normal 0.751741 0.659458 0
    outer loop
      vertex -36.2778 -6.47782 2.6
      vertex -36.3727 -6.36964 0
      vertex -36.3727 -6.36964 2.6
    endloop
  endfacet
  facet normal 0.751741 0.659458 0
    outer loop
      vertex -36.3727 -6.36964 0
      vertex -36.2778 -6.47782 2.6
      vertex -36.2778 -6.47782 0
    endloop
  endfacet
  facet normal 0.896708 0.442622 0
    outer loop
      vertex -36.4526 -6.25 2.6
      vertex -36.5163 -6.12095 0
      vertex -36.5163 -6.12095 2.6
    endloop
  endfacet
  facet normal 0.896708 0.442622 0
    outer loop
      vertex -36.5163 -6.12095 0
      vertex -36.4526 -6.25 2.6
      vertex -36.4526 -6.25 0
    endloop
  endfacet
  facet normal -0.442424 0.896806 0
    outer loop
      vertex -34.95 -6.65263 0
      vertex -35.079 -6.71627 2.6
      vertex -34.95 -6.65263 2.6
    endloop
  endfacet
  facet normal -0.442424 0.896806 0
    outer loop
      vertex -35.079 -6.71627 2.6
      vertex -34.95 -6.65263 0
      vertex -35.079 -6.71627 0
    endloop
  endfacet
  facet normal -0.32133 0.946967 0
    outer loop
      vertex -35.079 -6.71627 0
      vertex -35.2153 -6.76252 2.6
      vertex -35.079 -6.71627 2.6
    endloop
  endfacet
  facet normal -0.32133 0.946967 0
    outer loop
      vertex -35.2153 -6.76252 2.6
      vertex -35.079 -6.71627 0
      vertex -35.2153 -6.76252 0
    endloop
  endfacet
  facet normal 0.555694 0.831387 -0
    outer loop
      vertex -36.05 -6.65263 0
      vertex -36.1696 -6.57269 2.6
      vertex -36.05 -6.65263 2.6
    endloop
  endfacet
  facet normal 0.555694 0.831387 0
    outer loop
      vertex -36.1696 -6.57269 2.6
      vertex -36.05 -6.65263 0
      vertex -36.1696 -6.57269 0
    endloop
  endfacet
  facet normal 0.32133 0.946967 -0
    outer loop
      vertex -35.7847 -6.76252 0
      vertex -35.921 -6.71627 2.6
      vertex -35.7847 -6.76252 2.6
    endloop
  endfacet
  facet normal 0.32133 0.946967 0
    outer loop
      vertex -35.921 -6.71627 2.6
      vertex -35.7847 -6.76252 0
      vertex -35.921 -6.71627 0
    endloop
  endfacet
  facet normal -0.065389 0.99786 0
    outer loop
      vertex -35.3564 -6.79059 0
      vertex -35.5 -6.8 2.6
      vertex -35.3564 -6.79059 2.6
    endloop
  endfacet
  facet normal -0.065389 0.99786 0
    outer loop
      vertex -35.5 -6.8 2.6
      vertex -35.3564 -6.79059 0
      vertex -35.5 -6.8 0
    endloop
  endfacet
  facet normal 0.831601 0.555374 0
    outer loop
      vertex -36.3727 -6.36964 2.6
      vertex -36.4526 -6.25 0
      vertex -36.4526 -6.25 2.6
    endloop
  endfacet
  facet normal 0.831601 0.555374 0
    outer loop
      vertex -36.4526 -6.25 0
      vertex -36.3727 -6.36964 2.6
      vertex -36.3727 -6.36964 0
    endloop
  endfacet
  facet normal -0.751741 0.659458 0
    outer loop
      vertex -34.7222 -6.47782 0
      vertex -34.6273 -6.36964 2.6
      vertex -34.6273 -6.36964 0
    endloop
  endfacet
  facet normal -0.751741 0.659458 0
    outer loop
      vertex -34.6273 -6.36964 2.6
      vertex -34.7222 -6.47782 0
      vertex -34.7222 -6.47782 2.6
    endloop
  endfacet
  facet normal 0.442424 0.896806 -0
    outer loop
      vertex -35.921 -6.71627 0
      vertex -36.05 -6.65263 2.6
      vertex -35.921 -6.71627 2.6
    endloop
  endfacet
  facet normal 0.442424 0.896806 0
    outer loop
      vertex -36.05 -6.65263 2.6
      vertex -35.921 -6.71627 0
      vertex -36.05 -6.65263 0
    endloop
  endfacet
  facet normal 0.947037 0.321124 0
    outer loop
      vertex -36.5163 -6.12095 2.6
      vertex -36.5625 -5.9847 0
      vertex -36.5625 -5.9847 2.6
    endloop
  endfacet
  facet normal 0.947037 0.321124 0
    outer loop
      vertex -36.5625 -5.9847 0
      vertex -36.5163 -6.12095 2.6
      vertex -36.5163 -6.12095 0
    endloop
  endfacet
  facet normal 0.659272 0.751905 -0
    outer loop
      vertex -36.1696 -6.57269 0
      vertex -36.2778 -6.47782 2.6
      vertex -36.1696 -6.57269 2.6
    endloop
  endfacet
  facet normal 0.659272 0.751905 0
    outer loop
      vertex -36.2778 -6.47782 2.6
      vertex -36.1696 -6.57269 0
      vertex -36.2778 -6.47782 0
    endloop
  endfacet
  facet normal -0.831601 -0.555374 0
    outer loop
      vertex -34.5474 6.25 0
      vertex -34.6273 6.36964 2.6
      vertex -34.6273 6.36964 0
    endloop
  endfacet
  facet normal -0.831601 -0.555374 0
    outer loop
      vertex -34.6273 6.36964 2.6
      vertex -34.5474 6.25 0
      vertex -34.5474 6.25 2.6
    endloop
  endfacet
  facet normal -0.32133 -0.946967 0
    outer loop
      vertex -35.2153 6.76252 0
      vertex -35.079 6.71627 2.6
      vertex -35.2153 6.76252 2.6
    endloop
  endfacet
  facet normal -0.32133 -0.946967 -0
    outer loop
      vertex -35.079 6.71627 2.6
      vertex -35.2153 6.76252 0
      vertex -35.079 6.71627 0
    endloop
  endfacet
  facet normal 0.442424 -0.896806 0
    outer loop
      vertex -36.05 6.65263 0
      vertex -35.921 6.71627 2.6
      vertex -36.05 6.65263 2.6
    endloop
  endfacet
  facet normal 0.442424 -0.896806 0
    outer loop
      vertex -35.921 6.71627 2.6
      vertex -36.05 6.65263 0
      vertex -35.921 6.71627 0
    endloop
  endfacet
  facet normal 0.947037 -0.321124 0
    outer loop
      vertex -36.5625 5.9847 2.6
      vertex -36.5163 6.12095 0
      vertex -36.5163 6.12095 2.6
    endloop
  endfacet
  facet normal 0.947037 -0.321124 0
    outer loop
      vertex -36.5163 6.12095 0
      vertex -36.5625 5.9847 2.6
      vertex -36.5625 5.9847 0
    endloop
  endfacet
  facet normal -0.980746 0.195287 0
    outer loop
      vertex -34.4375 5.4153 0
      vertex -34.4094 5.55642 2.6
      vertex -34.4094 5.55642 0
    endloop
  endfacet
  facet normal -0.980746 0.195287 0
    outer loop
      vertex -34.4094 5.55642 2.6
      vertex -34.4375 5.4153 0
      vertex -34.4375 5.4153 2.6
    endloop
  endfacet
  facet normal -0.980746 -0.195287 0
    outer loop
      vertex -34.4094 5.84358 0
      vertex -34.4375 5.9847 2.6
      vertex -34.4375 5.9847 0
    endloop
  endfacet
  facet normal -0.980746 -0.195287 0
    outer loop
      vertex -34.4375 5.9847 2.6
      vertex -34.4094 5.84358 0
      vertex -34.4094 5.84358 2.6
    endloop
  endfacet
  facet normal -0.065389 -0.99786 0
    outer loop
      vertex -35.5 6.8 0
      vertex -35.3564 6.79059 2.6
      vertex -35.5 6.8 2.6
    endloop
  endfacet
  facet normal -0.065389 -0.99786 -0
    outer loop
      vertex -35.3564 6.79059 2.6
      vertex -35.5 6.8 0
      vertex -35.3564 6.79059 0
    endloop
  endfacet
  facet normal -0.555694 -0.831387 0
    outer loop
      vertex -34.95 6.65263 0
      vertex -34.8304 6.57269 2.6
      vertex -34.95 6.65263 2.6
    endloop
  endfacet
  facet normal -0.555694 -0.831387 -0
    outer loop
      vertex -34.8304 6.57269 2.6
      vertex -34.95 6.65263 0
      vertex -34.8304 6.57269 0
    endloop
  endfacet
  facet normal 0.997864 0.0653289 0
    outer loop
      vertex -36.5906 5.55642 2.6
      vertex -36.6 5.7 0
      vertex -36.6 5.7 2.6
    endloop
  endfacet
  facet normal 0.997864 0.0653289 0
    outer loop
      vertex -36.6 5.7 0
      vertex -36.5906 5.55642 2.6
      vertex -36.5906 5.55642 0
    endloop
  endfacet
  facet normal 0.831601 -0.555374 0
    outer loop
      vertex -36.4526 6.25 2.6
      vertex -36.3727 6.36964 0
      vertex -36.3727 6.36964 2.6
    endloop
  endfacet
  facet normal 0.831601 -0.555374 0
    outer loop
      vertex -36.3727 6.36964 0
      vertex -36.4526 6.25 2.6
      vertex -36.4526 6.25 0
    endloop
  endfacet
  facet normal 0.555694 -0.831387 0
    outer loop
      vertex -36.1696 6.57269 0
      vertex -36.05 6.65263 2.6
      vertex -36.1696 6.57269 2.6
    endloop
  endfacet
  facet normal 0.555694 -0.831387 0
    outer loop
      vertex -36.05 6.65263 2.6
      vertex -36.1696 6.57269 0
      vertex -36.05 6.65263 0
    endloop
  endfacet
  facet normal 0.195113 -0.980781 0
    outer loop
      vertex -35.7847 6.76252 0
      vertex -35.6436 6.79059 2.6
      vertex -35.7847 6.76252 2.6
    endloop
  endfacet
  facet normal 0.195113 -0.980781 0
    outer loop
      vertex -35.6436 6.79059 2.6
      vertex -35.7847 6.76252 0
      vertex -35.6436 6.79059 0
    endloop
  endfacet
  facet normal -0.997864 -0.0653289 0
    outer loop
      vertex -34.4 5.7 0
      vertex -34.4094 5.84358 2.6
      vertex -34.4094 5.84358 0
    endloop
  endfacet
  facet normal -0.997864 -0.0653289 0
    outer loop
      vertex -34.4094 5.84358 2.6
      vertex -34.4 5.7 0
      vertex -34.4 5.7 2.6
    endloop
  endfacet
  facet normal -0.947037 0.321124 0
    outer loop
      vertex -34.4837 5.27905 0
      vertex -34.4375 5.4153 2.6
      vertex -34.4375 5.4153 0
    endloop
  endfacet
  facet normal -0.947037 0.321124 0
    outer loop
      vertex -34.4375 5.4153 2.6
      vertex -34.4837 5.27905 0
      vertex -34.4837 5.27905 2.6
    endloop
  endfacet
  facet normal 0.555694 0.831387 -0
    outer loop
      vertex -36.05 4.74737 0
      vertex -36.1696 4.82731 2.6
      vertex -36.05 4.74737 2.6
    endloop
  endfacet
  facet normal 0.555694 0.831387 0
    outer loop
      vertex -36.1696 4.82731 2.6
      vertex -36.05 4.74737 0
      vertex -36.1696 4.82731 0
    endloop
  endfacet
  facet normal 0.831601 0.555374 0
    outer loop
      vertex -36.3727 5.03036 2.6
      vertex -36.4526 5.15 0
      vertex -36.4526 5.15 2.6
    endloop
  endfacet
  facet normal 0.831601 0.555374 0
    outer loop
      vertex -36.4526 5.15 0
      vertex -36.3727 5.03036 2.6
      vertex -36.3727 5.03036 0
    endloop
  endfacet
  facet normal -0.555694 0.831387 0
    outer loop
      vertex -34.8304 4.82731 0
      vertex -34.95 4.74737 2.6
      vertex -34.8304 4.82731 2.6
    endloop
  endfacet
  facet normal -0.555694 0.831387 0
    outer loop
      vertex -34.95 4.74737 2.6
      vertex -34.8304 4.82731 0
      vertex -34.95 4.74737 0
    endloop
  endfacet
  facet normal -0.659272 -0.751905 0
    outer loop
      vertex -34.8304 6.57269 0
      vertex -34.7222 6.47782 2.6
      vertex -34.8304 6.57269 2.6
    endloop
  endfacet
  facet normal -0.659272 -0.751905 -0
    outer loop
      vertex -34.7222 6.47782 2.6
      vertex -34.8304 6.57269 0
      vertex -34.7222 6.47782 0
    endloop
  endfacet
  facet normal -0.751741 -0.659458 0
    outer loop
      vertex -34.6273 6.36964 0
      vertex -34.7222 6.47782 2.6
      vertex -34.7222 6.47782 0
    endloop
  endfacet
  facet normal -0.751741 -0.659458 0
    outer loop
      vertex -34.7222 6.47782 2.6
      vertex -34.6273 6.36964 0
      vertex -34.6273 6.36964 2.6
    endloop
  endfacet
  facet normal 0.065389 -0.99786 0
    outer loop
      vertex -35.6436 6.79059 0
      vertex -35.5 6.8 2.6
      vertex -35.6436 6.79059 2.6
    endloop
  endfacet
  facet normal 0.065389 -0.99786 0
    outer loop
      vertex -35.5 6.8 2.6
      vertex -35.6436 6.79059 0
      vertex -35.5 6.8 0
    endloop
  endfacet
  facet normal -0.195113 -0.980781 0
    outer loop
      vertex -35.3564 6.79059 0
      vertex -35.2153 6.76252 2.6
      vertex -35.3564 6.79059 2.6
    endloop
  endfacet
  facet normal -0.195113 -0.980781 -0
    outer loop
      vertex -35.2153 6.76252 2.6
      vertex -35.3564 6.79059 0
      vertex -35.2153 6.76252 0
    endloop
  endfacet
  facet normal -0.442424 -0.896806 0
    outer loop
      vertex -35.079 6.71627 0
      vertex -34.95 6.65263 2.6
      vertex -35.079 6.71627 2.6
    endloop
  endfacet
  facet normal -0.442424 -0.896806 -0
    outer loop
      vertex -34.95 6.65263 2.6
      vertex -35.079 6.71627 0
      vertex -34.95 6.65263 0
    endloop
  endfacet
  facet normal 0.980746 -0.195287 0
    outer loop
      vertex -36.5906 5.84358 2.6
      vertex -36.5625 5.9847 0
      vertex -36.5625 5.9847 2.6
    endloop
  endfacet
  facet normal 0.980746 -0.195287 0
    outer loop
      vertex -36.5625 5.9847 0
      vertex -36.5906 5.84358 2.6
      vertex -36.5906 5.84358 0
    endloop
  endfacet
  facet normal 0.997864 -0.0653289 0
    outer loop
      vertex -36.6 5.7 2.6
      vertex -36.5906 5.84358 0
      vertex -36.5906 5.84358 2.6
    endloop
  endfacet
  facet normal 0.997864 -0.0653289 0
    outer loop
      vertex -36.5906 5.84358 0
      vertex -36.6 5.7 2.6
      vertex -36.6 5.7 0
    endloop
  endfacet
  facet normal 0.896708 -0.442622 0
    outer loop
      vertex -36.5163 6.12095 2.6
      vertex -36.4526 6.25 0
      vertex -36.4526 6.25 2.6
    endloop
  endfacet
  facet normal 0.896708 -0.442622 0
    outer loop
      vertex -36.4526 6.25 0
      vertex -36.5163 6.12095 2.6
      vertex -36.5163 6.12095 0
    endloop
  endfacet
  facet normal 0.32133 -0.946967 0
    outer loop
      vertex -35.921 6.71627 0
      vertex -35.7847 6.76252 2.6
      vertex -35.921 6.71627 2.6
    endloop
  endfacet
  facet normal 0.32133 -0.946967 0
    outer loop
      vertex -35.7847 6.76252 2.6
      vertex -35.921 6.71627 0
      vertex -35.7847 6.76252 0
    endloop
  endfacet
  facet normal 0.659272 -0.751905 0
    outer loop
      vertex -36.2778 6.47782 0
      vertex -36.1696 6.57269 2.6
      vertex -36.2778 6.47782 2.6
    endloop
  endfacet
  facet normal 0.659272 -0.751905 0
    outer loop
      vertex -36.1696 6.57269 2.6
      vertex -36.2778 6.47782 0
      vertex -36.1696 6.57269 0
    endloop
  endfacet
  facet normal 0.751741 -0.659458 0
    outer loop
      vertex -36.3727 6.36964 2.6
      vertex -36.2778 6.47782 0
      vertex -36.2778 6.47782 2.6
    endloop
  endfacet
  facet normal 0.751741 -0.659458 0
    outer loop
      vertex -36.2778 6.47782 0
      vertex -36.3727 6.36964 2.6
      vertex -36.3727 6.36964 0
    endloop
  endfacet
  facet normal -0.997864 0.0653289 0
    outer loop
      vertex -34.4094 5.55642 0
      vertex -34.4 5.7 2.6
      vertex -34.4 5.7 0
    endloop
  endfacet
  facet normal -0.997864 0.0653289 0
    outer loop
      vertex -34.4 5.7 2.6
      vertex -34.4094 5.55642 0
      vertex -34.4094 5.55642 2.6
    endloop
  endfacet
  facet normal -0.831601 0.555374 0
    outer loop
      vertex -34.6273 5.03036 0
      vertex -34.5474 5.15 2.6
      vertex -34.5474 5.15 0
    endloop
  endfacet
  facet normal -0.831601 0.555374 0
    outer loop
      vertex -34.5474 5.15 2.6
      vertex -34.6273 5.03036 0
      vertex -34.6273 5.03036 2.6
    endloop
  endfacet
  facet normal 0.980746 0.195287 0
    outer loop
      vertex -36.5625 5.4153 2.6
      vertex -36.5906 5.55642 0
      vertex -36.5906 5.55642 2.6
    endloop
  endfacet
  facet normal 0.980746 0.195287 0
    outer loop
      vertex -36.5906 5.55642 0
      vertex -36.5625 5.4153 2.6
      vertex -36.5625 5.4153 0
    endloop
  endfacet
  facet normal 0.751741 0.659458 0
    outer loop
      vertex -36.2778 4.92218 2.6
      vertex -36.3727 5.03036 0
      vertex -36.3727 5.03036 2.6
    endloop
  endfacet
  facet normal 0.751741 0.659458 0
    outer loop
      vertex -36.3727 5.03036 0
      vertex -36.2778 4.92218 2.6
      vertex -36.2778 4.92218 0
    endloop
  endfacet
  facet normal -0.195113 0.980781 0
    outer loop
      vertex -35.2153 4.63748 0
      vertex -35.3564 4.60941 2.6
      vertex -35.2153 4.63748 2.6
    endloop
  endfacet
  facet normal -0.195113 0.980781 0
    outer loop
      vertex -35.3564 4.60941 2.6
      vertex -35.2153 4.63748 0
      vertex -35.3564 4.60941 0
    endloop
  endfacet
  facet normal -0.659272 0.751905 0
    outer loop
      vertex -34.7222 4.92218 0
      vertex -34.8304 4.82731 2.6
      vertex -34.7222 4.92218 2.6
    endloop
  endfacet
  facet normal -0.659272 0.751905 0
    outer loop
      vertex -34.8304 4.82731 2.6
      vertex -34.7222 4.92218 0
      vertex -34.8304 4.82731 0
    endloop
  endfacet
  facet normal -0.896708 -0.442622 0
    outer loop
      vertex -34.4837 6.12095 0
      vertex -34.5474 6.25 2.6
      vertex -34.5474 6.25 0
    endloop
  endfacet
  facet normal -0.896708 -0.442622 0
    outer loop
      vertex -34.5474 6.25 2.6
      vertex -34.4837 6.12095 0
      vertex -34.4837 6.12095 2.6
    endloop
  endfacet
  facet normal -0.947037 -0.321124 0
    outer loop
      vertex -34.4375 5.9847 0
      vertex -34.4837 6.12095 2.6
      vertex -34.4837 6.12095 0
    endloop
  endfacet
  facet normal -0.947037 -0.321124 0
    outer loop
      vertex -34.4837 6.12095 2.6
      vertex -34.4375 5.9847 0
      vertex -34.4375 5.9847 2.6
    endloop
  endfacet
  facet normal 0 0 -1
    outer loop
      vertex -34.4094 5.55642 2.6
      vertex -34.4094 5.84358 2.6
      vertex -34.4 5.7 2.6
    endloop
  endfacet
  facet normal 0 0 -1
    outer loop
      vertex -34.4375 5.4153 2.6
      vertex -34.4094 5.84358 2.6
      vertex -34.4094 5.55642 2.6
    endloop
  endfacet
  facet normal 0 0 -1
    outer loop
      vertex -34.4375 5.4153 2.6
      vertex -34.4375 5.9847 2.6
      vertex -34.4094 5.84358 2.6
    endloop
  endfacet
  facet normal 0 0 -1
    outer loop
      vertex -34.4837 5.27905 2.6
      vertex -34.4375 5.9847 2.6
      vertex -34.4375 5.4153 2.6
    endloop
  endfacet
  facet normal 0 0 -1
    outer loop
      vertex -34.4837 5.27905 2.6
      vertex -34.4837 6.12095 2.6
      vertex -34.4375 5.9847 2.6
    endloop
  endfacet
  facet normal 0 0 -1
    outer loop
      vertex -34.5474 5.15 2.6
      vertex -34.4837 6.12095 2.6
      vertex -34.4837 5.27905 2.6
    endloop
  endfacet
  facet normal 0 0 -1
    outer loop
      vertex -34.5474 5.15 2.6
      vertex -34.5474 6.25 2.6
      vertex -34.4837 6.12095 2.6
    endloop
  endfacet
  facet normal 0 0 -1
    outer loop
      vertex -34.6273 5.03036 2.6
      vertex -34.5474 6.25 2.6
      vertex -34.5474 5.15 2.6
    endloop
  endfacet
  facet normal 0 0 -1
    outer loop
      vertex -34.6273 5.03036 2.6
      vertex -34.6273 6.36964 2.6
      vertex -34.5474 6.25 2.6
    endloop
  endfacet
  facet normal 0 0 -1
    outer loop
      vertex -34.7222 4.92218 2.6
      vertex -34.6273 6.36964 2.6
      vertex -34.6273 5.03036 2.6
    endloop
  endfacet
  facet normal 0 0 -1
    outer loop
      vertex -34.7222 4.92218 2.6
      vertex -34.7222 6.47782 2.6
      vertex -34.6273 6.36964 2.6
    endloop
  endfacet
  facet normal 0 0 -1
    outer loop
      vertex -34.8304 4.82731 2.6
      vertex -34.7222 6.47782 2.6
      vertex -34.7222 4.92218 2.6
    endloop
  endfacet
  facet normal 0 0 -1
    outer loop
      vertex -34.8304 4.82731 2.6
      vertex -34.8304 6.57269 2.6
      vertex -34.7222 6.47782 2.6
    endloop
  endfacet
  facet normal 0 0 -1
    outer loop
      vertex -34.95 4.74737 2.6
      vertex -34.8304 6.57269 2.6
      vertex -34.8304 4.82731 2.6
    endloop
  endfacet
  facet normal 0 0 -1
    outer loop
      vertex -34.95 4.74737 2.6
      vertex -34.95 6.65263 2.6
      vertex -34.8304 6.57269 2.6
    endloop
  endfacet
  facet normal 0 0 -1
    outer loop
      vertex -35.079 4.68373 2.6
      vertex -34.95 6.65263 2.6
      vertex -34.95 4.74737 2.6
    endloop
  endfacet
  facet normal 0 0 -1
    outer loop
      vertex -35.079 4.68373 2.6
      vertex -35.079 6.71627 2.6
      vertex -34.95 6.65263 2.6
    endloop
  endfacet
  facet normal 0 0 -1
    outer loop
      vertex -35.2153 4.63748 2.6
      vertex -35.079 6.71627 2.6
      vertex -35.079 4.68373 2.6
    endloop
  endfacet
  facet normal 0 0 -1
    outer loop
      vertex -35.2153 4.63748 2.6
      vertex -35.2153 6.76252 2.6
      vertex -35.079 6.71627 2.6
    endloop
  endfacet
  facet normal 0 0 -1
    outer loop
      vertex -35.3564 4.60941 2.6
      vertex -35.2153 6.76252 2.6
      vertex -35.2153 4.63748 2.6
    endloop
  endfacet
  facet normal 0 0 -1
    outer loop
      vertex -35.3564 4.60941 2.6
      vertex -35.3564 6.79059 2.6
      vertex -35.2153 6.76252 2.6
    endloop
  endfacet
  facet normal 0 0 -1
    outer loop
      vertex -35.5 4.6 2.6
      vertex -35.3564 6.79059 2.6
      vertex -35.3564 4.60941 2.6
    endloop
  endfacet
  facet normal 0 0 -1
    outer loop
      vertex -35.5 4.6 2.6
      vertex -35.5 6.8 2.6
      vertex -35.3564 6.79059 2.6
    endloop
  endfacet
  facet normal 0 0 -1
    outer loop
      vertex -35.6436 4.60941 2.6
      vertex -35.5 6.8 2.6
      vertex -35.5 4.6 2.6
    endloop
  endfacet
  facet normal 0 0 -1
    outer loop
      vertex -35.6436 4.60941 2.6
      vertex -35.6436 6.79059 2.6
      vertex -35.5 6.8 2.6
    endloop
  endfacet
  facet normal 0 0 -1
    outer loop
      vertex -35.7847 4.63748 2.6
      vertex -35.6436 6.79059 2.6
      vertex -35.6436 4.60941 2.6
    endloop
  endfacet
  facet normal 0 0 -1
    outer loop
      vertex -35.7847 4.63748 2.6
      vertex -35.7847 6.76252 2.6
      vertex -35.6436 6.79059 2.6
    endloop
  endfacet
  facet normal 0 0 -1
    outer loop
      vertex -35.921 4.68373 2.6
      vertex -35.7847 6.76252 2.6
      vertex -35.7847 4.63748 2.6
    endloop
  endfacet
  facet normal 0 0 -1
    outer loop
      vertex -35.921 4.68373 2.6
      vertex -35.921 6.71627 2.6
      vertex -35.7847 6.76252 2.6
    endloop
  endfacet
  facet normal 0 0 -1
    outer loop
      vertex -36.05 4.74737 2.6
      vertex -35.921 6.71627 2.6
      vertex -35.921 4.68373 2.6
    endloop
  endfacet
  facet normal 0 0 -1
    outer loop
      vertex -36.05 4.74737 2.6
      vertex -36.05 6.65263 2.6
      vertex -35.921 6.71627 2.6
    endloop
  endfacet
  facet normal 0 0 -1
    outer loop
      vertex -36.1696 4.82731 2.6
      vertex -36.05 6.65263 2.6
      vertex -36.05 4.74737 2.6
    endloop
  endfacet
  facet normal 0 0 -1
    outer loop
      vertex -36.1696 4.82731 2.6
      vertex -36.1696 6.57269 2.6
      vertex -36.05 6.65263 2.6
    endloop
  endfacet
  facet normal 0 0 -1
    outer loop
      vertex -36.2778 4.92218 2.6
      vertex -36.1696 6.57269 2.6
      vertex -36.1696 4.82731 2.6
    endloop
  endfacet
  facet normal 0 0 -1
    outer loop
      vertex -36.2778 4.92218 2.6
      vertex -36.2778 6.47782 2.6
      vertex -36.1696 6.57269 2.6
    endloop
  endfacet
  facet normal 0 0 -1
    outer loop
      vertex -36.3727 5.03036 2.6
      vertex -36.2778 6.47782 2.6
      vertex -36.2778 4.92218 2.6
    endloop
  endfacet
  facet normal 0 0 -1
    outer loop
      vertex -36.3727 5.03036 2.6
      vertex -36.3727 6.36964 2.6
      vertex -36.2778 6.47782 2.6
    endloop
  endfacet
  facet normal 0 0 -1
    outer loop
      vertex -36.4526 5.15 2.6
      vertex -36.3727 6.36964 2.6
      vertex -36.3727 5.03036 2.6
    endloop
  endfacet
  facet normal 0 0 -1
    outer loop
      vertex -36.4526 5.15 2.6
      vertex -36.4526 6.25 2.6
      vertex -36.3727 6.36964 2.6
    endloop
  endfacet
  facet normal 0 0 -1
    outer loop
      vertex -36.5163 5.27905 2.6
      vertex -36.4526 6.25 2.6
      vertex -36.4526 5.15 2.6
    endloop
  endfacet
  facet normal 0 0 -1
    outer loop
      vertex -36.5163 5.27905 2.6
      vertex -36.5163 6.12095 2.6
      vertex -36.4526 6.25 2.6
    endloop
  endfacet
  facet normal 0 0 -1
    outer loop
      vertex -36.5625 5.4153 2.6
      vertex -36.5163 6.12095 2.6
      vertex -36.5163 5.27905 2.6
    endloop
  endfacet
  facet normal 0 0 -1
    outer loop
      vertex -36.5625 5.4153 2.6
      vertex -36.5625 5.9847 2.6
      vertex -36.5163 6.12095 2.6
    endloop
  endfacet
  facet normal 0 0 -1
    outer loop
      vertex -36.5906 5.55642 2.6
      vertex -36.5625 5.9847 2.6
      vertex -36.5625 5.4153 2.6
    endloop
  endfacet
  facet normal 0 0 -1
    outer loop
      vertex -36.5906 5.55642 2.6
      vertex -36.5906 5.84358 2.6
      vertex -36.5625 5.9847 2.6
    endloop
  endfacet
  facet normal 0 -0 -1
    outer loop
      vertex -36.5906 5.84358 2.6
      vertex -36.5906 5.55642 2.6
      vertex -36.6 5.7 2.6
    endloop
  endfacet
  facet normal -0.896708 0.442622 0
    outer loop
      vertex -34.5474 5.15 0
      vertex -34.4837 5.27905 2.6
      vertex -34.4837 5.27905 0
    endloop
  endfacet
  facet normal -0.896708 0.442622 0
    outer loop
      vertex -34.4837 5.27905 2.6
      vertex -34.5474 5.15 0
      vertex -34.5474 5.15 2.6
    endloop
  endfacet
  facet normal -0.065389 0.99786 0
    outer loop
      vertex -35.3564 4.60941 0
      vertex -35.5 4.6 2.6
      vertex -35.3564 4.60941 2.6
    endloop
  endfacet
  facet normal -0.065389 0.99786 0
    outer loop
      vertex -35.5 4.6 2.6
      vertex -35.3564 4.60941 0
      vertex -35.5 4.6 0
    endloop
  endfacet
  facet normal 0.896708 0.442622 0
    outer loop
      vertex -36.4526 5.15 2.6
      vertex -36.5163 5.27905 0
      vertex -36.5163 5.27905 2.6
    endloop
  endfacet
  facet normal 0.896708 0.442622 0
    outer loop
      vertex -36.5163 5.27905 0
      vertex -36.4526 5.15 2.6
      vertex -36.4526 5.15 0
    endloop
  endfacet
  facet normal 0.947037 0.321124 0
    outer loop
      vertex -36.5163 5.27905 2.6
      vertex -36.5625 5.4153 0
      vertex -36.5625 5.4153 2.6
    endloop
  endfacet
  facet normal 0.947037 0.321124 0
    outer loop
      vertex -36.5625 5.4153 0
      vertex -36.5163 5.27905 2.6
      vertex -36.5163 5.27905 0
    endloop
  endfacet
  facet normal 0.659272 0.751905 -0
    outer loop
      vertex -36.1696 4.82731 0
      vertex -36.2778 4.92218 2.6
      vertex -36.1696 4.82731 2.6
    endloop
  endfacet
  facet normal 0.659272 0.751905 0
    outer loop
      vertex -36.2778 4.92218 2.6
      vertex -36.1696 4.82731 0
      vertex -36.2778 4.92218 0
    endloop
  endfacet
  facet normal -0.442424 0.896806 0
    outer loop
      vertex -34.95 4.74737 0
      vertex -35.079 4.68373 2.6
      vertex -34.95 4.74737 2.6
    endloop
  endfacet
  facet normal -0.442424 0.896806 0
    outer loop
      vertex -35.079 4.68373 2.6
      vertex -34.95 4.74737 0
      vertex -35.079 4.68373 0
    endloop
  endfacet
  facet normal -0.32133 0.946967 0
    outer loop
      vertex -35.079 4.68373 0
      vertex -35.2153 4.63748 2.6
      vertex -35.079 4.68373 2.6
    endloop
  endfacet
  facet normal -0.32133 0.946967 0
    outer loop
      vertex -35.2153 4.63748 2.6
      vertex -35.079 4.68373 0
      vertex -35.2153 4.63748 0
    endloop
  endfacet
  facet normal 0.195113 0.980781 -0
    outer loop
      vertex -35.6436 4.60941 0
      vertex -35.7847 4.63748 2.6
      vertex -35.6436 4.60941 2.6
    endloop
  endfacet
  facet normal 0.195113 0.980781 0
    outer loop
      vertex -35.7847 4.63748 2.6
      vertex -35.6436 4.60941 0
      vertex -35.7847 4.63748 0
    endloop
  endfacet
  facet normal 0.442424 0.896806 -0
    outer loop
      vertex -35.921 4.68373 0
      vertex -36.05 4.74737 2.6
      vertex -35.921 4.68373 2.6
    endloop
  endfacet
  facet normal 0.442424 0.896806 0
    outer loop
      vertex -36.05 4.74737 2.6
      vertex -35.921 4.68373 0
      vertex -36.05 4.74737 0
    endloop
  endfacet
  facet normal -0.751741 0.659458 0
    outer loop
      vertex -34.7222 4.92218 0
      vertex -34.6273 5.03036 2.6
      vertex -34.6273 5.03036 0
    endloop
  endfacet
  facet normal -0.751741 0.659458 0
    outer loop
      vertex -34.6273 5.03036 2.6
      vertex -34.7222 4.92218 0
      vertex -34.7222 4.92218 2.6
    endloop
  endfacet
  facet normal 0.065389 0.99786 -0
    outer loop
      vertex -35.5 4.6 0
      vertex -35.6436 4.60941 2.6
      vertex -35.5 4.6 2.6
    endloop
  endfacet
  facet normal 0.065389 0.99786 0
    outer loop
      vertex -35.6436 4.60941 2.6
      vertex -35.5 4.6 0
      vertex -35.6436 4.60941 0
    endloop
  endfacet
  facet normal 0.32133 0.946967 -0
    outer loop
      vertex -35.7847 4.63748 0
      vertex -35.921 4.68373 2.6
      vertex -35.7847 4.63748 2.6
    endloop
  endfacet
  facet normal 0.32133 0.946967 0
    outer loop
      vertex -35.921 4.68373 2.6
      vertex -35.7847 4.63748 0
      vertex -35.921 4.68373 0
    endloop
  endfacet
  facet normal -0.997864 -0.0653289 0
    outer loop
      vertex 12.6 -5.7 0
      vertex 12.5906 -5.55642 2.6
      vertex 12.5906 -5.55642 0
    endloop
  endfacet
  facet normal -0.997864 -0.0653289 0
    outer loop
      vertex 12.5906 -5.55642 2.6
      vertex 12.6 -5.7 0
      vertex 12.6 -5.7 2.6
    endloop
  endfacet
  facet normal 0.997864 -0.0653289 0
    outer loop
      vertex 10.4 -5.7 2.6
      vertex 10.4094 -5.55642 0
      vertex 10.4094 -5.55642 2.6
    endloop
  endfacet
  facet normal 0.997864 -0.0653289 0
    outer loop
      vertex 10.4094 -5.55642 0
      vertex 10.4 -5.7 2.6
      vertex 10.4 -5.7 0
    endloop
  endfacet
  facet normal -0.065389 -0.99786 0
    outer loop
      vertex 11.5 -4.6 0
      vertex 11.6436 -4.60941 2.6
      vertex 11.5 -4.6 2.6
    endloop
  endfacet
  facet normal -0.065389 -0.99786 -0
    outer loop
      vertex 11.6436 -4.60941 2.6
      vertex 11.5 -4.6 0
      vertex 11.6436 -4.60941 0
    endloop
  endfacet
  facet normal -0.065389 0.99786 0
    outer loop
      vertex 11.6436 -6.79059 0
      vertex 11.5 -6.8 2.6
      vertex 11.6436 -6.79059 2.6
    endloop
  endfacet
  facet normal -0.065389 0.99786 0
    outer loop
      vertex 11.5 -6.8 2.6
      vertex 11.6436 -6.79059 0
      vertex 11.5 -6.8 0
    endloop
  endfacet
  facet normal -0.751741 0.659458 0
    outer loop
      vertex 12.2778 -6.47782 0
      vertex 12.3727 -6.36964 2.6
      vertex 12.3727 -6.36964 0
    endloop
  endfacet
  facet normal -0.751741 0.659458 0
    outer loop
      vertex 12.3727 -6.36964 2.6
      vertex 12.2778 -6.47782 0
      vertex 12.2778 -6.47782 2.6
    endloop
  endfacet
  facet normal -0.659272 -0.751905 0
    outer loop
      vertex 12.1696 -4.82731 0
      vertex 12.2778 -4.92218 2.6
      vertex 12.1696 -4.82731 2.6
    endloop
  endfacet
  facet normal -0.659272 -0.751905 -0
    outer loop
      vertex 12.2778 -4.92218 2.6
      vertex 12.1696 -4.82731 0
      vertex 12.2778 -4.92218 0
    endloop
  endfacet
  facet normal 0.659272 -0.751905 0
    outer loop
      vertex 10.7222 -4.92218 0
      vertex 10.8304 -4.82731 2.6
      vertex 10.7222 -4.92218 2.6
    endloop
  endfacet
  facet normal 0.659272 -0.751905 0
    outer loop
      vertex 10.8304 -4.82731 2.6
      vertex 10.7222 -4.92218 0
      vertex 10.8304 -4.82731 0
    endloop
  endfacet
  facet normal 0.32133 -0.946967 0
    outer loop
      vertex 11.079 -4.68373 0
      vertex 11.2153 -4.63748 2.6
      vertex 11.079 -4.68373 2.6
    endloop
  endfacet
  facet normal 0.32133 -0.946967 0
    outer loop
      vertex 11.2153 -4.63748 2.6
      vertex 11.079 -4.68373 0
      vertex 11.2153 -4.63748 0
    endloop
  endfacet
  facet normal -0.896708 -0.442622 0
    outer loop
      vertex 12.5163 -5.27905 0
      vertex 12.4526 -5.15 2.6
      vertex 12.4526 -5.15 0
    endloop
  endfacet
  facet normal -0.896708 -0.442622 0
    outer loop
      vertex 12.4526 -5.15 2.6
      vertex 12.5163 -5.27905 0
      vertex 12.5163 -5.27905 2.6
    endloop
  endfacet
  facet normal -0.980746 -0.195287 0
    outer loop
      vertex 12.5906 -5.55642 0
      vertex 12.5625 -5.4153 2.6
      vertex 12.5625 -5.4153 0
    endloop
  endfacet
  facet normal -0.980746 -0.195287 0
    outer loop
      vertex 12.5625 -5.4153 2.6
      vertex 12.5906 -5.55642 0
      vertex 12.5906 -5.55642 2.6
    endloop
  endfacet
  facet normal -0.831601 -0.555374 0
    outer loop
      vertex 12.4526 -5.15 0
      vertex 12.3727 -5.03036 2.6
      vertex 12.3727 -5.03036 0
    endloop
  endfacet
  facet normal -0.831601 -0.555374 0
    outer loop
      vertex 12.3727 -5.03036 2.6
      vertex 12.4526 -5.15 0
      vertex 12.4526 -5.15 2.6
    endloop
  endfacet
  facet normal -0.32133 -0.946967 0
    outer loop
      vertex 11.7847 -4.63748 0
      vertex 11.921 -4.68373 2.6
      vertex 11.7847 -4.63748 2.6
    endloop
  endfacet
  facet normal -0.32133 -0.946967 -0
    outer loop
      vertex 11.921 -4.68373 2.6
      vertex 11.7847 -4.63748 0
      vertex 11.921 -4.68373 0
    endloop
  endfacet
  facet normal -0.195113 -0.980781 0
    outer loop
      vertex 11.6436 -4.60941 0
      vertex 11.7847 -4.63748 2.6
      vertex 11.6436 -4.60941 2.6
    endloop
  endfacet
  facet normal -0.195113 -0.980781 -0
    outer loop
      vertex 11.7847 -4.63748 2.6
      vertex 11.6436 -4.60941 0
      vertex 11.7847 -4.63748 0
    endloop
  endfacet
  facet normal -0.555694 -0.831387 0
    outer loop
      vertex 12.05 -4.74737 0
      vertex 12.1696 -4.82731 2.6
      vertex 12.05 -4.74737 2.6
    endloop
  endfacet
  facet normal -0.555694 -0.831387 -0
    outer loop
      vertex 12.1696 -4.82731 2.6
      vertex 12.05 -4.74737 0
      vertex 12.1696 -4.82731 0
    endloop
  endfacet
  facet normal 0.831601 -0.555374 0
    outer loop
      vertex 10.5474 -5.15 2.6
      vertex 10.6273 -5.03036 0
      vertex 10.6273 -5.03036 2.6
    endloop
  endfacet
  facet normal 0.831601 -0.555374 0
    outer loop
      vertex 10.6273 -5.03036 0
      vertex 10.5474 -5.15 2.6
      vertex 10.5474 -5.15 0
    endloop
  endfacet
  facet normal 0.751741 -0.659458 0
    outer loop
      vertex 10.6273 -5.03036 2.6
      vertex 10.7222 -4.92218 0
      vertex 10.7222 -4.92218 2.6
    endloop
  endfacet
  facet normal 0.751741 -0.659458 0
    outer loop
      vertex 10.7222 -4.92218 0
      vertex 10.6273 -5.03036 2.6
      vertex 10.6273 -5.03036 0
    endloop
  endfacet
  facet normal 0.947037 -0.321124 0
    outer loop
      vertex 10.4375 -5.4153 2.6
      vertex 10.4837 -5.27905 0
      vertex 10.4837 -5.27905 2.6
    endloop
  endfacet
  facet normal 0.947037 -0.321124 0
    outer loop
      vertex 10.4837 -5.27905 0
      vertex 10.4375 -5.4153 2.6
      vertex 10.4375 -5.4153 0
    endloop
  endfacet
  facet normal 0.555694 -0.831387 0
    outer loop
      vertex 10.8304 -4.82731 0
      vertex 10.95 -4.74737 2.6
      vertex 10.8304 -4.82731 2.6
    endloop
  endfacet
  facet normal 0.555694 -0.831387 0
    outer loop
      vertex 10.95 -4.74737 2.6
      vertex 10.8304 -4.82731 0
      vertex 10.95 -4.74737 0
    endloop
  endfacet
  facet normal 0.195113 -0.980781 0
    outer loop
      vertex 11.2153 -4.63748 0
      vertex 11.3564 -4.60941 2.6
      vertex 11.2153 -4.63748 2.6
    endloop
  endfacet
  facet normal 0.195113 -0.980781 0
    outer loop
      vertex 11.3564 -4.60941 2.6
      vertex 11.2153 -4.63748 0
      vertex 11.3564 -4.60941 0
    endloop
  endfacet
  facet normal -0.195113 0.980781 0
    outer loop
      vertex 11.7847 -6.76252 0
      vertex 11.6436 -6.79059 2.6
      vertex 11.7847 -6.76252 2.6
    endloop
  endfacet
  facet normal -0.195113 0.980781 0
    outer loop
      vertex 11.6436 -6.79059 2.6
      vertex 11.7847 -6.76252 0
      vertex 11.6436 -6.79059 0
    endloop
  endfacet
  facet normal -0.947037 -0.321124 0
    outer loop
      vertex 12.5625 -5.4153 0
      vertex 12.5163 -5.27905 2.6
      vertex 12.5163 -5.27905 0
    endloop
  endfacet
  facet normal -0.947037 -0.321124 0
    outer loop
      vertex 12.5163 -5.27905 2.6
      vertex 12.5625 -5.4153 0
      vertex 12.5625 -5.4153 2.6
    endloop
  endfacet
  facet normal -0.751741 -0.659458 0
    outer loop
      vertex 12.3727 -5.03036 0
      vertex 12.2778 -4.92218 2.6
      vertex 12.2778 -4.92218 0
    endloop
  endfacet
  facet normal -0.751741 -0.659458 0
    outer loop
      vertex 12.2778 -4.92218 2.6
      vertex 12.3727 -5.03036 0
      vertex 12.3727 -5.03036 2.6
    endloop
  endfacet
  facet normal -0.442424 -0.896806 0
    outer loop
      vertex 11.921 -4.68373 0
      vertex 12.05 -4.74737 2.6
      vertex 11.921 -4.68373 2.6
    endloop
  endfacet
  facet normal -0.442424 -0.896806 -0
    outer loop
      vertex 12.05 -4.74737 2.6
      vertex 11.921 -4.68373 0
      vertex 12.05 -4.74737 0
    endloop
  endfacet
  facet normal 0.896708 -0.442622 0
    outer loop
      vertex 10.4837 -5.27905 2.6
      vertex 10.5474 -5.15 0
      vertex 10.5474 -5.15 2.6
    endloop
  endfacet
  facet normal 0.896708 -0.442622 0
    outer loop
      vertex 10.5474 -5.15 0
      vertex 10.4837 -5.27905 2.6
      vertex 10.4837 -5.27905 0
    endloop
  endfacet
  facet normal 0.980746 -0.195287 0
    outer loop
      vertex 10.4094 -5.55642 2.6
      vertex 10.4375 -5.4153 0
      vertex 10.4375 -5.4153 2.6
    endloop
  endfacet
  facet normal 0.980746 -0.195287 0
    outer loop
      vertex 10.4375 -5.4153 0
      vertex 10.4094 -5.55642 2.6
      vertex 10.4094 -5.55642 0
    endloop
  endfacet
  facet normal 0 0 -1
    outer loop
      vertex 12.5906 -5.84358 2.6
      vertex 12.5906 -5.55642 2.6
      vertex 12.6 -5.7 2.6
    endloop
  endfacet
  facet normal 0 0 -1
    outer loop
      vertex 12.5625 -5.9847 2.6
      vertex 12.5906 -5.55642 2.6
      vertex 12.5906 -5.84358 2.6
    endloop
  endfacet
  facet normal 0 0 -1
    outer loop
      vertex 12.5625 -5.9847 2.6
      vertex 12.5625 -5.4153 2.6
      vertex 12.5906 -5.55642 2.6
    endloop
  endfacet
  facet normal 0 0 -1
    outer loop
      vertex 12.5163 -6.12095 2.6
      vertex 12.5625 -5.4153 2.6
      vertex 12.5625 -5.9847 2.6
    endloop
  endfacet
  facet normal 0 0 -1
    outer loop
      vertex 12.5163 -6.12095 2.6
      vertex 12.5163 -5.27905 2.6
      vertex 12.5625 -5.4153 2.6
    endloop
  endfacet
  facet normal 0 0 -1
    outer loop
      vertex 12.4526 -6.25 2.6
      vertex 12.5163 -5.27905 2.6
      vertex 12.5163 -6.12095 2.6
    endloop
  endfacet
  facet normal 0 0 -1
    outer loop
      vertex 12.4526 -6.25 2.6
      vertex 12.4526 -5.15 2.6
      vertex 12.5163 -5.27905 2.6
    endloop
  endfacet
  facet normal 0 0 -1
    outer loop
      vertex 12.3727 -6.36964 2.6
      vertex 12.4526 -5.15 2.6
      vertex 12.4526 -6.25 2.6
    endloop
  endfacet
  facet normal 0 0 -1
    outer loop
      vertex 12.3727 -6.36964 2.6
      vertex 12.3727 -5.03036 2.6
      vertex 12.4526 -5.15 2.6
    endloop
  endfacet
  facet normal 0 0 -1
    outer loop
      vertex 12.2778 -6.47782 2.6
      vertex 12.3727 -5.03036 2.6
      vertex 12.3727 -6.36964 2.6
    endloop
  endfacet
  facet normal 0 0 -1
    outer loop
      vertex 12.2778 -6.47782 2.6
      vertex 12.2778 -4.92218 2.6
      vertex 12.3727 -5.03036 2.6
    endloop
  endfacet
  facet normal 0 0 -1
    outer loop
      vertex 12.1696 -6.57269 2.6
      vertex 12.2778 -4.92218 2.6
      vertex 12.2778 -6.47782 2.6
    endloop
  endfacet
  facet normal 0 0 -1
    outer loop
      vertex 12.1696 -6.57269 2.6
      vertex 12.1696 -4.82731 2.6
      vertex 12.2778 -4.92218 2.6
    endloop
  endfacet
  facet normal 0 0 -1
    outer loop
      vertex 12.05 -6.65263 2.6
      vertex 12.1696 -4.82731 2.6
      vertex 12.1696 -6.57269 2.6
    endloop
  endfacet
  facet normal 0 0 -1
    outer loop
      vertex 12.05 -6.65263 2.6
      vertex 12.05 -4.74737 2.6
      vertex 12.1696 -4.82731 2.6
    endloop
  endfacet
  facet normal 0 0 -1
    outer loop
      vertex 11.921 -6.71627 2.6
      vertex 12.05 -4.74737 2.6
      vertex 12.05 -6.65263 2.6
    endloop
  endfacet
  facet normal 0 0 -1
    outer loop
      vertex 11.921 -6.71627 2.6
      vertex 11.921 -4.68373 2.6
      vertex 12.05 -4.74737 2.6
    endloop
  endfacet
  facet normal 0 0 -1
    outer loop
      vertex 11.7847 -6.76252 2.6
      vertex 11.921 -4.68373 2.6
      vertex 11.921 -6.71627 2.6
    endloop
  endfacet
  facet normal 0 0 -1
    outer loop
      vertex 11.7847 -6.76252 2.6
      vertex 11.7847 -4.63748 2.6
      vertex 11.921 -4.68373 2.6
    endloop
  endfacet
  facet normal 0 0 -1
    outer loop
      vertex 11.6436 -6.79059 2.6
      vertex 11.7847 -4.63748 2.6
      vertex 11.7847 -6.76252 2.6
    endloop
  endfacet
  facet normal 0 0 -1
    outer loop
      vertex 11.6436 -6.79059 2.6
      vertex 11.6436 -4.60941 2.6
      vertex 11.7847 -4.63748 2.6
    endloop
  endfacet
  facet normal 0 0 -1
    outer loop
      vertex 11.5 -6.8 2.6
      vertex 11.6436 -4.60941 2.6
      vertex 11.6436 -6.79059 2.6
    endloop
  endfacet
  facet normal 0 0 -1
    outer loop
      vertex 11.5 -6.8 2.6
      vertex 11.5 -4.6 2.6
      vertex 11.6436 -4.60941 2.6
    endloop
  endfacet
  facet normal 0 0 -1
    outer loop
      vertex 11.3564 -6.79059 2.6
      vertex 11.5 -4.6 2.6
      vertex 11.5 -6.8 2.6
    endloop
  endfacet
  facet normal 0 0 -1
    outer loop
      vertex 11.3564 -6.79059 2.6
      vertex 11.3564 -4.60941 2.6
      vertex 11.5 -4.6 2.6
    endloop
  endfacet
  facet normal 0 0 -1
    outer loop
      vertex 11.2153 -6.76252 2.6
      vertex 11.3564 -4.60941 2.6
      vertex 11.3564 -6.79059 2.6
    endloop
  endfacet
  facet normal 0 0 -1
    outer loop
      vertex 11.2153 -6.76252 2.6
      vertex 11.2153 -4.63748 2.6
      vertex 11.3564 -4.60941 2.6
    endloop
  endfacet
  facet normal 0 0 -1
    outer loop
      vertex 11.079 -6.71627 2.6
      vertex 11.2153 -4.63748 2.6
      vertex 11.2153 -6.76252 2.6
    endloop
  endfacet
  facet normal 0 0 -1
    outer loop
      vertex 11.079 -6.71627 2.6
      vertex 11.079 -4.68373 2.6
      vertex 11.2153 -4.63748 2.6
    endloop
  endfacet
  facet normal 0 0 -1
    outer loop
      vertex 10.95 -6.65263 2.6
      vertex 11.079 -4.68373 2.6
      vertex 11.079 -6.71627 2.6
    endloop
  endfacet
  facet normal 0 0 -1
    outer loop
      vertex 10.95 -6.65263 2.6
      vertex 10.95 -4.74737 2.6
      vertex 11.079 -4.68373 2.6
    endloop
  endfacet
  facet normal 0 0 -1
    outer loop
      vertex 10.8304 -6.57269 2.6
      vertex 10.95 -4.74737 2.6
      vertex 10.95 -6.65263 2.6
    endloop
  endfacet
  facet normal 0 0 -1
    outer loop
      vertex 10.8304 -6.57269 2.6
      vertex 10.8304 -4.82731 2.6
      vertex 10.95 -4.74737 2.6
    endloop
  endfacet
  facet normal 0 0 -1
    outer loop
      vertex 10.7222 -6.47782 2.6
      vertex 10.8304 -4.82731 2.6
      vertex 10.8304 -6.57269 2.6
    endloop
  endfacet
  facet normal 0 0 -1
    outer loop
      vertex 10.7222 -6.47782 2.6
      vertex 10.7222 -4.92218 2.6
      vertex 10.8304 -4.82731 2.6
    endloop
  endfacet
  facet normal 0 0 -1
    outer loop
      vertex 10.6273 -6.36964 2.6
      vertex 10.7222 -4.92218 2.6
      vertex 10.7222 -6.47782 2.6
    endloop
  endfacet
  facet normal 0 0 -1
    outer loop
      vertex 10.6273 -6.36964 2.6
      vertex 10.6273 -5.03036 2.6
      vertex 10.7222 -4.92218 2.6
    endloop
  endfacet
  facet normal 0 0 -1
    outer loop
      vertex 10.5474 -6.25 2.6
      vertex 10.6273 -5.03036 2.6
      vertex 10.6273 -6.36964 2.6
    endloop
  endfacet
  facet normal 0 0 -1
    outer loop
      vertex 10.5474 -6.25 2.6
      vertex 10.5474 -5.15 2.6
      vertex 10.6273 -5.03036 2.6
    endloop
  endfacet
  facet normal 0 0 -1
    outer loop
      vertex 10.4837 -6.12095 2.6
      vertex 10.5474 -5.15 2.6
      vertex 10.5474 -6.25 2.6
    endloop
  endfacet
  facet normal 0 0 -1
    outer loop
      vertex 10.4837 -6.12095 2.6
      vertex 10.4837 -5.27905 2.6
      vertex 10.5474 -5.15 2.6
    endloop
  endfacet
  facet normal 0 0 -1
    outer loop
      vertex 10.4375 -5.9847 2.6
      vertex 10.4837 -5.27905 2.6
      vertex 10.4837 -6.12095 2.6
    endloop
  endfacet
  facet normal 0 0 -1
    outer loop
      vertex 10.4375 -5.9847 2.6
      vertex 10.4375 -5.4153 2.6
      vertex 10.4837 -5.27905 2.6
    endloop
  endfacet
  facet normal 0 0 -1
    outer loop
      vertex 10.4094 -5.84358 2.6
      vertex 10.4375 -5.4153 2.6
      vertex 10.4375 -5.9847 2.6
    endloop
  endfacet
  facet normal 0 0 -1
    outer loop
      vertex 10.4094 -5.84358 2.6
      vertex 10.4094 -5.55642 2.6
      vertex 10.4375 -5.4153 2.6
    endloop
  endfacet
  facet normal 0 -0 -1
    outer loop
      vertex 10.4094 -5.55642 2.6
      vertex 10.4094 -5.84358 2.6
      vertex 10.4 -5.7 2.6
    endloop
  endfacet
  facet normal 0.442424 -0.896806 0
    outer loop
      vertex 10.95 -4.74737 0
      vertex 11.079 -4.68373 2.6
      vertex 10.95 -4.74737 2.6
    endloop
  endfacet
  facet normal 0.442424 -0.896806 0
    outer loop
      vertex 11.079 -4.68373 2.6
      vertex 10.95 -4.74737 0
      vertex 11.079 -4.68373 0
    endloop
  endfacet
  facet normal 0.065389 -0.99786 0
    outer loop
      vertex 11.3564 -4.60941 0
      vertex 11.5 -4.6 2.6
      vertex 11.3564 -4.60941 2.6
    endloop
  endfacet
  facet normal 0.065389 -0.99786 0
    outer loop
      vertex 11.5 -4.6 2.6
      vertex 11.3564 -4.60941 0
      vertex 11.5 -4.6 0
    endloop
  endfacet
  facet normal -0.947037 0.321124 0
    outer loop
      vertex 12.5163 -6.12095 0
      vertex 12.5625 -5.9847 2.6
      vertex 12.5625 -5.9847 0
    endloop
  endfacet
  facet normal -0.947037 0.321124 0
    outer loop
      vertex 12.5625 -5.9847 2.6
      vertex 12.5163 -6.12095 0
      vertex 12.5163 -6.12095 2.6
    endloop
  endfacet
  facet normal -0.980746 0.195287 0
    outer loop
      vertex 12.5625 -5.9847 0
      vertex 12.5906 -5.84358 2.6
      vertex 12.5906 -5.84358 0
    endloop
  endfacet
  facet normal -0.980746 0.195287 0
    outer loop
      vertex 12.5906 -5.84358 2.6
      vertex 12.5625 -5.9847 0
      vertex 12.5625 -5.9847 2.6
    endloop
  endfacet
  facet normal 0.896708 0.442622 0
    outer loop
      vertex 10.5474 -6.25 2.6
      vertex 10.4837 -6.12095 0
      vertex 10.4837 -6.12095 2.6
    endloop
  endfacet
  facet normal 0.896708 0.442622 0
    outer loop
      vertex 10.4837 -6.12095 0
      vertex 10.5474 -6.25 2.6
      vertex 10.5474 -6.25 0
    endloop
  endfacet
  facet normal -0.555694 0.831387 0
    outer loop
      vertex 12.1696 -6.57269 0
      vertex 12.05 -6.65263 2.6
      vertex 12.1696 -6.57269 2.6
    endloop
  endfacet
  facet normal -0.555694 0.831387 0
    outer loop
      vertex 12.05 -6.65263 2.6
      vertex 12.1696 -6.57269 0
      vertex 12.05 -6.65263 0
    endloop
  endfacet
  facet normal -0.442424 0.896806 0
    outer loop
      vertex 12.05 -6.65263 0
      vertex 11.921 -6.71627 2.6
      vertex 12.05 -6.65263 2.6
    endloop
  endfacet
  facet normal -0.442424 0.896806 0
    outer loop
      vertex 11.921 -6.71627 2.6
      vertex 12.05 -6.65263 0
      vertex 11.921 -6.71627 0
    endloop
  endfacet
  facet normal -0.831601 0.555374 0
    outer loop
      vertex 12.3727 -6.36964 0
      vertex 12.4526 -6.25 2.6
      vertex 12.4526 -6.25 0
    endloop
  endfacet
  facet normal -0.831601 0.555374 0
    outer loop
      vertex 12.4526 -6.25 2.6
      vertex 12.3727 -6.36964 0
      vertex 12.3727 -6.36964 2.6
    endloop
  endfacet
  facet normal -0.997864 0.0653289 0
    outer loop
      vertex 12.5906 -5.84358 0
      vertex 12.6 -5.7 2.6
      vertex 12.6 -5.7 0
    endloop
  endfacet
  facet normal -0.997864 0.0653289 0
    outer loop
      vertex 12.6 -5.7 2.6
      vertex 12.5906 -5.84358 0
      vertex 12.5906 -5.84358 2.6
    endloop
  endfacet
  facet normal 0.32133 0.946967 -0
    outer loop
      vertex 11.2153 -6.76252 0
      vertex 11.079 -6.71627 2.6
      vertex 11.2153 -6.76252 2.6
    endloop
  endfacet
  facet normal 0.32133 0.946967 0
    outer loop
      vertex 11.079 -6.71627 2.6
      vertex 11.2153 -6.76252 0
      vertex 11.079 -6.71627 0
    endloop
  endfacet
  facet normal 0.947037 0.321124 0
    outer loop
      vertex 10.4837 -6.12095 2.6
      vertex 10.4375 -5.9847 0
      vertex 10.4375 -5.9847 2.6
    endloop
  endfacet
  facet normal 0.947037 0.321124 0
    outer loop
      vertex 10.4375 -5.9847 0
      vertex 10.4837 -6.12095 2.6
      vertex 10.4837 -6.12095 0
    endloop
  endfacet
  facet normal -0.659272 0.751905 0
    outer loop
      vertex 12.2778 -6.47782 0
      vertex 12.1696 -6.57269 2.6
      vertex 12.2778 -6.47782 2.6
    endloop
  endfacet
  facet normal -0.659272 0.751905 0
    outer loop
      vertex 12.1696 -6.57269 2.6
      vertex 12.2778 -6.47782 0
      vertex 12.1696 -6.57269 0
    endloop
  endfacet
  facet normal -0.32133 0.946967 0
    outer loop
      vertex 11.921 -6.71627 0
      vertex 11.7847 -6.76252 2.6
      vertex 11.921 -6.71627 2.6
    endloop
  endfacet
  facet normal -0.32133 0.946967 0
    outer loop
      vertex 11.7847 -6.76252 2.6
      vertex 11.921 -6.71627 0
      vertex 11.7847 -6.76252 0
    endloop
  endfacet
  facet normal -0.896708 0.442622 0
    outer loop
      vertex 12.4526 -6.25 0
      vertex 12.5163 -6.12095 2.6
      vertex 12.5163 -6.12095 0
    endloop
  endfacet
  facet normal -0.896708 0.442622 0
    outer loop
      vertex 12.5163 -6.12095 2.6
      vertex 12.4526 -6.25 0
      vertex 12.4526 -6.25 2.6
    endloop
  endfacet
  facet normal 0.065389 0.99786 -0
    outer loop
      vertex 11.5 -6.8 0
      vertex 11.3564 -6.79059 2.6
      vertex 11.5 -6.8 2.6
    endloop
  endfacet
  facet normal 0.065389 0.99786 0
    outer loop
      vertex 11.3564 -6.79059 2.6
      vertex 11.5 -6.8 0
      vertex 11.3564 -6.79059 0
    endloop
  endfacet
  facet normal 0.555694 0.831387 -0
    outer loop
      vertex 10.95 -6.65263 0
      vertex 10.8304 -6.57269 2.6
      vertex 10.95 -6.65263 2.6
    endloop
  endfacet
  facet normal 0.555694 0.831387 0
    outer loop
      vertex 10.8304 -6.57269 2.6
      vertex 10.95 -6.65263 0
      vertex 10.8304 -6.57269 0
    endloop
  endfacet
  facet normal 0.195113 0.980781 -0
    outer loop
      vertex 11.3564 -6.79059 0
      vertex 11.2153 -6.76252 2.6
      vertex 11.3564 -6.79059 2.6
    endloop
  endfacet
  facet normal 0.195113 0.980781 0
    outer loop
      vertex 11.2153 -6.76252 2.6
      vertex 11.3564 -6.79059 0
      vertex 11.2153 -6.76252 0
    endloop
  endfacet
  facet normal 0.659272 0.751905 -0
    outer loop
      vertex 10.8304 -6.57269 0
      vertex 10.7222 -6.47782 2.6
      vertex 10.8304 -6.57269 2.6
    endloop
  endfacet
  facet normal 0.659272 0.751905 0
    outer loop
      vertex 10.7222 -6.47782 2.6
      vertex 10.8304 -6.57269 0
      vertex 10.7222 -6.47782 0
    endloop
  endfacet
  facet normal 0.751741 0.659458 0
    outer loop
      vertex 10.7222 -6.47782 2.6
      vertex 10.6273 -6.36964 0
      vertex 10.6273 -6.36964 2.6
    endloop
  endfacet
  facet normal 0.751741 0.659458 0
    outer loop
      vertex 10.6273 -6.36964 0
      vertex 10.7222 -6.47782 2.6
      vertex 10.7222 -6.47782 0
    endloop
  endfacet
  facet normal 0.831601 0.555374 0
    outer loop
      vertex 10.6273 -6.36964 2.6
      vertex 10.5474 -6.25 0
      vertex 10.5474 -6.25 2.6
    endloop
  endfacet
  facet normal 0.831601 0.555374 0
    outer loop
      vertex 10.5474 -6.25 0
      vertex 10.6273 -6.36964 2.6
      vertex 10.6273 -6.36964 0
    endloop
  endfacet
  facet normal 0.980746 0.195287 0
    outer loop
      vertex 10.4375 -5.9847 2.6
      vertex 10.4094 -5.84358 0
      vertex 10.4094 -5.84358 2.6
    endloop
  endfacet
  facet normal 0.980746 0.195287 0
    outer loop
      vertex 10.4094 -5.84358 0
      vertex 10.4375 -5.9847 2.6
      vertex 10.4375 -5.9847 0
    endloop
  endfacet
  facet normal 0.997864 0.0653289 0
    outer loop
      vertex 10.4094 -5.84358 2.6
      vertex 10.4 -5.7 0
      vertex 10.4 -5.7 2.6
    endloop
  endfacet
  facet normal 0.997864 0.0653289 0
    outer loop
      vertex 10.4 -5.7 0
      vertex 10.4094 -5.84358 2.6
      vertex 10.4094 -5.84358 0
    endloop
  endfacet
  facet normal 0.442424 0.896806 -0
    outer loop
      vertex 11.079 -6.71627 0
      vertex 10.95 -6.65263 2.6
      vertex 11.079 -6.71627 2.6
    endloop
  endfacet
  facet normal 0.442424 0.896806 0
    outer loop
      vertex 10.95 -6.65263 2.6
      vertex 11.079 -6.71627 0
      vertex 10.95 -6.65263 0
    endloop
  endfacet
  facet normal -0.831601 -0.555374 0
    outer loop
      vertex 12.4526 6.25 0
      vertex 12.3727 6.36964 2.6
      vertex 12.3727 6.36964 0
    endloop
  endfacet
  facet normal -0.831601 -0.555374 0
    outer loop
      vertex 12.3727 6.36964 2.6
      vertex 12.4526 6.25 0
      vertex 12.4526 6.25 2.6
    endloop
  endfacet
  facet normal -0.195113 -0.980781 0
    outer loop
      vertex 11.6436 6.79059 0
      vertex 11.7847 6.76252 2.6
      vertex 11.6436 6.79059 2.6
    endloop
  endfacet
  facet normal -0.195113 -0.980781 -0
    outer loop
      vertex 11.7847 6.76252 2.6
      vertex 11.6436 6.79059 0
      vertex 11.7847 6.76252 0
    endloop
  endfacet
  facet normal -0.32133 -0.946967 0
    outer loop
      vertex 11.7847 6.76252 0
      vertex 11.921 6.71627 2.6
      vertex 11.7847 6.76252 2.6
    endloop
  endfacet
  facet normal -0.32133 -0.946967 -0
    outer loop
      vertex 11.921 6.71627 2.6
      vertex 11.7847 6.76252 0
      vertex 11.921 6.71627 0
    endloop
  endfacet
  facet normal 0.442424 -0.896806 0
    outer loop
      vertex 10.95 6.65263 0
      vertex 11.079 6.71627 2.6
      vertex 10.95 6.65263 2.6
    endloop
  endfacet
  facet normal 0.442424 -0.896806 0
    outer loop
      vertex 11.079 6.71627 2.6
      vertex 10.95 6.65263 0
      vertex 11.079 6.71627 0
    endloop
  endfacet
  facet normal 0.947037 -0.321124 0
    outer loop
      vertex 10.4375 5.9847 2.6
      vertex 10.4837 6.12095 0
      vertex 10.4837 6.12095 2.6
    endloop
  endfacet
  facet normal 0.947037 -0.321124 0
    outer loop
      vertex 10.4837 6.12095 0
      vertex 10.4375 5.9847 2.6
      vertex 10.4375 5.9847 0
    endloop
  endfacet
  facet normal -0.997864 0.0653289 0
    outer loop
      vertex 12.5906 5.55642 0
      vertex 12.6 5.7 2.6
      vertex 12.6 5.7 0
    endloop
  endfacet
  facet normal -0.997864 0.0653289 0
    outer loop
      vertex 12.6 5.7 2.6
      vertex 12.5906 5.55642 0
      vertex 12.5906 5.55642 2.6
    endloop
  endfacet
  facet normal -0.442424 0.896806 0
    outer loop
      vertex 12.05 4.74737 0
      vertex 11.921 4.68373 2.6
      vertex 12.05 4.74737 2.6
    endloop
  endfacet
  facet normal -0.442424 0.896806 0
    outer loop
      vertex 11.921 4.68373 2.6
      vertex 12.05 4.74737 0
      vertex 11.921 4.68373 0
    endloop
  endfacet
  facet normal -0.555694 -0.831387 0
    outer loop
      vertex 12.05 6.65263 0
      vertex 12.1696 6.57269 2.6
      vertex 12.05 6.65263 2.6
    endloop
  endfacet
  facet normal -0.555694 -0.831387 -0
    outer loop
      vertex 12.1696 6.57269 2.6
      vertex 12.05 6.65263 0
      vertex 12.1696 6.57269 0
    endloop
  endfacet
  facet normal 0.997864 -0.0653289 0
    outer loop
      vertex 10.4 5.7 2.6
      vertex 10.4094 5.84358 0
      vertex 10.4094 5.84358 2.6
    endloop
  endfacet
  facet normal 0.997864 -0.0653289 0
    outer loop
      vertex 10.4094 5.84358 0
      vertex 10.4 5.7 2.6
      vertex 10.4 5.7 0
    endloop
  endfacet
  facet normal 0.831601 -0.555374 0
    outer loop
      vertex 10.5474 6.25 2.6
      vertex 10.6273 6.36964 0
      vertex 10.6273 6.36964 2.6
    endloop
  endfacet
  facet normal 0.831601 -0.555374 0
    outer loop
      vertex 10.6273 6.36964 0
      vertex 10.5474 6.25 2.6
      vertex 10.5474 6.25 0
    endloop
  endfacet
  facet normal 0.555694 -0.831387 0
    outer loop
      vertex 10.8304 6.57269 0
      vertex 10.95 6.65263 2.6
      vertex 10.8304 6.57269 2.6
    endloop
  endfacet
  facet normal 0.555694 -0.831387 0
    outer loop
      vertex 10.95 6.65263 2.6
      vertex 10.8304 6.57269 0
      vertex 10.95 6.65263 0
    endloop
  endfacet
  facet normal 0.195113 -0.980781 0
    outer loop
      vertex 11.2153 6.76252 0
      vertex 11.3564 6.79059 2.6
      vertex 11.2153 6.76252 2.6
    endloop
  endfacet
  facet normal 0.195113 -0.980781 0
    outer loop
      vertex 11.3564 6.79059 2.6
      vertex 11.2153 6.76252 0
      vertex 11.3564 6.79059 0
    endloop
  endfacet
  facet normal 0.659272 -0.751905 0
    outer loop
      vertex 10.7222 6.47782 0
      vertex 10.8304 6.57269 2.6
      vertex 10.7222 6.47782 2.6
    endloop
  endfacet
  facet normal 0.659272 -0.751905 0
    outer loop
      vertex 10.8304 6.57269 2.6
      vertex 10.7222 6.47782 0
      vertex 10.8304 6.57269 0
    endloop
  endfacet
  facet normal -0.997864 -0.0653289 0
    outer loop
      vertex 12.6 5.7 0
      vertex 12.5906 5.84358 2.6
      vertex 12.5906 5.84358 0
    endloop
  endfacet
  facet normal -0.997864 -0.0653289 0
    outer loop
      vertex 12.5906 5.84358 2.6
      vertex 12.6 5.7 0
      vertex 12.6 5.7 2.6
    endloop
  endfacet
  facet normal -0.555694 0.831387 0
    outer loop
      vertex 12.1696 4.82731 0
      vertex 12.05 4.74737 2.6
      vertex 12.1696 4.82731 2.6
    endloop
  endfacet
  facet normal -0.555694 0.831387 0
    outer loop
      vertex 12.05 4.74737 2.6
      vertex 12.1696 4.82731 0
      vertex 12.05 4.74737 0
    endloop
  endfacet
  facet normal -0.831601 0.555374 0
    outer loop
      vertex 12.3727 5.03036 0
      vertex 12.4526 5.15 2.6
      vertex 12.4526 5.15 0
    endloop
  endfacet
  facet normal -0.831601 0.555374 0
    outer loop
      vertex 12.4526 5.15 2.6
      vertex 12.3727 5.03036 0
      vertex 12.3727 5.03036 2.6
    endloop
  endfacet
  facet normal -0.32133 0.946967 0
    outer loop
      vertex 11.921 4.68373 0
      vertex 11.7847 4.63748 2.6
      vertex 11.921 4.68373 2.6
    endloop
  endfacet
  facet normal -0.32133 0.946967 0
    outer loop
      vertex 11.7847 4.63748 2.6
      vertex 11.921 4.68373 0
      vertex 11.7847 4.63748 0
    endloop
  endfacet
  facet normal -0.659272 -0.751905 0
    outer loop
      vertex 12.1696 6.57269 0
      vertex 12.2778 6.47782 2.6
      vertex 12.1696 6.57269 2.6
    endloop
  endfacet
  facet normal -0.659272 -0.751905 -0
    outer loop
      vertex 12.2778 6.47782 2.6
      vertex 12.1696 6.57269 0
      vertex 12.2778 6.47782 0
    endloop
  endfacet
  facet normal 0.065389 -0.99786 0
    outer loop
      vertex 11.3564 6.79059 0
      vertex 11.5 6.8 2.6
      vertex 11.3564 6.79059 2.6
    endloop
  endfacet
  facet normal 0.065389 -0.99786 0
    outer loop
      vertex 11.5 6.8 2.6
      vertex 11.3564 6.79059 0
      vertex 11.5 6.8 0
    endloop
  endfacet
  facet normal -0.442424 -0.896806 0
    outer loop
      vertex 11.921 6.71627 0
      vertex 12.05 6.65263 2.6
      vertex 11.921 6.71627 2.6
    endloop
  endfacet
  facet normal -0.442424 -0.896806 -0
    outer loop
      vertex 12.05 6.65263 2.6
      vertex 11.921 6.71627 0
      vertex 12.05 6.65263 0
    endloop
  endfacet
  facet normal 0.997864 0.0653289 0
    outer loop
      vertex 10.4094 5.55642 2.6
      vertex 10.4 5.7 0
      vertex 10.4 5.7 2.6
    endloop
  endfacet
  facet normal 0.997864 0.0653289 0
    outer loop
      vertex 10.4 5.7 0
      vertex 10.4094 5.55642 2.6
      vertex 10.4094 5.55642 0
    endloop
  endfacet
  facet normal 0.980746 -0.195287 0
    outer loop
      vertex 10.4094 5.84358 2.6
      vertex 10.4375 5.9847 0
      vertex 10.4375 5.9847 2.6
    endloop
  endfacet
  facet normal 0.980746 -0.195287 0
    outer loop
      vertex 10.4375 5.9847 0
      vertex 10.4094 5.84358 2.6
      vertex 10.4094 5.84358 0
    endloop
  endfacet
  facet normal 0.896708 -0.442622 0
    outer loop
      vertex 10.4837 6.12095 2.6
      vertex 10.5474 6.25 0
      vertex 10.5474 6.25 2.6
    endloop
  endfacet
  facet normal 0.896708 -0.442622 0
    outer loop
      vertex 10.5474 6.25 0
      vertex 10.4837 6.12095 2.6
      vertex 10.4837 6.12095 0
    endloop
  endfacet
  facet normal 0.32133 -0.946967 0
    outer loop
      vertex 11.079 6.71627 0
      vertex 11.2153 6.76252 2.6
      vertex 11.079 6.71627 2.6
    endloop
  endfacet
  facet normal 0.32133 -0.946967 0
    outer loop
      vertex 11.2153 6.76252 2.6
      vertex 11.079 6.71627 0
      vertex 11.2153 6.76252 0
    endloop
  endfacet
  facet normal 0.751741 -0.659458 0
    outer loop
      vertex 10.6273 6.36964 2.6
      vertex 10.7222 6.47782 0
      vertex 10.7222 6.47782 2.6
    endloop
  endfacet
  facet normal 0.751741 -0.659458 0
    outer loop
      vertex 10.7222 6.47782 0
      vertex 10.6273 6.36964 2.6
      vertex 10.6273 6.36964 0
    endloop
  endfacet
  facet normal -0.980746 0.195287 0
    outer loop
      vertex 12.5625 5.4153 0
      vertex 12.5906 5.55642 2.6
      vertex 12.5906 5.55642 0
    endloop
  endfacet
  facet normal -0.980746 0.195287 0
    outer loop
      vertex 12.5906 5.55642 2.6
      vertex 12.5625 5.4153 0
      vertex 12.5625 5.4153 2.6
    endloop
  endfacet
  facet normal 0.980746 0.195287 0
    outer loop
      vertex 10.4375 5.4153 2.6
      vertex 10.4094 5.55642 0
      vertex 10.4094 5.55642 2.6
    endloop
  endfacet
  facet normal 0.980746 0.195287 0
    outer loop
      vertex 10.4094 5.55642 0
      vertex 10.4375 5.4153 2.6
      vertex 10.4375 5.4153 0
    endloop
  endfacet
  facet normal 0.751741 0.659458 0
    outer loop
      vertex 10.7222 4.92218 2.6
      vertex 10.6273 5.03036 0
      vertex 10.6273 5.03036 2.6
    endloop
  endfacet
  facet normal 0.751741 0.659458 0
    outer loop
      vertex 10.6273 5.03036 0
      vertex 10.7222 4.92218 2.6
      vertex 10.7222 4.92218 0
    endloop
  endfacet
  facet normal 0.947037 0.321124 0
    outer loop
      vertex 10.4837 5.27905 2.6
      vertex 10.4375 5.4153 0
      vertex 10.4375 5.4153 2.6
    endloop
  endfacet
  facet normal 0.947037 0.321124 0
    outer loop
      vertex 10.4375 5.4153 0
      vertex 10.4837 5.27905 2.6
      vertex 10.4837 5.27905 0
    endloop
  endfacet
  facet normal 0.831601 0.555374 0
    outer loop
      vertex 10.6273 5.03036 2.6
      vertex 10.5474 5.15 0
      vertex 10.5474 5.15 2.6
    endloop
  endfacet
  facet normal 0.831601 0.555374 0
    outer loop
      vertex 10.5474 5.15 0
      vertex 10.6273 5.03036 2.6
      vertex 10.6273 5.03036 0
    endloop
  endfacet
  facet normal -0.195113 0.980781 0
    outer loop
      vertex 11.7847 4.63748 0
      vertex 11.6436 4.60941 2.6
      vertex 11.7847 4.63748 2.6
    endloop
  endfacet
  facet normal -0.195113 0.980781 0
    outer loop
      vertex 11.6436 4.60941 2.6
      vertex 11.7847 4.63748 0
      vertex 11.6436 4.60941 0
    endloop
  endfacet
  facet normal -0.896708 -0.442622 0
    outer loop
      vertex 12.5163 6.12095 0
      vertex 12.4526 6.25 2.6
      vertex 12.4526 6.25 0
    endloop
  endfacet
  facet normal -0.896708 -0.442622 0
    outer loop
      vertex 12.4526 6.25 2.6
      vertex 12.5163 6.12095 0
      vertex 12.5163 6.12095 2.6
    endloop
  endfacet
  facet normal -0.947037 -0.321124 0
    outer loop
      vertex 12.5625 5.9847 0
      vertex 12.5163 6.12095 2.6
      vertex 12.5163 6.12095 0
    endloop
  endfacet
  facet normal -0.947037 -0.321124 0
    outer loop
      vertex 12.5163 6.12095 2.6
      vertex 12.5625 5.9847 0
      vertex 12.5625 5.9847 2.6
    endloop
  endfacet
  facet normal -0.980746 -0.195287 0
    outer loop
      vertex 12.5906 5.84358 0
      vertex 12.5625 5.9847 2.6
      vertex 12.5625 5.9847 0
    endloop
  endfacet
  facet normal -0.980746 -0.195287 0
    outer loop
      vertex 12.5625 5.9847 2.6
      vertex 12.5906 5.84358 0
      vertex 12.5906 5.84358 2.6
    endloop
  endfacet
  facet normal -0.751741 -0.659458 0
    outer loop
      vertex 12.3727 6.36964 0
      vertex 12.2778 6.47782 2.6
      vertex 12.2778 6.47782 0
    endloop
  endfacet
  facet normal -0.751741 -0.659458 0
    outer loop
      vertex 12.2778 6.47782 2.6
      vertex 12.3727 6.36964 0
      vertex 12.3727 6.36964 2.6
    endloop
  endfacet
  facet normal -0.065389 -0.99786 0
    outer loop
      vertex 11.5 6.8 0
      vertex 11.6436 6.79059 2.6
      vertex 11.5 6.8 2.6
    endloop
  endfacet
  facet normal -0.065389 -0.99786 -0
    outer loop
      vertex 11.6436 6.79059 2.6
      vertex 11.5 6.8 0
      vertex 11.6436 6.79059 0
    endloop
  endfacet
  facet normal 0 0 -1
    outer loop
      vertex 12.5906 5.55642 2.6
      vertex 12.5906 5.84358 2.6
      vertex 12.6 5.7 2.6
    endloop
  endfacet
  facet normal 0 0 -1
    outer loop
      vertex 12.5625 5.4153 2.6
      vertex 12.5906 5.84358 2.6
      vertex 12.5906 5.55642 2.6
    endloop
  endfacet
  facet normal 0 0 -1
    outer loop
      vertex 12.5625 5.4153 2.6
      vertex 12.5625 5.9847 2.6
      vertex 12.5906 5.84358 2.6
    endloop
  endfacet
  facet normal 0 0 -1
    outer loop
      vertex 12.5163 5.27905 2.6
      vertex 12.5625 5.9847 2.6
      vertex 12.5625 5.4153 2.6
    endloop
  endfacet
  facet normal 0 0 -1
    outer loop
      vertex 12.5163 5.27905 2.6
      vertex 12.5163 6.12095 2.6
      vertex 12.5625 5.9847 2.6
    endloop
  endfacet
  facet normal 0 0 -1
    outer loop
      vertex 12.4526 5.15 2.6
      vertex 12.5163 6.12095 2.6
      vertex 12.5163 5.27905 2.6
    endloop
  endfacet
  facet normal 0 0 -1
    outer loop
      vertex 12.4526 5.15 2.6
      vertex 12.4526 6.25 2.6
      vertex 12.5163 6.12095 2.6
    endloop
  endfacet
  facet normal 0 0 -1
    outer loop
      vertex 12.3727 5.03036 2.6
      vertex 12.4526 6.25 2.6
      vertex 12.4526 5.15 2.6
    endloop
  endfacet
  facet normal 0 0 -1
    outer loop
      vertex 12.3727 5.03036 2.6
      vertex 12.3727 6.36964 2.6
      vertex 12.4526 6.25 2.6
    endloop
  endfacet
  facet normal 0 0 -1
    outer loop
      vertex 12.2778 4.92218 2.6
      vertex 12.3727 6.36964 2.6
      vertex 12.3727 5.03036 2.6
    endloop
  endfacet
  facet normal 0 0 -1
    outer loop
      vertex 12.2778 4.92218 2.6
      vertex 12.2778 6.47782 2.6
      vertex 12.3727 6.36964 2.6
    endloop
  endfacet
  facet normal 0 0 -1
    outer loop
      vertex 12.1696 4.82731 2.6
      vertex 12.2778 6.47782 2.6
      vertex 12.2778 4.92218 2.6
    endloop
  endfacet
  facet normal 0 0 -1
    outer loop
      vertex 12.1696 4.82731 2.6
      vertex 12.1696 6.57269 2.6
      vertex 12.2778 6.47782 2.6
    endloop
  endfacet
  facet normal 0 0 -1
    outer loop
      vertex 12.05 4.74737 2.6
      vertex 12.1696 6.57269 2.6
      vertex 12.1696 4.82731 2.6
    endloop
  endfacet
  facet normal 0 0 -1
    outer loop
      vertex 12.05 4.74737 2.6
      vertex 12.05 6.65263 2.6
      vertex 12.1696 6.57269 2.6
    endloop
  endfacet
  facet normal 0 0 -1
    outer loop
      vertex 11.921 4.68373 2.6
      vertex 12.05 6.65263 2.6
      vertex 12.05 4.74737 2.6
    endloop
  endfacet
  facet normal 0 0 -1
    outer loop
      vertex 11.921 4.68373 2.6
      vertex 11.921 6.71627 2.6
      vertex 12.05 6.65263 2.6
    endloop
  endfacet
  facet normal 0 0 -1
    outer loop
      vertex 11.7847 4.63748 2.6
      vertex 11.921 6.71627 2.6
      vertex 11.921 4.68373 2.6
    endloop
  endfacet
  facet normal 0 0 -1
    outer loop
      vertex 11.7847 4.63748 2.6
      vertex 11.7847 6.76252 2.6
      vertex 11.921 6.71627 2.6
    endloop
  endfacet
  facet normal 0 0 -1
    outer loop
      vertex 11.6436 4.60941 2.6
      vertex 11.7847 6.76252 2.6
      vertex 11.7847 4.63748 2.6
    endloop
  endfacet
  facet normal 0 0 -1
    outer loop
      vertex 11.6436 4.60941 2.6
      vertex 11.6436 6.79059 2.6
      vertex 11.7847 6.76252 2.6
    endloop
  endfacet
  facet normal 0 0 -1
    outer loop
      vertex 11.5 4.6 2.6
      vertex 11.6436 6.79059 2.6
      vertex 11.6436 4.60941 2.6
    endloop
  endfacet
  facet normal 0 0 -1
    outer loop
      vertex 11.5 4.6 2.6
      vertex 11.5 6.8 2.6
      vertex 11.6436 6.79059 2.6
    endloop
  endfacet
  facet normal 0 0 -1
    outer loop
      vertex 11.3564 4.60941 2.6
      vertex 11.5 6.8 2.6
      vertex 11.5 4.6 2.6
    endloop
  endfacet
  facet normal 0 0 -1
    outer loop
      vertex 11.3564 4.60941 2.6
      vertex 11.3564 6.79059 2.6
      vertex 11.5 6.8 2.6
    endloop
  endfacet
  facet normal 0 0 -1
    outer loop
      vertex 11.2153 4.63748 2.6
      vertex 11.3564 6.79059 2.6
      vertex 11.3564 4.60941 2.6
    endloop
  endfacet
  facet normal 0 0 -1
    outer loop
      vertex 11.2153 4.63748 2.6
      vertex 11.2153 6.76252 2.6
      vertex 11.3564 6.79059 2.6
    endloop
  endfacet
  facet normal 0 0 -1
    outer loop
      vertex 11.079 4.68373 2.6
      vertex 11.2153 6.76252 2.6
      vertex 11.2153 4.63748 2.6
    endloop
  endfacet
  facet normal 0 0 -1
    outer loop
      vertex 11.079 4.68373 2.6
      vertex 11.079 6.71627 2.6
      vertex 11.2153 6.76252 2.6
    endloop
  endfacet
  facet normal 0 0 -1
    outer loop
      vertex 10.95 4.74737 2.6
      vertex 11.079 6.71627 2.6
      vertex 11.079 4.68373 2.6
    endloop
  endfacet
  facet normal 0 0 -1
    outer loop
      vertex 10.95 4.74737 2.6
      vertex 10.95 6.65263 2.6
      vertex 11.079 6.71627 2.6
    endloop
  endfacet
  facet normal 0 0 -1
    outer loop
      vertex 10.8304 4.82731 2.6
      vertex 10.95 6.65263 2.6
      vertex 10.95 4.74737 2.6
    endloop
  endfacet
  facet normal 0 0 -1
    outer loop
      vertex 10.8304 4.82731 2.6
      vertex 10.8304 6.57269 2.6
      vertex 10.95 6.65263 2.6
    endloop
  endfacet
  facet normal 0 0 -1
    outer loop
      vertex 10.7222 4.92218 2.6
      vertex 10.8304 6.57269 2.6
      vertex 10.8304 4.82731 2.6
    endloop
  endfacet
  facet normal 0 0 -1
    outer loop
      vertex 10.7222 4.92218 2.6
      vertex 10.7222 6.47782 2.6
      vertex 10.8304 6.57269 2.6
    endloop
  endfacet
  facet normal 0 0 -1
    outer loop
      vertex 10.6273 5.03036 2.6
      vertex 10.7222 6.47782 2.6
      vertex 10.7222 4.92218 2.6
    endloop
  endfacet
  facet normal 0 0 -1
    outer loop
      vertex 10.6273 5.03036 2.6
      vertex 10.6273 6.36964 2.6
      vertex 10.7222 6.47782 2.6
    endloop
  endfacet
  facet normal 0 0 -1
    outer loop
      vertex 10.5474 5.15 2.6
      vertex 10.6273 6.36964 2.6
      vertex 10.6273 5.03036 2.6
    endloop
  endfacet
  facet normal 0 0 -1
    outer loop
      vertex 10.5474 5.15 2.6
      vertex 10.5474 6.25 2.6
      vertex 10.6273 6.36964 2.6
    endloop
  endfacet
  facet normal 0 0 -1
    outer loop
      vertex 10.4837 5.27905 2.6
      vertex 10.5474 6.25 2.6
      vertex 10.5474 5.15 2.6
    endloop
  endfacet
  facet normal 0 0 -1
    outer loop
      vertex 10.4837 5.27905 2.6
      vertex 10.4837 6.12095 2.6
      vertex 10.5474 6.25 2.6
    endloop
  endfacet
  facet normal 0 0 -1
    outer loop
      vertex 10.4375 5.4153 2.6
      vertex 10.4837 6.12095 2.6
      vertex 10.4837 5.27905 2.6
    endloop
  endfacet
  facet normal 0 0 -1
    outer loop
      vertex 10.4375 5.4153 2.6
      vertex 10.4375 5.9847 2.6
      vertex 10.4837 6.12095 2.6
    endloop
  endfacet
  facet normal 0 0 -1
    outer loop
      vertex 10.4094 5.55642 2.6
      vertex 10.4375 5.9847 2.6
      vertex 10.4375 5.4153 2.6
    endloop
  endfacet
  facet normal 0 0 -1
    outer loop
      vertex 10.4094 5.55642 2.6
      vertex 10.4094 5.84358 2.6
      vertex 10.4375 5.9847 2.6
    endloop
  endfacet
  facet normal 0 -0 -1
    outer loop
      vertex 10.4094 5.84358 2.6
      vertex 10.4094 5.55642 2.6
      vertex 10.4 5.7 2.6
    endloop
  endfacet
  facet normal -0.947037 0.321124 0
    outer loop
      vertex 12.5163 5.27905 0
      vertex 12.5625 5.4153 2.6
      vertex 12.5625 5.4153 0
    endloop
  endfacet
  facet normal -0.947037 0.321124 0
    outer loop
      vertex 12.5625 5.4153 2.6
      vertex 12.5163 5.27905 0
      vertex 12.5163 5.27905 2.6
    endloop
  endfacet
  facet normal -0.896708 0.442622 0
    outer loop
      vertex 12.4526 5.15 0
      vertex 12.5163 5.27905 2.6
      vertex 12.5163 5.27905 0
    endloop
  endfacet
  facet normal -0.896708 0.442622 0
    outer loop
      vertex 12.5163 5.27905 2.6
      vertex 12.4526 5.15 0
      vertex 12.4526 5.15 2.6
    endloop
  endfacet
  facet normal 0.555694 0.831387 -0
    outer loop
      vertex 10.95 4.74737 0
      vertex 10.8304 4.82731 2.6
      vertex 10.95 4.74737 2.6
    endloop
  endfacet
  facet normal 0.555694 0.831387 0
    outer loop
      vertex 10.8304 4.82731 2.6
      vertex 10.95 4.74737 0
      vertex 10.8304 4.82731 0
    endloop
  endfacet
  facet normal -0.065389 0.99786 0
    outer loop
      vertex 11.6436 4.60941 0
      vertex 11.5 4.6 2.6
      vertex 11.6436 4.60941 2.6
    endloop
  endfacet
  facet normal -0.065389 0.99786 0
    outer loop
      vertex 11.5 4.6 2.6
      vertex 11.6436 4.60941 0
      vertex 11.5 4.6 0
    endloop
  endfacet
  facet normal 0.32133 0.946967 -0
    outer loop
      vertex 11.2153 4.63748 0
      vertex 11.079 4.68373 2.6
      vertex 11.2153 4.63748 2.6
    endloop
  endfacet
  facet normal 0.32133 0.946967 0
    outer loop
      vertex 11.079 4.68373 2.6
      vertex 11.2153 4.63748 0
      vertex 11.079 4.68373 0
    endloop
  endfacet
  facet normal 0.896708 0.442622 0
    outer loop
      vertex 10.5474 5.15 2.6
      vertex 10.4837 5.27905 0
      vertex 10.4837 5.27905 2.6
    endloop
  endfacet
  facet normal 0.896708 0.442622 0
    outer loop
      vertex 10.4837 5.27905 0
      vertex 10.5474 5.15 2.6
      vertex 10.5474 5.15 0
    endloop
  endfacet
  facet normal -0.659272 0.751905 0
    outer loop
      vertex 12.2778 4.92218 0
      vertex 12.1696 4.82731 2.6
      vertex 12.2778 4.92218 2.6
    endloop
  endfacet
  facet normal -0.659272 0.751905 0
    outer loop
      vertex 12.1696 4.82731 2.6
      vertex 12.2778 4.92218 0
      vertex 12.1696 4.82731 0
    endloop
  endfacet
  facet normal -0.751741 0.659458 0
    outer loop
      vertex 12.2778 4.92218 0
      vertex 12.3727 5.03036 2.6
      vertex 12.3727 5.03036 0
    endloop
  endfacet
  facet normal -0.751741 0.659458 0
    outer loop
      vertex 12.3727 5.03036 2.6
      vertex 12.2778 4.92218 0
      vertex 12.2778 4.92218 2.6
    endloop
  endfacet
  facet normal 0.195113 0.980781 -0
    outer loop
      vertex 11.3564 4.60941 0
      vertex 11.2153 4.63748 2.6
      vertex 11.3564 4.60941 2.6
    endloop
  endfacet
  facet normal 0.195113 0.980781 0
    outer loop
      vertex 11.2153 4.63748 2.6
      vertex 11.3564 4.60941 0
      vertex 11.2153 4.63748 0
    endloop
  endfacet
  facet normal 0.442424 0.896806 -0
    outer loop
      vertex 11.079 4.68373 0
      vertex 10.95 4.74737 2.6
      vertex 11.079 4.68373 2.6
    endloop
  endfacet
  facet normal 0.442424 0.896806 0
    outer loop
      vertex 10.95 4.74737 2.6
      vertex 11.079 4.68373 0
      vertex 10.95 4.74737 0
    endloop
  endfacet
  facet normal 0.659272 0.751905 -0
    outer loop
      vertex 10.8304 4.82731 0
      vertex 10.7222 4.92218 2.6
      vertex 10.8304 4.82731 2.6
    endloop
  endfacet
  facet normal 0.659272 0.751905 0
    outer loop
      vertex 10.7222 4.92218 2.6
      vertex 10.8304 4.82731 0
      vertex 10.7222 4.92218 0
    endloop
  endfacet
  facet normal 0.065389 0.99786 -0
    outer loop
      vertex 11.5 4.6 0
      vertex 11.3564 4.60941 2.6
      vertex 11.5 4.6 2.6
    endloop
  endfacet
  facet normal 0.065389 0.99786 0
    outer loop
      vertex 11.3564 4.60941 2.6
      vertex 11.5 4.6 0
      vertex 11.3564 4.60941 0
    endloop
  endfacet
  facet normal -0.997864 -0.0653198 0
    outer loop
      vertex 17.35 -33.75 0
      vertex 17.3406 -33.6064 2.6
      vertex 17.3406 -33.6064 0
    endloop
  endfacet
  facet normal -0.997864 -0.0653198 0
    outer loop
      vertex 17.3406 -33.6064 2.6
      vertex 17.35 -33.75 0
      vertex 17.35 -33.75 2.6
    endloop
  endfacet
  facet normal 0.997864 -0.0653198 0
    outer loop
      vertex 15.15 -33.75 2.6
      vertex 15.1594 -33.6064 0
      vertex 15.1594 -33.6064 2.6
    endloop
  endfacet
  facet normal 0.997864 -0.0653198 0
    outer loop
      vertex 15.1594 -33.6064 0
      vertex 15.15 -33.75 2.6
      vertex 15.15 -33.75 0
    endloop
  endfacet
  facet normal -0.0653198 -0.997864 0
    outer loop
      vertex 16.25 -32.65 0
      vertex 16.3936 -32.6594 2.6
      vertex 16.25 -32.65 2.6
    endloop
  endfacet
  facet normal -0.0653198 -0.997864 -0
    outer loop
      vertex 16.3936 -32.6594 2.6
      vertex 16.25 -32.65 0
      vertex 16.3936 -32.6594 0
    endloop
  endfacet
  facet normal -0.65939 -0.751801 0
    outer loop
      vertex 16.9196 -32.8773 0
      vertex 17.0278 -32.9722 2.6
      vertex 16.9196 -32.8773 2.6
    endloop
  endfacet
  facet normal -0.65939 -0.751801 -0
    outer loop
      vertex 17.0278 -32.9722 2.6
      vertex 16.9196 -32.8773 0
      vertex 17.0278 -32.9722 0
    endloop
  endfacet
  facet normal 0.65939 -0.751801 0
    outer loop
      vertex 15.4722 -32.9722 0
      vertex 15.5804 -32.8773 2.6
      vertex 15.4722 -32.9722 2.6
    endloop
  endfacet
  facet normal 0.65939 -0.751801 0
    outer loop
      vertex 15.5804 -32.8773 2.6
      vertex 15.4722 -32.9722 0
      vertex 15.5804 -32.8773 0
    endloop
  endfacet
  facet normal 0.321018 -0.947073 0
    outer loop
      vertex 15.829 -32.7337 0
      vertex 15.9653 -32.6875 2.6
      vertex 15.829 -32.7337 2.6
    endloop
  endfacet
  facet normal 0.321018 -0.947073 0
    outer loop
      vertex 15.9653 -32.6875 2.6
      vertex 15.829 -32.7337 0
      vertex 15.9653 -32.6875 0
    endloop
  endfacet
  facet normal -0.89664 -0.44276 0
    outer loop
      vertex 17.2663 -33.329 0
      vertex 17.2026 -33.2 2.6
      vertex 17.2026 -33.2 0
    endloop
  endfacet
  facet normal -0.89664 -0.44276 0
    outer loop
      vertex 17.2026 -33.2 2.6
      vertex 17.2663 -33.329 0
      vertex 17.2663 -33.329 2.6
    endloop
  endfacet
  facet normal -0.980741 -0.195314 0
    outer loop
      vertex 17.3406 -33.6064 0
      vertex 17.3125 -33.4653 2.6
      vertex 17.3125 -33.4653 0
    endloop
  endfacet
  facet normal -0.980741 -0.195314 0
    outer loop
      vertex 17.3125 -33.4653 2.6
      vertex 17.3406 -33.6064 0
      vertex 17.3406 -33.6064 2.6
    endloop
  endfacet
  facet normal -0.831515 -0.555502 0
    outer loop
      vertex 17.2026 -33.2 0
      vertex 17.1227 -33.0804 2.6
      vertex 17.1227 -33.0804 0
    endloop
  endfacet
  facet normal -0.831515 -0.555502 0
    outer loop
      vertex 17.1227 -33.0804 2.6
      vertex 17.2026 -33.2 0
      vertex 17.2026 -33.2 2.6
    endloop
  endfacet
  facet normal -0.321018 -0.947073 0
    outer loop
      vertex 16.5347 -32.6875 0
      vertex 16.671 -32.7337 2.6
      vertex 16.5347 -32.6875 2.6
    endloop
  endfacet
  facet normal -0.321018 -0.947073 -0
    outer loop
      vertex 16.671 -32.7337 2.6
      vertex 16.5347 -32.6875 0
      vertex 16.671 -32.7337 0
    endloop
  endfacet
  facet normal -0.195314 -0.980741 0
    outer loop
      vertex 16.3936 -32.6594 0
      vertex 16.5347 -32.6875 2.6
      vertex 16.3936 -32.6594 2.6
    endloop
  endfacet
  facet normal -0.195314 -0.980741 -0
    outer loop
      vertex 16.5347 -32.6875 2.6
      vertex 16.3936 -32.6594 0
      vertex 16.5347 -32.6875 0
    endloop
  endfacet
  facet normal -0.555502 -0.831515 0
    outer loop
      vertex 16.8 -32.7974 0
      vertex 16.9196 -32.8773 2.6
      vertex 16.8 -32.7974 2.6
    endloop
  endfacet
  facet normal -0.555502 -0.831515 -0
    outer loop
      vertex 16.9196 -32.8773 2.6
      vertex 16.8 -32.7974 0
      vertex 16.9196 -32.8773 0
    endloop
  endfacet
  facet normal 0.89664 -0.44276 0
    outer loop
      vertex 15.2337 -33.329 2.6
      vertex 15.2974 -33.2 0
      vertex 15.2974 -33.2 2.6
    endloop
  endfacet
  facet normal 0.89664 -0.44276 0
    outer loop
      vertex 15.2974 -33.2 0
      vertex 15.2337 -33.329 2.6
      vertex 15.2337 -33.329 0
    endloop
  endfacet
  facet normal 0.751801 -0.65939 0
    outer loop
      vertex 15.3773 -33.0804 2.6
      vertex 15.4722 -32.9722 0
      vertex 15.4722 -32.9722 2.6
    endloop
  endfacet
  facet normal 0.751801 -0.65939 0
    outer loop
      vertex 15.4722 -32.9722 0
      vertex 15.3773 -33.0804 2.6
      vertex 15.3773 -33.0804 0
    endloop
  endfacet
  facet normal 0.947073 -0.321018 0
    outer loop
      vertex 15.1875 -33.4653 2.6
      vertex 15.2337 -33.329 0
      vertex 15.2337 -33.329 2.6
    endloop
  endfacet
  facet normal 0.947073 -0.321018 0
    outer loop
      vertex 15.2337 -33.329 0
      vertex 15.1875 -33.4653 2.6
      vertex 15.1875 -33.4653 0
    endloop
  endfacet
  facet normal 0.195314 -0.980741 0
    outer loop
      vertex 15.9653 -32.6875 0
      vertex 16.1064 -32.6594 2.6
      vertex 15.9653 -32.6875 2.6
    endloop
  endfacet
  facet normal 0.195314 -0.980741 0
    outer loop
      vertex 16.1064 -32.6594 2.6
      vertex 15.9653 -32.6875 0
      vertex 16.1064 -32.6594 0
    endloop
  endfacet
  facet normal 0.65939 0.751801 -0
    outer loop
      vertex 15.5804 -34.6227 0
      vertex 15.4722 -34.5278 2.6
      vertex 15.5804 -34.6227 2.6
    endloop
  endfacet
  facet normal 0.65939 0.751801 0
    outer loop
      vertex 15.4722 -34.5278 2.6
      vertex 15.5804 -34.6227 0
      vertex 15.4722 -34.5278 0
    endloop
  endfacet
  facet normal 0.321018 0.947073 -0
    outer loop
      vertex 15.9653 -34.8125 0
      vertex 15.829 -34.7663 2.6
      vertex 15.9653 -34.8125 2.6
    endloop
  endfacet
  facet normal 0.321018 0.947073 0
    outer loop
      vertex 15.829 -34.7663 2.6
      vertex 15.9653 -34.8125 0
      vertex 15.829 -34.7663 0
    endloop
  endfacet
  facet normal -0.947073 -0.321018 0
    outer loop
      vertex 17.3125 -33.4653 0
      vertex 17.2663 -33.329 2.6
      vertex 17.2663 -33.329 0
    endloop
  endfacet
  facet normal -0.947073 -0.321018 0
    outer loop
      vertex 17.2663 -33.329 2.6
      vertex 17.3125 -33.4653 0
      vertex 17.3125 -33.4653 2.6
    endloop
  endfacet
  facet normal -0.751801 -0.65939 0
    outer loop
      vertex 17.1227 -33.0804 0
      vertex 17.0278 -32.9722 2.6
      vertex 17.0278 -32.9722 0
    endloop
  endfacet
  facet normal -0.751801 -0.65939 0
    outer loop
      vertex 17.0278 -32.9722 2.6
      vertex 17.1227 -33.0804 0
      vertex 17.1227 -33.0804 2.6
    endloop
  endfacet
  facet normal -0.44276 -0.89664 0
    outer loop
      vertex 16.671 -32.7337 0
      vertex 16.8 -32.7974 2.6
      vertex 16.671 -32.7337 2.6
    endloop
  endfacet
  facet normal -0.44276 -0.89664 -0
    outer loop
      vertex 16.8 -32.7974 2.6
      vertex 16.671 -32.7337 0
      vertex 16.8 -32.7974 0
    endloop
  endfacet
  facet normal 0.831515 -0.555502 0
    outer loop
      vertex 15.2974 -33.2 2.6
      vertex 15.3773 -33.0804 0
      vertex 15.3773 -33.0804 2.6
    endloop
  endfacet
  facet normal 0.831515 -0.555502 0
    outer loop
      vertex 15.3773 -33.0804 0
      vertex 15.2974 -33.2 2.6
      vertex 15.2974 -33.2 0
    endloop
  endfacet
  facet normal 0.980741 -0.195314 0
    outer loop
      vertex 15.1594 -33.6064 2.6
      vertex 15.1875 -33.4653 0
      vertex 15.1875 -33.4653 2.6
    endloop
  endfacet
  facet normal 0.980741 -0.195314 0
    outer loop
      vertex 15.1875 -33.4653 0
      vertex 15.1594 -33.6064 2.6
      vertex 15.1594 -33.6064 0
    endloop
  endfacet
  facet normal 0.44276 -0.89664 0
    outer loop
      vertex 15.7 -32.7974 0
      vertex 15.829 -32.7337 2.6
      vertex 15.7 -32.7974 2.6
    endloop
  endfacet
  facet normal 0.44276 -0.89664 0
    outer loop
      vertex 15.829 -32.7337 2.6
      vertex 15.7 -32.7974 0
      vertex 15.829 -32.7337 0
    endloop
  endfacet
  facet normal 0.555502 -0.831515 0
    outer loop
      vertex 15.5804 -32.8773 0
      vertex 15.7 -32.7974 2.6
      vertex 15.5804 -32.8773 2.6
    endloop
  endfacet
  facet normal 0.555502 -0.831515 0
    outer loop
      vertex 15.7 -32.7974 2.6
      vertex 15.5804 -32.8773 0
      vertex 15.7 -32.7974 0
    endloop
  endfacet
  facet normal 0.0653198 -0.997864 0
    outer loop
      vertex 16.1064 -32.6594 0
      vertex 16.25 -32.65 2.6
      vertex 16.1064 -32.6594 2.6
    endloop
  endfacet
  facet normal 0.0653198 -0.997864 0
    outer loop
      vertex 16.25 -32.65 2.6
      vertex 16.1064 -32.6594 0
      vertex 16.25 -32.65 0
    endloop
  endfacet
  facet normal -0.997864 0.0653198 0
    outer loop
      vertex 17.3406 -33.8936 0
      vertex 17.35 -33.75 2.6
      vertex 17.35 -33.75 0
    endloop
  endfacet
  facet normal -0.997864 0.0653198 0
    outer loop
      vertex 17.35 -33.75 2.6
      vertex 17.3406 -33.8936 0
      vertex 17.3406 -33.8936 2.6
    endloop
  endfacet
  facet normal -0.0653198 0.997864 0
    outer loop
      vertex 16.3936 -34.8406 0
      vertex 16.25 -34.85 2.6
      vertex 16.3936 -34.8406 2.6
    endloop
  endfacet
  facet normal -0.0653198 0.997864 0
    outer loop
      vertex 16.25 -34.85 2.6
      vertex 16.3936 -34.8406 0
      vertex 16.25 -34.85 0
    endloop
  endfacet
  facet normal -0.321018 0.947073 0
    outer loop
      vertex 16.671 -34.7663 0
      vertex 16.5347 -34.8125 2.6
      vertex 16.671 -34.7663 2.6
    endloop
  endfacet
  facet normal -0.321018 0.947073 0
    outer loop
      vertex 16.5347 -34.8125 2.6
      vertex 16.671 -34.7663 0
      vertex 16.5347 -34.8125 0
    endloop
  endfacet
  facet normal -0.65939 0.751801 0
    outer loop
      vertex 17.0278 -34.5278 0
      vertex 16.9196 -34.6227 2.6
      vertex 17.0278 -34.5278 2.6
    endloop
  endfacet
  facet normal -0.65939 0.751801 0
    outer loop
      vertex 16.9196 -34.6227 2.6
      vertex 17.0278 -34.5278 0
      vertex 16.9196 -34.6227 0
    endloop
  endfacet
  facet normal -0.44276 0.89664 0
    outer loop
      vertex 16.8 -34.7026 0
      vertex 16.671 -34.7663 2.6
      vertex 16.8 -34.7026 2.6
    endloop
  endfacet
  facet normal -0.44276 0.89664 0
    outer loop
      vertex 16.671 -34.7663 2.6
      vertex 16.8 -34.7026 0
      vertex 16.671 -34.7663 0
    endloop
  endfacet
  facet normal -0.831515 0.555502 0
    outer loop
      vertex 17.1227 -34.4196 0
      vertex 17.2026 -34.3 2.6
      vertex 17.2026 -34.3 0
    endloop
  endfacet
  facet normal -0.831515 0.555502 0
    outer loop
      vertex 17.2026 -34.3 2.6
      vertex 17.1227 -34.4196 0
      vertex 17.1227 -34.4196 2.6
    endloop
  endfacet
  facet normal -0.980741 0.195314 0
    outer loop
      vertex 17.3125 -34.0347 0
      vertex 17.3406 -33.8936 2.6
      vertex 17.3406 -33.8936 0
    endloop
  endfacet
  facet normal -0.980741 0.195314 0
    outer loop
      vertex 17.3406 -33.8936 2.6
      vertex 17.3125 -34.0347 0
      vertex 17.3125 -34.0347 2.6
    endloop
  endfacet
  facet normal 0.555502 0.831515 -0
    outer loop
      vertex 15.7 -34.7026 0
      vertex 15.5804 -34.6227 2.6
      vertex 15.7 -34.7026 2.6
    endloop
  endfacet
  facet normal 0.555502 0.831515 0
    outer loop
      vertex 15.5804 -34.6227 2.6
      vertex 15.7 -34.7026 0
      vertex 15.5804 -34.6227 0
    endloop
  endfacet
  facet normal 0.195314 0.980741 -0
    outer loop
      vertex 16.1064 -34.8406 0
      vertex 15.9653 -34.8125 2.6
      vertex 16.1064 -34.8406 2.6
    endloop
  endfacet
  facet normal 0.195314 0.980741 0
    outer loop
      vertex 15.9653 -34.8125 2.6
      vertex 16.1064 -34.8406 0
      vertex 15.9653 -34.8125 0
    endloop
  endfacet
  facet normal 0.89664 0.44276 0
    outer loop
      vertex 15.2974 -34.3 2.6
      vertex 15.2337 -34.171 0
      vertex 15.2337 -34.171 2.6
    endloop
  endfacet
  facet normal 0.89664 0.44276 0
    outer loop
      vertex 15.2337 -34.171 0
      vertex 15.2974 -34.3 2.6
      vertex 15.2974 -34.3 0
    endloop
  endfacet
  facet normal 0.751801 0.65939 0
    outer loop
      vertex 15.4722 -34.5278 2.6
      vertex 15.3773 -34.4196 0
      vertex 15.3773 -34.4196 2.6
    endloop
  endfacet
  facet normal 0.751801 0.65939 0
    outer loop
      vertex 15.3773 -34.4196 0
      vertex 15.4722 -34.5278 2.6
      vertex 15.4722 -34.5278 0
    endloop
  endfacet
  facet normal 0.947073 0.321018 0
    outer loop
      vertex 15.2337 -34.171 2.6
      vertex 15.1875 -34.0347 0
      vertex 15.1875 -34.0347 2.6
    endloop
  endfacet
  facet normal 0.947073 0.321018 0
    outer loop
      vertex 15.1875 -34.0347 0
      vertex 15.2337 -34.171 2.6
      vertex 15.2337 -34.171 0
    endloop
  endfacet
  facet normal 0.997864 0.0653198 0
    outer loop
      vertex 15.1594 -33.8936 2.6
      vertex 15.15 -33.75 0
      vertex 15.15 -33.75 2.6
    endloop
  endfacet
  facet normal 0.997864 0.0653198 0
    outer loop
      vertex 15.15 -33.75 0
      vertex 15.1594 -33.8936 2.6
      vertex 15.1594 -33.8936 0
    endloop
  endfacet
  facet normal -0.195314 0.980741 0
    outer loop
      vertex 16.5347 -34.8125 0
      vertex 16.3936 -34.8406 2.6
      vertex 16.5347 -34.8125 2.6
    endloop
  endfacet
  facet normal -0.195314 0.980741 0
    outer loop
      vertex 16.3936 -34.8406 2.6
      vertex 16.5347 -34.8125 0
      vertex 16.3936 -34.8406 0
    endloop
  endfacet
  facet normal -0.751801 0.65939 0
    outer loop
      vertex 17.0278 -34.5278 0
      vertex 17.1227 -34.4196 2.6
      vertex 17.1227 -34.4196 0
    endloop
  endfacet
  facet normal -0.751801 0.65939 0
    outer loop
      vertex 17.1227 -34.4196 2.6
      vertex 17.0278 -34.5278 0
      vertex 17.0278 -34.5278 2.6
    endloop
  endfacet
  facet normal -0.555502 0.831515 0
    outer loop
      vertex 16.9196 -34.6227 0
      vertex 16.8 -34.7026 2.6
      vertex 16.9196 -34.6227 2.6
    endloop
  endfacet
  facet normal -0.555502 0.831515 0
    outer loop
      vertex 16.8 -34.7026 2.6
      vertex 16.9196 -34.6227 0
      vertex 16.8 -34.7026 0
    endloop
  endfacet
  facet normal -0.89664 0.44276 0
    outer loop
      vertex 17.2026 -34.3 0
      vertex 17.2663 -34.171 2.6
      vertex 17.2663 -34.171 0
    endloop
  endfacet
  facet normal -0.89664 0.44276 0
    outer loop
      vertex 17.2663 -34.171 2.6
      vertex 17.2026 -34.3 0
      vertex 17.2026 -34.3 2.6
    endloop
  endfacet
  facet normal 0.44276 0.89664 -0
    outer loop
      vertex 15.829 -34.7663 0
      vertex 15.7 -34.7026 2.6
      vertex 15.829 -34.7663 2.6
    endloop
  endfacet
  facet normal 0.44276 0.89664 0
    outer loop
      vertex 15.7 -34.7026 2.6
      vertex 15.829 -34.7663 0
      vertex 15.7 -34.7026 0
    endloop
  endfacet
  facet normal 0.0653198 0.997864 -0
    outer loop
      vertex 16.25 -34.85 0
      vertex 16.1064 -34.8406 2.6
      vertex 16.25 -34.85 2.6
    endloop
  endfacet
  facet normal 0.0653198 0.997864 0
    outer loop
      vertex 16.1064 -34.8406 2.6
      vertex 16.25 -34.85 0
      vertex 16.1064 -34.8406 0
    endloop
  endfacet
  facet normal 0.831515 0.555502 0
    outer loop
      vertex 15.3773 -34.4196 2.6
      vertex 15.2974 -34.3 0
      vertex 15.2974 -34.3 2.6
    endloop
  endfacet
  facet normal 0.831515 0.555502 0
    outer loop
      vertex 15.2974 -34.3 0
      vertex 15.3773 -34.4196 2.6
      vertex 15.3773 -34.4196 0
    endloop
  endfacet
  facet normal 0.980741 0.195314 0
    outer loop
      vertex 15.1875 -34.0347 2.6
      vertex 15.1594 -33.8936 0
      vertex 15.1594 -33.8936 2.6
    endloop
  endfacet
  facet normal 0.980741 0.195314 0
    outer loop
      vertex 15.1594 -33.8936 0
      vertex 15.1875 -34.0347 2.6
      vertex 15.1875 -34.0347 0
    endloop
  endfacet
  facet normal 0 0 -1
    outer loop
      vertex 17.3406 -33.8936 2.6
      vertex 17.3406 -33.6064 2.6
      vertex 17.35 -33.75 2.6
    endloop
  endfacet
  facet normal 0 0 -1
    outer loop
      vertex 17.3125 -34.0347 2.6
      vertex 17.3406 -33.6064 2.6
      vertex 17.3406 -33.8936 2.6
    endloop
  endfacet
  facet normal 0 0 -1
    outer loop
      vertex 17.3125 -34.0347 2.6
      vertex 17.3125 -33.4653 2.6
      vertex 17.3406 -33.6064 2.6
    endloop
  endfacet
  facet normal 0 0 -1
    outer loop
      vertex 17.2663 -34.171 2.6
      vertex 17.3125 -33.4653 2.6
      vertex 17.3125 -34.0347 2.6
    endloop
  endfacet
  facet normal 0 0 -1
    outer loop
      vertex 17.2663 -34.171 2.6
      vertex 17.2663 -33.329 2.6
      vertex 17.3125 -33.4653 2.6
    endloop
  endfacet
  facet normal 0 0 -1
    outer loop
      vertex 17.2026 -34.3 2.6
      vertex 17.2663 -33.329 2.6
      vertex 17.2663 -34.171 2.6
    endloop
  endfacet
  facet normal 0 0 -1
    outer loop
      vertex 17.2026 -34.3 2.6
      vertex 17.2026 -33.2 2.6
      vertex 17.2663 -33.329 2.6
    endloop
  endfacet
  facet normal 0 0 -1
    outer loop
      vertex 17.1227 -34.4196 2.6
      vertex 17.2026 -33.2 2.6
      vertex 17.2026 -34.3 2.6
    endloop
  endfacet
  facet normal 0 0 -1
    outer loop
      vertex 17.1227 -34.4196 2.6
      vertex 17.1227 -33.0804 2.6
      vertex 17.2026 -33.2 2.6
    endloop
  endfacet
  facet normal 0 0 -1
    outer loop
      vertex 17.0278 -34.5278 2.6
      vertex 17.1227 -33.0804 2.6
      vertex 17.1227 -34.4196 2.6
    endloop
  endfacet
  facet normal 0 0 -1
    outer loop
      vertex 17.0278 -34.5278 2.6
      vertex 17.0278 -32.9722 2.6
      vertex 17.1227 -33.0804 2.6
    endloop
  endfacet
  facet normal 0 0 -1
    outer loop
      vertex 16.9196 -34.6227 2.6
      vertex 17.0278 -32.9722 2.6
      vertex 17.0278 -34.5278 2.6
    endloop
  endfacet
  facet normal 0 0 -1
    outer loop
      vertex 16.9196 -34.6227 2.6
      vertex 16.9196 -32.8773 2.6
      vertex 17.0278 -32.9722 2.6
    endloop
  endfacet
  facet normal 0 0 -1
    outer loop
      vertex 16.8 -34.7026 2.6
      vertex 16.9196 -32.8773 2.6
      vertex 16.9196 -34.6227 2.6
    endloop
  endfacet
  facet normal 0 0 -1
    outer loop
      vertex 16.8 -34.7026 2.6
      vertex 16.8 -32.7974 2.6
      vertex 16.9196 -32.8773 2.6
    endloop
  endfacet
  facet normal 0 0 -1
    outer loop
      vertex 16.671 -34.7663 2.6
      vertex 16.8 -32.7974 2.6
      vertex 16.8 -34.7026 2.6
    endloop
  endfacet
  facet normal 0 0 -1
    outer loop
      vertex 16.671 -34.7663 2.6
      vertex 16.671 -32.7337 2.6
      vertex 16.8 -32.7974 2.6
    endloop
  endfacet
  facet normal 0 0 -1
    outer loop
      vertex 16.5347 -34.8125 2.6
      vertex 16.671 -32.7337 2.6
      vertex 16.671 -34.7663 2.6
    endloop
  endfacet
  facet normal 0 0 -1
    outer loop
      vertex 16.5347 -34.8125 2.6
      vertex 16.5347 -32.6875 2.6
      vertex 16.671 -32.7337 2.6
    endloop
  endfacet
  facet normal 0 0 -1
    outer loop
      vertex 16.3936 -34.8406 2.6
      vertex 16.5347 -32.6875 2.6
      vertex 16.5347 -34.8125 2.6
    endloop
  endfacet
  facet normal 0 0 -1
    outer loop
      vertex 16.3936 -34.8406 2.6
      vertex 16.3936 -32.6594 2.6
      vertex 16.5347 -32.6875 2.6
    endloop
  endfacet
  facet normal 0 0 -1
    outer loop
      vertex 16.25 -34.85 2.6
      vertex 16.3936 -32.6594 2.6
      vertex 16.3936 -34.8406 2.6
    endloop
  endfacet
  facet normal 0 0 -1
    outer loop
      vertex 16.25 -34.85 2.6
      vertex 16.25 -32.65 2.6
      vertex 16.3936 -32.6594 2.6
    endloop
  endfacet
  facet normal 0 0 -1
    outer loop
      vertex 16.1064 -34.8406 2.6
      vertex 16.25 -32.65 2.6
      vertex 16.25 -34.85 2.6
    endloop
  endfacet
  facet normal 0 0 -1
    outer loop
      vertex 16.1064 -34.8406 2.6
      vertex 16.1064 -32.6594 2.6
      vertex 16.25 -32.65 2.6
    endloop
  endfacet
  facet normal 0 0 -1
    outer loop
      vertex 15.9653 -34.8125 2.6
      vertex 16.1064 -32.6594 2.6
      vertex 16.1064 -34.8406 2.6
    endloop
  endfacet
  facet normal 0 0 -1
    outer loop
      vertex 15.9653 -34.8125 2.6
      vertex 15.9653 -32.6875 2.6
      vertex 16.1064 -32.6594 2.6
    endloop
  endfacet
  facet normal 0 0 -1
    outer loop
      vertex 15.829 -34.7663 2.6
      vertex 15.9653 -32.6875 2.6
      vertex 15.9653 -34.8125 2.6
    endloop
  endfacet
  facet normal 0 0 -1
    outer loop
      vertex 15.829 -34.7663 2.6
      vertex 15.829 -32.7337 2.6
      vertex 15.9653 -32.6875 2.6
    endloop
  endfacet
  facet normal 0 0 -1
    outer loop
      vertex 15.7 -34.7026 2.6
      vertex 15.829 -32.7337 2.6
      vertex 15.829 -34.7663 2.6
    endloop
  endfacet
  facet normal 0 0 -1
    outer loop
      vertex 15.7 -34.7026 2.6
      vertex 15.7 -32.7974 2.6
      vertex 15.829 -32.7337 2.6
    endloop
  endfacet
  facet normal 0 0 -1
    outer loop
      vertex 15.5804 -34.6227 2.6
      vertex 15.7 -32.7974 2.6
      vertex 15.7 -34.7026 2.6
    endloop
  endfacet
  facet normal 0 0 -1
    outer loop
      vertex 15.5804 -34.6227 2.6
      vertex 15.5804 -32.8773 2.6
      vertex 15.7 -32.7974 2.6
    endloop
  endfacet
  facet normal 0 0 -1
    outer loop
      vertex 15.4722 -34.5278 2.6
      vertex 15.5804 -32.8773 2.6
      vertex 15.5804 -34.6227 2.6
    endloop
  endfacet
  facet normal 0 0 -1
    outer loop
      vertex 15.4722 -34.5278 2.6
      vertex 15.4722 -32.9722 2.6
      vertex 15.5804 -32.8773 2.6
    endloop
  endfacet
  facet normal 0 0 -1
    outer loop
      vertex 15.3773 -34.4196 2.6
      vertex 15.4722 -32.9722 2.6
      vertex 15.4722 -34.5278 2.6
    endloop
  endfacet
  facet normal 0 0 -1
    outer loop
      vertex 15.3773 -34.4196 2.6
      vertex 15.3773 -33.0804 2.6
      vertex 15.4722 -32.9722 2.6
    endloop
  endfacet
  facet normal 0 0 -1
    outer loop
      vertex 15.2974 -34.3 2.6
      vertex 15.3773 -33.0804 2.6
      vertex 15.3773 -34.4196 2.6
    endloop
  endfacet
  facet normal 0 0 -1
    outer loop
      vertex 15.2974 -34.3 2.6
      vertex 15.2974 -33.2 2.6
      vertex 15.3773 -33.0804 2.6
    endloop
  endfacet
  facet normal 0 0 -1
    outer loop
      vertex 15.2337 -34.171 2.6
      vertex 15.2974 -33.2 2.6
      vertex 15.2974 -34.3 2.6
    endloop
  endfacet
  facet normal 0 0 -1
    outer loop
      vertex 15.2337 -34.171 2.6
      vertex 15.2337 -33.329 2.6
      vertex 15.2974 -33.2 2.6
    endloop
  endfacet
  facet normal 0 0 -1
    outer loop
      vertex 15.1875 -34.0347 2.6
      vertex 15.2337 -33.329 2.6
      vertex 15.2337 -34.171 2.6
    endloop
  endfacet
  facet normal 0 0 -1
    outer loop
      vertex 15.1875 -34.0347 2.6
      vertex 15.1875 -33.4653 2.6
      vertex 15.2337 -33.329 2.6
    endloop
  endfacet
  facet normal 0 0 -1
    outer loop
      vertex 15.1594 -33.8936 2.6
      vertex 15.1875 -33.4653 2.6
      vertex 15.1875 -34.0347 2.6
    endloop
  endfacet
  facet normal 0 0 -1
    outer loop
      vertex 15.1594 -33.8936 2.6
      vertex 15.1594 -33.6064 2.6
      vertex 15.1875 -33.4653 2.6
    endloop
  endfacet
  facet normal 0 -0 -1
    outer loop
      vertex 15.1594 -33.6064 2.6
      vertex 15.1594 -33.8936 2.6
      vertex 15.15 -33.75 2.6
    endloop
  endfacet
  facet normal -0.947073 0.321018 0
    outer loop
      vertex 17.2663 -34.171 0
      vertex 17.3125 -34.0347 2.6
      vertex 17.3125 -34.0347 0
    endloop
  endfacet
  facet normal -0.947073 0.321018 0
    outer loop
      vertex 17.3125 -34.0347 2.6
      vertex 17.2663 -34.171 0
      vertex 17.2663 -34.171 2.6
    endloop
  endfacet
  facet normal -0.997864 -0.0653198 0
    outer loop
      vertex 17.35 -10.25 0
      vertex 17.3406 -10.1064 2.6
      vertex 17.3406 -10.1064 0
    endloop
  endfacet
  facet normal -0.997864 -0.0653198 0
    outer loop
      vertex 17.3406 -10.1064 2.6
      vertex 17.35 -10.25 0
      vertex 17.35 -10.25 2.6
    endloop
  endfacet
  facet normal 0.065389 -0.99786 0
    outer loop
      vertex 16.1064 -9.15941 0
      vertex 16.25 -9.15 2.6
      vertex 16.1064 -9.15941 2.6
    endloop
  endfacet
  facet normal 0.065389 -0.99786 0
    outer loop
      vertex 16.25 -9.15 2.6
      vertex 16.1064 -9.15941 0
      vertex 16.25 -9.15 0
    endloop
  endfacet
  facet normal -0.0653198 0.997864 0
    outer loop
      vertex 16.3936 -11.3406 0
      vertex 16.25 -11.35 2.6
      vertex 16.3936 -11.3406 2.6
    endloop
  endfacet
  facet normal -0.0653198 0.997864 0
    outer loop
      vertex 16.25 -11.35 2.6
      vertex 16.3936 -11.3406 0
      vertex 16.25 -11.35 0
    endloop
  endfacet
  facet normal -0.659272 -0.751905 0
    outer loop
      vertex 16.9196 -9.37731 0
      vertex 17.0278 -9.47218 2.6
      vertex 16.9196 -9.37731 2.6
    endloop
  endfacet
  facet normal -0.659272 -0.751905 -0
    outer loop
      vertex 17.0278 -9.47218 2.6
      vertex 16.9196 -9.37731 0
      vertex 17.0278 -9.47218 0
    endloop
  endfacet
  facet normal 0.751741 -0.659458 0
    outer loop
      vertex 15.3773 -9.58036 2.6
      vertex 15.4722 -9.47218 0
      vertex 15.4722 -9.47218 2.6
    endloop
  endfacet
  facet normal 0.751741 -0.659458 0
    outer loop
      vertex 15.4722 -9.47218 0
      vertex 15.3773 -9.58036 2.6
      vertex 15.3773 -9.58036 0
    endloop
  endfacet
  facet normal 0.442424 -0.896806 0
    outer loop
      vertex 15.7 -9.29737 0
      vertex 15.829 -9.23373 2.6
      vertex 15.7 -9.29737 2.6
    endloop
  endfacet
  facet normal 0.442424 -0.896806 0
    outer loop
      vertex 15.829 -9.23373 2.6
      vertex 15.7 -9.29737 0
      vertex 15.829 -9.23373 0
    endloop
  endfacet
  facet normal -0.947073 0.321018 0
    outer loop
      vertex 17.2663 -10.671 0
      vertex 17.3125 -10.5347 2.6
      vertex 17.3125 -10.5347 0
    endloop
  endfacet
  facet normal -0.947073 0.321018 0
    outer loop
      vertex 17.3125 -10.5347 2.6
      vertex 17.2663 -10.671 0
      vertex 17.2663 -10.671 2.6
    endloop
  endfacet
  facet normal -0.896708 -0.442622 0
    outer loop
      vertex 17.2663 -9.82905 0
      vertex 17.2026 -9.7 2.6
      vertex 17.2026 -9.7 0
    endloop
  endfacet
  facet normal -0.896708 -0.442622 0
    outer loop
      vertex 17.2026 -9.7 2.6
      vertex 17.2663 -9.82905 0
      vertex 17.2663 -9.82905 2.6
    endloop
  endfacet
  facet normal -0.980741 -0.195314 0
    outer loop
      vertex 17.3406 -10.1064 0
      vertex 17.3125 -9.9653 2.6
      vertex 17.3125 -9.9653 0
    endloop
  endfacet
  facet normal -0.980741 -0.195314 0
    outer loop
      vertex 17.3125 -9.9653 2.6
      vertex 17.3406 -10.1064 0
      vertex 17.3406 -10.1064 2.6
    endloop
  endfacet
  facet normal -0.831601 -0.555374 0
    outer loop
      vertex 17.2026 -9.7 0
      vertex 17.1227 -9.58036 2.6
      vertex 17.1227 -9.58036 0
    endloop
  endfacet
  facet normal -0.831601 -0.555374 0
    outer loop
      vertex 17.1227 -9.58036 2.6
      vertex 17.2026 -9.7 0
      vertex 17.2026 -9.7 2.6
    endloop
  endfacet
  facet normal -0.32133 -0.946967 0
    outer loop
      vertex 16.5347 -9.18748 0
      vertex 16.671 -9.23373 2.6
      vertex 16.5347 -9.18748 2.6
    endloop
  endfacet
  facet normal -0.32133 -0.946967 -0
    outer loop
      vertex 16.671 -9.23373 2.6
      vertex 16.5347 -9.18748 0
      vertex 16.671 -9.23373 0
    endloop
  endfacet
  facet normal -0.555694 -0.831387 0
    outer loop
      vertex 16.8 -9.29737 0
      vertex 16.9196 -9.37731 2.6
      vertex 16.8 -9.29737 2.6
    endloop
  endfacet
  facet normal -0.555694 -0.831387 -0
    outer loop
      vertex 16.9196 -9.37731 2.6
      vertex 16.8 -9.29737 0
      vertex 16.9196 -9.37731 0
    endloop
  endfacet
  facet normal 0.947037 -0.321124 0
    outer loop
      vertex 15.1875 -9.9653 2.6
      vertex 15.2337 -9.82905 0
      vertex 15.2337 -9.82905 2.6
    endloop
  endfacet
  facet normal 0.947037 -0.321124 0
    outer loop
      vertex 15.2337 -9.82905 0
      vertex 15.1875 -9.9653 2.6
      vertex 15.1875 -9.9653 0
    endloop
  endfacet
  facet normal 0.831601 -0.555374 0
    outer loop
      vertex 15.2974 -9.7 2.6
      vertex 15.3773 -9.58036 0
      vertex 15.3773 -9.58036 2.6
    endloop
  endfacet
  facet normal 0.831601 -0.555374 0
    outer loop
      vertex 15.3773 -9.58036 0
      vertex 15.2974 -9.7 2.6
      vertex 15.2974 -9.7 0
    endloop
  endfacet
  facet normal 0.555694 -0.831387 0
    outer loop
      vertex 15.5804 -9.37731 0
      vertex 15.7 -9.29737 2.6
      vertex 15.5804 -9.37731 2.6
    endloop
  endfacet
  facet normal 0.555694 -0.831387 0
    outer loop
      vertex 15.7 -9.29737 2.6
      vertex 15.5804 -9.37731 0
      vertex 15.7 -9.29737 0
    endloop
  endfacet
  facet normal 0.195113 -0.980781 0
    outer loop
      vertex 15.9653 -9.18748 0
      vertex 16.1064 -9.15941 2.6
      vertex 15.9653 -9.18748 2.6
    endloop
  endfacet
  facet normal 0.195113 -0.980781 0
    outer loop
      vertex 16.1064 -9.15941 2.6
      vertex 15.9653 -9.18748 0
      vertex 16.1064 -9.15941 0
    endloop
  endfacet
  facet normal -0.195314 0.980741 0
    outer loop
      vertex 16.5347 -11.3125 0
      vertex 16.3936 -11.3406 2.6
      vertex 16.5347 -11.3125 2.6
    endloop
  endfacet
  facet normal -0.195314 0.980741 0
    outer loop
      vertex 16.3936 -11.3406 2.6
      vertex 16.5347 -11.3125 0
      vertex 16.3936 -11.3406 0
    endloop
  endfacet
  facet normal -0.44276 0.89664 0
    outer loop
      vertex 16.8 -11.2026 0
      vertex 16.671 -11.2663 2.6
      vertex 16.8 -11.2026 2.6
    endloop
  endfacet
  facet normal -0.44276 0.89664 0
    outer loop
      vertex 16.671 -11.2663 2.6
      vertex 16.8 -11.2026 0
      vertex 16.671 -11.2663 0
    endloop
  endfacet
  facet normal -0.947037 -0.321124 0
    outer loop
      vertex 17.3125 -9.9653 0
      vertex 17.2663 -9.82905 2.6
      vertex 17.2663 -9.82905 0
    endloop
  endfacet
  facet normal -0.947037 -0.321124 0
    outer loop
      vertex 17.2663 -9.82905 2.6
      vertex 17.3125 -9.9653 0
      vertex 17.3125 -9.9653 2.6
    endloop
  endfacet
  facet normal -0.751741 -0.659458 0
    outer loop
      vertex 17.1227 -9.58036 0
      vertex 17.0278 -9.47218 2.6
      vertex 17.0278 -9.47218 0
    endloop
  endfacet
  facet normal -0.751741 -0.659458 0
    outer loop
      vertex 17.0278 -9.47218 2.6
      vertex 17.1227 -9.58036 0
      vertex 17.1227 -9.58036 2.6
    endloop
  endfacet
  facet normal -0.195113 -0.980781 0
    outer loop
      vertex 16.3936 -9.15941 0
      vertex 16.5347 -9.18748 2.6
      vertex 16.3936 -9.15941 2.6
    endloop
  endfacet
  facet normal -0.195113 -0.980781 -0
    outer loop
      vertex 16.5347 -9.18748 2.6
      vertex 16.3936 -9.15941 0
      vertex 16.5347 -9.18748 0
    endloop
  endfacet
  facet normal -0.065389 -0.99786 0
    outer loop
      vertex 16.25 -9.15 0
      vertex 16.3936 -9.15941 2.6
      vertex 16.25 -9.15 2.6
    endloop
  endfacet
  facet normal -0.065389 -0.99786 -0
    outer loop
      vertex 16.3936 -9.15941 2.6
      vertex 16.25 -9.15 0
      vertex 16.3936 -9.15941 0
    endloop
  endfacet
  facet normal -0.442424 -0.896806 0
    outer loop
      vertex 16.671 -9.23373 0
      vertex 16.8 -9.29737 2.6
      vertex 16.671 -9.23373 2.6
    endloop
  endfacet
  facet normal -0.442424 -0.896806 -0
    outer loop
      vertex 16.8 -9.29737 2.6
      vertex 16.671 -9.23373 0
      vertex 16.8 -9.29737 0
    endloop
  endfacet
  facet normal 0.896708 -0.442622 0
    outer loop
      vertex 15.2337 -9.82905 2.6
      vertex 15.2974 -9.7 0
      vertex 15.2974 -9.7 2.6
    endloop
  endfacet
  facet normal 0.896708 -0.442622 0
    outer loop
      vertex 15.2974 -9.7 0
      vertex 15.2337 -9.82905 2.6
      vertex 15.2337 -9.82905 0
    endloop
  endfacet
  facet normal 0.980741 -0.195314 0
    outer loop
      vertex 15.1594 -10.1064 2.6
      vertex 15.1875 -9.9653 0
      vertex 15.1875 -9.9653 2.6
    endloop
  endfacet
  facet normal 0.980741 -0.195314 0
    outer loop
      vertex 15.1875 -9.9653 0
      vertex 15.1594 -10.1064 2.6
      vertex 15.1594 -10.1064 0
    endloop
  endfacet
  facet normal 0.997864 -0.0653198 0
    outer loop
      vertex 15.15 -10.25 2.6
      vertex 15.1594 -10.1064 0
      vertex 15.1594 -10.1064 2.6
    endloop
  endfacet
  facet normal 0.997864 -0.0653198 0
    outer loop
      vertex 15.1594 -10.1064 0
      vertex 15.15 -10.25 2.6
      vertex 15.15 -10.25 0
    endloop
  endfacet
  facet normal 0.997864 0.0653198 0
    outer loop
      vertex 15.1594 -10.3936 2.6
      vertex 15.15 -10.25 0
      vertex 15.15 -10.25 2.6
    endloop
  endfacet
  facet normal 0.997864 0.0653198 0
    outer loop
      vertex 15.15 -10.25 0
      vertex 15.1594 -10.3936 2.6
      vertex 15.1594 -10.3936 0
    endloop
  endfacet
  facet normal 0.659272 -0.751905 0
    outer loop
      vertex 15.4722 -9.47218 0
      vertex 15.5804 -9.37731 2.6
      vertex 15.4722 -9.47218 2.6
    endloop
  endfacet
  facet normal 0.659272 -0.751905 0
    outer loop
      vertex 15.5804 -9.37731 2.6
      vertex 15.4722 -9.47218 0
      vertex 15.5804 -9.37731 0
    endloop
  endfacet
  facet normal 0.32133 -0.946967 0
    outer loop
      vertex 15.829 -9.23373 0
      vertex 15.9653 -9.18748 2.6
      vertex 15.829 -9.23373 2.6
    endloop
  endfacet
  facet normal 0.32133 -0.946967 0
    outer loop
      vertex 15.9653 -9.18748 2.6
      vertex 15.829 -9.23373 0
      vertex 15.9653 -9.18748 0
    endloop
  endfacet
  facet normal -0.997864 0.0653198 0
    outer loop
      vertex 17.3406 -10.3936 0
      vertex 17.35 -10.25 2.6
      vertex 17.35 -10.25 0
    endloop
  endfacet
  facet normal -0.997864 0.0653198 0
    outer loop
      vertex 17.35 -10.25 2.6
      vertex 17.3406 -10.3936 0
      vertex 17.3406 -10.3936 2.6
    endloop
  endfacet
  facet normal -0.831515 0.555502 0
    outer loop
      vertex 17.1227 -10.9196 0
      vertex 17.2026 -10.8 2.6
      vertex 17.2026 -10.8 0
    endloop
  endfacet
  facet normal -0.831515 0.555502 0
    outer loop
      vertex 17.2026 -10.8 2.6
      vertex 17.1227 -10.9196 0
      vertex 17.1227 -10.9196 2.6
    endloop
  endfacet
  facet normal -0.980741 0.195314 0
    outer loop
      vertex 17.3125 -10.5347 0
      vertex 17.3406 -10.3936 2.6
      vertex 17.3406 -10.3936 0
    endloop
  endfacet
  facet normal -0.980741 0.195314 0
    outer loop
      vertex 17.3406 -10.3936 2.6
      vertex 17.3125 -10.5347 0
      vertex 17.3125 -10.5347 2.6
    endloop
  endfacet
  facet normal 0.555502 0.831515 -0
    outer loop
      vertex 15.7 -11.2026 0
      vertex 15.5804 -11.1227 2.6
      vertex 15.7 -11.2026 2.6
    endloop
  endfacet
  facet normal 0.555502 0.831515 0
    outer loop
      vertex 15.5804 -11.1227 2.6
      vertex 15.7 -11.2026 0
      vertex 15.5804 -11.1227 0
    endloop
  endfacet
  facet normal 0.831515 0.555502 0
    outer loop
      vertex 15.3773 -10.9196 2.6
      vertex 15.2974 -10.8 0
      vertex 15.2974 -10.8 2.6
    endloop
  endfacet
  facet normal 0.831515 0.555502 0
    outer loop
      vertex 15.2974 -10.8 0
      vertex 15.3773 -10.9196 2.6
      vertex 15.3773 -10.9196 0
    endloop
  endfacet
  facet normal 0.751801 0.65939 0
    outer loop
      vertex 15.4722 -11.0278 2.6
      vertex 15.3773 -10.9196 0
      vertex 15.3773 -10.9196 2.6
    endloop
  endfacet
  facet normal 0.751801 0.65939 0
    outer loop
      vertex 15.3773 -10.9196 0
      vertex 15.4722 -11.0278 2.6
      vertex 15.4722 -11.0278 0
    endloop
  endfacet
  facet normal -0.555502 0.831515 0
    outer loop
      vertex 16.9196 -11.1227 0
      vertex 16.8 -11.2026 2.6
      vertex 16.9196 -11.1227 2.6
    endloop
  endfacet
  facet normal -0.555502 0.831515 0
    outer loop
      vertex 16.8 -11.2026 2.6
      vertex 16.9196 -11.1227 0
      vertex 16.8 -11.2026 0
    endloop
  endfacet
  facet normal 0 0 -1
    outer loop
      vertex 17.3406 -10.3936 2.6
      vertex 17.3406 -10.1064 2.6
      vertex 17.35 -10.25 2.6
    endloop
  endfacet
  facet normal 0 0 -1
    outer loop
      vertex 17.3125 -10.5347 2.6
      vertex 17.3406 -10.1064 2.6
      vertex 17.3406 -10.3936 2.6
    endloop
  endfacet
  facet normal 0 0 -1
    outer loop
      vertex 17.3125 -10.5347 2.6
      vertex 17.3125 -9.9653 2.6
      vertex 17.3406 -10.1064 2.6
    endloop
  endfacet
  facet normal 0 0 -1
    outer loop
      vertex 17.2663 -10.671 2.6
      vertex 17.3125 -9.9653 2.6
      vertex 17.3125 -10.5347 2.6
    endloop
  endfacet
  facet normal 0 0 -1
    outer loop
      vertex 17.2663 -10.671 2.6
      vertex 17.2663 -9.82905 2.6
      vertex 17.3125 -9.9653 2.6
    endloop
  endfacet
  facet normal 0 0 -1
    outer loop
      vertex 17.2026 -10.8 2.6
      vertex 17.2663 -9.82905 2.6
      vertex 17.2663 -10.671 2.6
    endloop
  endfacet
  facet normal 0 0 -1
    outer loop
      vertex 17.2026 -10.8 2.6
      vertex 17.2026 -9.7 2.6
      vertex 17.2663 -9.82905 2.6
    endloop
  endfacet
  facet normal 0 0 -1
    outer loop
      vertex 17.1227 -10.9196 2.6
      vertex 17.2026 -9.7 2.6
      vertex 17.2026 -10.8 2.6
    endloop
  endfacet
  facet normal 0 0 -1
    outer loop
      vertex 17.1227 -10.9196 2.6
      vertex 17.1227 -9.58036 2.6
      vertex 17.2026 -9.7 2.6
    endloop
  endfacet
  facet normal 0 0 -1
    outer loop
      vertex 17.0278 -11.0278 2.6
      vertex 17.1227 -9.58036 2.6
      vertex 17.1227 -10.9196 2.6
    endloop
  endfacet
  facet normal 0 0 -1
    outer loop
      vertex 17.0278 -11.0278 2.6
      vertex 17.0278 -9.47218 2.6
      vertex 17.1227 -9.58036 2.6
    endloop
  endfacet
  facet normal 0 0 -1
    outer loop
      vertex 16.9196 -11.1227 2.6
      vertex 17.0278 -9.47218 2.6
      vertex 17.0278 -11.0278 2.6
    endloop
  endfacet
  facet normal 0 0 -1
    outer loop
      vertex 16.9196 -11.1227 2.6
      vertex 16.9196 -9.37731 2.6
      vertex 17.0278 -9.47218 2.6
    endloop
  endfacet
  facet normal 0 0 -1
    outer loop
      vertex 16.8 -11.2026 2.6
      vertex 16.9196 -9.37731 2.6
      vertex 16.9196 -11.1227 2.6
    endloop
  endfacet
  facet normal 0 0 -1
    outer loop
      vertex 16.8 -11.2026 2.6
      vertex 16.8 -9.29737 2.6
      vertex 16.9196 -9.37731 2.6
    endloop
  endfacet
  facet normal 0 0 -1
    outer loop
      vertex 16.671 -11.2663 2.6
      vertex 16.8 -9.29737 2.6
      vertex 16.8 -11.2026 2.6
    endloop
  endfacet
  facet normal 0 0 -1
    outer loop
      vertex 16.671 -11.2663 2.6
      vertex 16.671 -9.23373 2.6
      vertex 16.8 -9.29737 2.6
    endloop
  endfacet
  facet normal 0 0 -1
    outer loop
      vertex 16.5347 -11.3125 2.6
      vertex 16.671 -9.23373 2.6
      vertex 16.671 -11.2663 2.6
    endloop
  endfacet
  facet normal 0 0 -1
    outer loop
      vertex 16.5347 -11.3125 2.6
      vertex 16.5347 -9.18748 2.6
      vertex 16.671 -9.23373 2.6
    endloop
  endfacet
  facet normal 0 0 -1
    outer loop
      vertex 16.3936 -11.3406 2.6
      vertex 16.5347 -9.18748 2.6
      vertex 16.5347 -11.3125 2.6
    endloop
  endfacet
  facet normal 0 0 -1
    outer loop
      vertex 16.3936 -11.3406 2.6
      vertex 16.3936 -9.15941 2.6
      vertex 16.5347 -9.18748 2.6
    endloop
  endfacet
  facet normal 0 0 -1
    outer loop
      vertex 16.25 -11.35 2.6
      vertex 16.3936 -9.15941 2.6
      vertex 16.3936 -11.3406 2.6
    endloop
  endfacet
  facet normal 0 0 -1
    outer loop
      vertex 16.25 -11.35 2.6
      vertex 16.25 -9.15 2.6
      vertex 16.3936 -9.15941 2.6
    endloop
  endfacet
  facet normal 0 0 -1
    outer loop
      vertex 16.1064 -11.3406 2.6
      vertex 16.25 -9.15 2.6
      vertex 16.25 -11.35 2.6
    endloop
  endfacet
  facet normal 0 0 -1
    outer loop
      vertex 16.1064 -11.3406 2.6
      vertex 16.1064 -9.15941 2.6
      vertex 16.25 -9.15 2.6
    endloop
  endfacet
  facet normal 0 0 -1
    outer loop
      vertex 15.9653 -11.3125 2.6
      vertex 16.1064 -9.15941 2.6
      vertex 16.1064 -11.3406 2.6
    endloop
  endfacet
  facet normal 0 0 -1
    outer loop
      vertex 15.9653 -11.3125 2.6
      vertex 15.9653 -9.18748 2.6
      vertex 16.1064 -9.15941 2.6
    endloop
  endfacet
  facet normal 0 0 -1
    outer loop
      vertex 15.829 -11.2663 2.6
      vertex 15.9653 -9.18748 2.6
      vertex 15.9653 -11.3125 2.6
    endloop
  endfacet
  facet normal 0 0 -1
    outer loop
      vertex 15.829 -11.2663 2.6
      vertex 15.829 -9.23373 2.6
      vertex 15.9653 -9.18748 2.6
    endloop
  endfacet
  facet normal 0 0 -1
    outer loop
      vertex 15.7 -11.2026 2.6
      vertex 15.829 -9.23373 2.6
      vertex 15.829 -11.2663 2.6
    endloop
  endfacet
  facet normal 0 0 -1
    outer loop
      vertex 15.7 -11.2026 2.6
      vertex 15.7 -9.29737 2.6
      vertex 15.829 -9.23373 2.6
    endloop
  endfacet
  facet normal 0 0 -1
    outer loop
      vertex 15.5804 -11.1227 2.6
      vertex 15.7 -9.29737 2.6
      vertex 15.7 -11.2026 2.6
    endloop
  endfacet
  facet normal 0 0 -1
    outer loop
      vertex 15.5804 -11.1227 2.6
      vertex 15.5804 -9.37731 2.6
      vertex 15.7 -9.29737 2.6
    endloop
  endfacet
  facet normal 0 0 -1
    outer loop
      vertex 15.4722 -11.0278 2.6
      vertex 15.5804 -9.37731 2.6
      vertex 15.5804 -11.1227 2.6
    endloop
  endfacet
  facet normal 0 0 -1
    outer loop
      vertex 15.4722 -11.0278 2.6
      vertex 15.4722 -9.47218 2.6
      vertex 15.5804 -9.37731 2.6
    endloop
  endfacet
  facet normal 0 0 -1
    outer loop
      vertex 15.3773 -10.9196 2.6
      vertex 15.4722 -9.47218 2.6
      vertex 15.4722 -11.0278 2.6
    endloop
  endfacet
  facet normal 0 0 -1
    outer loop
      vertex 15.3773 -10.9196 2.6
      vertex 15.3773 -9.58036 2.6
      vertex 15.4722 -9.47218 2.6
    endloop
  endfacet
  facet normal 0 0 -1
    outer loop
      vertex 15.2974 -10.8 2.6
      vertex 15.3773 -9.58036 2.6
      vertex 15.3773 -10.9196 2.6
    endloop
  endfacet
  facet normal 0 0 -1
    outer loop
      vertex 15.2974 -10.8 2.6
      vertex 15.2974 -9.7 2.6
      vertex 15.3773 -9.58036 2.6
    endloop
  endfacet
  facet normal 0 0 -1
    outer loop
      vertex 15.2337 -10.671 2.6
      vertex 15.2974 -9.7 2.6
      vertex 15.2974 -10.8 2.6
    endloop
  endfacet
  facet normal 0 0 -1
    outer loop
      vertex 15.2337 -10.671 2.6
      vertex 15.2337 -9.82905 2.6
      vertex 15.2974 -9.7 2.6
    endloop
  endfacet
  facet normal 0 0 -1
    outer loop
      vertex 15.1875 -10.5347 2.6
      vertex 15.2337 -9.82905 2.6
      vertex 15.2337 -10.671 2.6
    endloop
  endfacet
  facet normal 0 0 -1
    outer loop
      vertex 15.1875 -10.5347 2.6
      vertex 15.1875 -9.9653 2.6
      vertex 15.2337 -9.82905 2.6
    endloop
  endfacet
  facet normal 0 0 -1
    outer loop
      vertex 15.1594 -10.3936 2.6
      vertex 15.1875 -9.9653 2.6
      vertex 15.1875 -10.5347 2.6
    endloop
  endfacet
  facet normal 0 0 -1
    outer loop
      vertex 15.1594 -10.3936 2.6
      vertex 15.1594 -10.1064 2.6
      vertex 15.1875 -9.9653 2.6
    endloop
  endfacet
  facet normal 0 -0 -1
    outer loop
      vertex 15.1594 -10.1064 2.6
      vertex 15.1594 -10.3936 2.6
      vertex 15.15 -10.25 2.6
    endloop
  endfacet
  facet normal -0.89664 0.44276 0
    outer loop
      vertex 17.2026 -10.8 0
      vertex 17.2663 -10.671 2.6
      vertex 17.2663 -10.671 0
    endloop
  endfacet
  facet normal -0.89664 0.44276 0
    outer loop
      vertex 17.2663 -10.671 2.6
      vertex 17.2026 -10.8 0
      vertex 17.2026 -10.8 2.6
    endloop
  endfacet
  facet normal 0.195314 0.980741 -0
    outer loop
      vertex 16.1064 -11.3406 0
      vertex 15.9653 -11.3125 2.6
      vertex 16.1064 -11.3406 2.6
    endloop
  endfacet
  facet normal 0.195314 0.980741 0
    outer loop
      vertex 15.9653 -11.3125 2.6
      vertex 16.1064 -11.3406 0
      vertex 15.9653 -11.3125 0
    endloop
  endfacet
  facet normal 0.65939 0.751801 -0
    outer loop
      vertex 15.5804 -11.1227 0
      vertex 15.4722 -11.0278 2.6
      vertex 15.5804 -11.1227 2.6
    endloop
  endfacet
  facet normal 0.65939 0.751801 0
    outer loop
      vertex 15.4722 -11.0278 2.6
      vertex 15.5804 -11.1227 0
      vertex 15.4722 -11.0278 0
    endloop
  endfacet
  facet normal 0.947073 0.321018 0
    outer loop
      vertex 15.2337 -10.671 2.6
      vertex 15.1875 -10.5347 0
      vertex 15.1875 -10.5347 2.6
    endloop
  endfacet
  facet normal 0.947073 0.321018 0
    outer loop
      vertex 15.1875 -10.5347 0
      vertex 15.2337 -10.671 2.6
      vertex 15.2337 -10.671 0
    endloop
  endfacet
  facet normal 0.980741 0.195314 0
    outer loop
      vertex 15.1875 -10.5347 2.6
      vertex 15.1594 -10.3936 0
      vertex 15.1594 -10.3936 2.6
    endloop
  endfacet
  facet normal 0.980741 0.195314 0
    outer loop
      vertex 15.1594 -10.3936 0
      vertex 15.1875 -10.5347 2.6
      vertex 15.1875 -10.5347 0
    endloop
  endfacet
  facet normal 0.89664 0.44276 0
    outer loop
      vertex 15.2974 -10.8 2.6
      vertex 15.2337 -10.671 0
      vertex 15.2337 -10.671 2.6
    endloop
  endfacet
  facet normal 0.89664 0.44276 0
    outer loop
      vertex 15.2337 -10.671 0
      vertex 15.2974 -10.8 2.6
      vertex 15.2974 -10.8 0
    endloop
  endfacet
  facet normal -0.65939 0.751801 0
    outer loop
      vertex 17.0278 -11.0278 0
      vertex 16.9196 -11.1227 2.6
      vertex 17.0278 -11.0278 2.6
    endloop
  endfacet
  facet normal -0.65939 0.751801 0
    outer loop
      vertex 16.9196 -11.1227 2.6
      vertex 17.0278 -11.0278 0
      vertex 16.9196 -11.1227 0
    endloop
  endfacet
  facet normal -0.321018 0.947073 0
    outer loop
      vertex 16.671 -11.2663 0
      vertex 16.5347 -11.3125 2.6
      vertex 16.671 -11.2663 2.6
    endloop
  endfacet
  facet normal -0.321018 0.947073 0
    outer loop
      vertex 16.5347 -11.3125 2.6
      vertex 16.671 -11.2663 0
      vertex 16.5347 -11.3125 0
    endloop
  endfacet
  facet normal 0.0653198 0.997864 -0
    outer loop
      vertex 16.25 -11.35 0
      vertex 16.1064 -11.3406 2.6
      vertex 16.25 -11.35 2.6
    endloop
  endfacet
  facet normal 0.0653198 0.997864 0
    outer loop
      vertex 16.1064 -11.3406 2.6
      vertex 16.25 -11.35 0
      vertex 16.1064 -11.3406 0
    endloop
  endfacet
  facet normal 0.44276 0.89664 -0
    outer loop
      vertex 15.829 -11.2663 0
      vertex 15.7 -11.2026 2.6
      vertex 15.829 -11.2663 2.6
    endloop
  endfacet
  facet normal 0.44276 0.89664 0
    outer loop
      vertex 15.7 -11.2026 2.6
      vertex 15.829 -11.2663 0
      vertex 15.7 -11.2026 0
    endloop
  endfacet
  facet normal -0.751801 0.65939 0
    outer loop
      vertex 17.0278 -11.0278 0
      vertex 17.1227 -10.9196 2.6
      vertex 17.1227 -10.9196 0
    endloop
  endfacet
  facet normal -0.751801 0.65939 0
    outer loop
      vertex 17.1227 -10.9196 2.6
      vertex 17.0278 -11.0278 0
      vertex 17.0278 -11.0278 2.6
    endloop
  endfacet
  facet normal 0.321018 0.947073 -0
    outer loop
      vertex 15.9653 -11.3125 0
      vertex 15.829 -11.2663 2.6
      vertex 15.9653 -11.3125 2.6
    endloop
  endfacet
  facet normal 0.321018 0.947073 0
    outer loop
      vertex 15.829 -11.2663 2.6
      vertex 15.9653 -11.3125 0
      vertex 15.829 -11.2663 0
    endloop
  endfacet
  facet normal -0.555502 -0.831515 0
    outer loop
      vertex 40.3 -32.7974 0
      vertex 40.4196 -32.8773 2.6
      vertex 40.3 -32.7974 2.6
    endloop
  endfacet
  facet normal -0.555502 -0.831515 -0
    outer loop
      vertex 40.4196 -32.8773 2.6
      vertex 40.3 -32.7974 0
      vertex 40.4196 -32.8773 0
    endloop
  endfacet
  facet normal 0.321018 0.947073 -0
    outer loop
      vertex 39.4653 -34.8125 0
      vertex 39.329 -34.7663 2.6
      vertex 39.4653 -34.8125 2.6
    endloop
  endfacet
  facet normal 0.321018 0.947073 0
    outer loop
      vertex 39.329 -34.7663 2.6
      vertex 39.4653 -34.8125 0
      vertex 39.329 -34.7663 0
    endloop
  endfacet
  facet normal 0.321018 -0.947073 0
    outer loop
      vertex 39.329 -32.7337 0
      vertex 39.4653 -32.6875 2.6
      vertex 39.329 -32.7337 2.6
    endloop
  endfacet
  facet normal 0.321018 -0.947073 0
    outer loop
      vertex 39.4653 -32.6875 2.6
      vertex 39.329 -32.7337 0
      vertex 39.4653 -32.6875 0
    endloop
  endfacet
  facet normal 0.89664 -0.44276 0
    outer loop
      vertex 38.7337 -33.329 2.6
      vertex 38.7974 -33.2 0
      vertex 38.7974 -33.2 2.6
    endloop
  endfacet
  facet normal 0.89664 -0.44276 0
    outer loop
      vertex 38.7974 -33.2 0
      vertex 38.7337 -33.329 2.6
      vertex 38.7337 -33.329 0
    endloop
  endfacet
  facet normal -0.947073 0.321018 0
    outer loop
      vertex 40.7663 -34.171 0
      vertex 40.8125 -34.0347 2.6
      vertex 40.8125 -34.0347 0
    endloop
  endfacet
  facet normal -0.947073 0.321018 0
    outer loop
      vertex 40.8125 -34.0347 2.6
      vertex 40.7663 -34.171 0
      vertex 40.7663 -34.171 2.6
    endloop
  endfacet
  facet normal 0.44276 0.89664 -0
    outer loop
      vertex 39.329 -34.7663 0
      vertex 39.2 -34.7026 2.6
      vertex 39.329 -34.7663 2.6
    endloop
  endfacet
  facet normal 0.44276 0.89664 0
    outer loop
      vertex 39.2 -34.7026 2.6
      vertex 39.329 -34.7663 0
      vertex 39.2 -34.7026 0
    endloop
  endfacet
  facet normal -0.89664 -0.44276 0
    outer loop
      vertex 40.7663 -33.329 0
      vertex 40.7026 -33.2 2.6
      vertex 40.7026 -33.2 0
    endloop
  endfacet
  facet normal -0.89664 -0.44276 0
    outer loop
      vertex 40.7026 -33.2 2.6
      vertex 40.7663 -33.329 0
      vertex 40.7663 -33.329 2.6
    endloop
  endfacet
  facet normal -0.980741 -0.195314 0
    outer loop
      vertex 40.8406 -33.6064 0
      vertex 40.8125 -33.4653 2.6
      vertex 40.8125 -33.4653 0
    endloop
  endfacet
  facet normal -0.980741 -0.195314 0
    outer loop
      vertex 40.8125 -33.4653 2.6
      vertex 40.8406 -33.6064 0
      vertex 40.8406 -33.6064 2.6
    endloop
  endfacet
  facet normal -0.831515 -0.555502 0
    outer loop
      vertex 40.7026 -33.2 0
      vertex 40.6227 -33.0804 2.6
      vertex 40.6227 -33.0804 0
    endloop
  endfacet
  facet normal -0.831515 -0.555502 0
    outer loop
      vertex 40.6227 -33.0804 2.6
      vertex 40.7026 -33.2 0
      vertex 40.7026 -33.2 2.6
    endloop
  endfacet
  facet normal -0.321018 -0.947073 0
    outer loop
      vertex 40.0347 -32.6875 0
      vertex 40.171 -32.7337 2.6
      vertex 40.0347 -32.6875 2.6
    endloop
  endfacet
  facet normal -0.321018 -0.947073 -0
    outer loop
      vertex 40.171 -32.7337 2.6
      vertex 40.0347 -32.6875 0
      vertex 40.171 -32.7337 0
    endloop
  endfacet
  facet normal -0.0653198 -0.997864 0
    outer loop
      vertex 39.75 -32.65 0
      vertex 39.8936 -32.6594 2.6
      vertex 39.75 -32.65 2.6
    endloop
  endfacet
  facet normal -0.0653198 -0.997864 -0
    outer loop
      vertex 39.8936 -32.6594 2.6
      vertex 39.75 -32.65 0
      vertex 39.8936 -32.6594 0
    endloop
  endfacet
  facet normal 0.980741 -0.195314 0
    outer loop
      vertex 38.6594 -33.6064 2.6
      vertex 38.6875 -33.4653 0
      vertex 38.6875 -33.4653 2.6
    endloop
  endfacet
  facet normal 0.980741 -0.195314 0
    outer loop
      vertex 38.6875 -33.4653 0
      vertex 38.6594 -33.6064 2.6
      vertex 38.6594 -33.6064 0
    endloop
  endfacet
  facet normal 0.751801 -0.65939 0
    outer loop
      vertex 38.8773 -33.0804 2.6
      vertex 38.9722 -32.9722 0
      vertex 38.9722 -32.9722 2.6
    endloop
  endfacet
  facet normal 0.751801 -0.65939 0
    outer loop
      vertex 38.9722 -32.9722 0
      vertex 38.8773 -33.0804 2.6
      vertex 38.8773 -33.0804 0
    endloop
  endfacet
  facet normal 0.195314 -0.980741 0
    outer loop
      vertex 39.4653 -32.6875 0
      vertex 39.6064 -32.6594 2.6
      vertex 39.4653 -32.6875 2.6
    endloop
  endfacet
  facet normal 0.195314 -0.980741 0
    outer loop
      vertex 39.6064 -32.6594 2.6
      vertex 39.4653 -32.6875 0
      vertex 39.6064 -32.6594 0
    endloop
  endfacet
  facet normal 0.65939 -0.751801 0
    outer loop
      vertex 38.9722 -32.9722 0
      vertex 39.0804 -32.8773 2.6
      vertex 38.9722 -32.9722 2.6
    endloop
  endfacet
  facet normal 0.65939 -0.751801 0
    outer loop
      vertex 39.0804 -32.8773 2.6
      vertex 38.9722 -32.9722 0
      vertex 39.0804 -32.8773 0
    endloop
  endfacet
  facet normal -0.997864 -0.0653198 0
    outer loop
      vertex 40.85 -33.75 0
      vertex 40.8406 -33.6064 2.6
      vertex 40.8406 -33.6064 0
    endloop
  endfacet
  facet normal -0.997864 -0.0653198 0
    outer loop
      vertex 40.8406 -33.6064 2.6
      vertex 40.85 -33.75 0
      vertex 40.85 -33.75 2.6
    endloop
  endfacet
  facet normal -0.44276 0.89664 0
    outer loop
      vertex 40.3 -34.7026 0
      vertex 40.171 -34.7663 2.6
      vertex 40.3 -34.7026 2.6
    endloop
  endfacet
  facet normal -0.44276 0.89664 0
    outer loop
      vertex 40.171 -34.7663 2.6
      vertex 40.3 -34.7026 0
      vertex 40.171 -34.7663 0
    endloop
  endfacet
  facet normal -0.555502 0.831515 0
    outer loop
      vertex 40.4196 -34.6227 0
      vertex 40.3 -34.7026 2.6
      vertex 40.4196 -34.6227 2.6
    endloop
  endfacet
  facet normal -0.555502 0.831515 0
    outer loop
      vertex 40.3 -34.7026 2.6
      vertex 40.4196 -34.6227 0
      vertex 40.3 -34.7026 0
    endloop
  endfacet
  facet normal -0.831515 0.555502 0
    outer loop
      vertex 40.6227 -34.4196 0
      vertex 40.7026 -34.3 2.6
      vertex 40.7026 -34.3 0
    endloop
  endfacet
  facet normal -0.831515 0.555502 0
    outer loop
      vertex 40.7026 -34.3 2.6
      vertex 40.6227 -34.4196 0
      vertex 40.6227 -34.4196 2.6
    endloop
  endfacet
  facet normal 0.195314 0.980741 -0
    outer loop
      vertex 39.6064 -34.8406 0
      vertex 39.4653 -34.8125 2.6
      vertex 39.6064 -34.8406 2.6
    endloop
  endfacet
  facet normal 0.195314 0.980741 0
    outer loop
      vertex 39.4653 -34.8125 2.6
      vertex 39.6064 -34.8406 0
      vertex 39.4653 -34.8125 0
    endloop
  endfacet
  facet normal 0.65939 0.751801 -0
    outer loop
      vertex 39.0804 -34.6227 0
      vertex 38.9722 -34.5278 2.6
      vertex 39.0804 -34.6227 2.6
    endloop
  endfacet
  facet normal 0.65939 0.751801 0
    outer loop
      vertex 38.9722 -34.5278 2.6
      vertex 39.0804 -34.6227 0
      vertex 38.9722 -34.5278 0
    endloop
  endfacet
  facet normal 0.980741 0.195314 0
    outer loop
      vertex 38.6875 -34.0347 2.6
      vertex 38.6594 -33.8936 0
      vertex 38.6594 -33.8936 2.6
    endloop
  endfacet
  facet normal 0.980741 0.195314 0
    outer loop
      vertex 38.6594 -33.8936 0
      vertex 38.6875 -34.0347 2.6
      vertex 38.6875 -34.0347 0
    endloop
  endfacet
  facet normal 0.751801 0.65939 0
    outer loop
      vertex 38.9722 -34.5278 2.6
      vertex 38.8773 -34.4196 0
      vertex 38.8773 -34.4196 2.6
    endloop
  endfacet
  facet normal 0.751801 0.65939 0
    outer loop
      vertex 38.8773 -34.4196 0
      vertex 38.9722 -34.5278 2.6
      vertex 38.9722 -34.5278 0
    endloop
  endfacet
  facet normal -0.947073 -0.321018 0
    outer loop
      vertex 40.8125 -33.4653 0
      vertex 40.7663 -33.329 2.6
      vertex 40.7663 -33.329 0
    endloop
  endfacet
  facet normal -0.947073 -0.321018 0
    outer loop
      vertex 40.7663 -33.329 2.6
      vertex 40.8125 -33.4653 0
      vertex 40.8125 -33.4653 2.6
    endloop
  endfacet
  facet normal -0.751801 -0.65939 0
    outer loop
      vertex 40.6227 -33.0804 0
      vertex 40.5278 -32.9722 2.6
      vertex 40.5278 -32.9722 0
    endloop
  endfacet
  facet normal -0.751801 -0.65939 0
    outer loop
      vertex 40.5278 -32.9722 2.6
      vertex 40.6227 -33.0804 0
      vertex 40.6227 -33.0804 2.6
    endloop
  endfacet
  facet normal -0.65939 -0.751801 0
    outer loop
      vertex 40.4196 -32.8773 0
      vertex 40.5278 -32.9722 2.6
      vertex 40.4196 -32.8773 2.6
    endloop
  endfacet
  facet normal -0.65939 -0.751801 -0
    outer loop
      vertex 40.5278 -32.9722 2.6
      vertex 40.4196 -32.8773 0
      vertex 40.5278 -32.9722 0
    endloop
  endfacet
  facet normal -0.44276 -0.89664 0
    outer loop
      vertex 40.171 -32.7337 0
      vertex 40.3 -32.7974 2.6
      vertex 40.171 -32.7337 2.6
    endloop
  endfacet
  facet normal -0.44276 -0.89664 -0
    outer loop
      vertex 40.3 -32.7974 2.6
      vertex 40.171 -32.7337 0
      vertex 40.3 -32.7974 0
    endloop
  endfacet
  facet normal -0.195314 -0.980741 0
    outer loop
      vertex 39.8936 -32.6594 0
      vertex 40.0347 -32.6875 2.6
      vertex 39.8936 -32.6594 2.6
    endloop
  endfacet
  facet normal -0.195314 -0.980741 -0
    outer loop
      vertex 40.0347 -32.6875 2.6
      vertex 39.8936 -32.6594 0
      vertex 40.0347 -32.6875 0
    endloop
  endfacet
  facet normal 0.997864 -0.0653198 0
    outer loop
      vertex 38.65 -33.75 2.6
      vertex 38.6594 -33.6064 0
      vertex 38.6594 -33.6064 2.6
    endloop
  endfacet
  facet normal 0.997864 -0.0653198 0
    outer loop
      vertex 38.6594 -33.6064 0
      vertex 38.65 -33.75 2.6
      vertex 38.65 -33.75 0
    endloop
  endfacet
  facet normal 0.947073 -0.321018 0
    outer loop
      vertex 38.6875 -33.4653 2.6
      vertex 38.7337 -33.329 0
      vertex 38.7337 -33.329 2.6
    endloop
  endfacet
  facet normal 0.947073 -0.321018 0
    outer loop
      vertex 38.7337 -33.329 0
      vertex 38.6875 -33.4653 2.6
      vertex 38.6875 -33.4653 0
    endloop
  endfacet
  facet normal 0.831515 -0.555502 0
    outer loop
      vertex 38.7974 -33.2 2.6
      vertex 38.8773 -33.0804 0
      vertex 38.8773 -33.0804 2.6
    endloop
  endfacet
  facet normal 0.831515 -0.555502 0
    outer loop
      vertex 38.8773 -33.0804 0
      vertex 38.7974 -33.2 2.6
      vertex 38.7974 -33.2 0
    endloop
  endfacet
  facet normal 0.0653198 -0.997864 0
    outer loop
      vertex 39.6064 -32.6594 0
      vertex 39.75 -32.65 2.6
      vertex 39.6064 -32.6594 2.6
    endloop
  endfacet
  facet normal 0.0653198 -0.997864 0
    outer loop
      vertex 39.75 -32.65 2.6
      vertex 39.6064 -32.6594 0
      vertex 39.75 -32.65 0
    endloop
  endfacet
  facet normal 0.555502 -0.831515 0
    outer loop
      vertex 39.0804 -32.8773 0
      vertex 39.2 -32.7974 2.6
      vertex 39.0804 -32.8773 2.6
    endloop
  endfacet
  facet normal 0.555502 -0.831515 0
    outer loop
      vertex 39.2 -32.7974 2.6
      vertex 39.0804 -32.8773 0
      vertex 39.2 -32.7974 0
    endloop
  endfacet
  facet normal 0.44276 -0.89664 0
    outer loop
      vertex 39.2 -32.7974 0
      vertex 39.329 -32.7337 2.6
      vertex 39.2 -32.7974 2.6
    endloop
  endfacet
  facet normal 0.44276 -0.89664 0
    outer loop
      vertex 39.329 -32.7337 2.6
      vertex 39.2 -32.7974 0
      vertex 39.329 -32.7337 0
    endloop
  endfacet
  facet normal -0.980741 0.195314 0
    outer loop
      vertex 40.8125 -34.0347 0
      vertex 40.8406 -33.8936 2.6
      vertex 40.8406 -33.8936 0
    endloop
  endfacet
  facet normal -0.980741 0.195314 0
    outer loop
      vertex 40.8406 -33.8936 2.6
      vertex 40.8125 -34.0347 0
      vertex 40.8125 -34.0347 2.6
    endloop
  endfacet
  facet normal -0.0653198 0.997864 0
    outer loop
      vertex 39.8936 -34.8406 0
      vertex 39.75 -34.85 2.6
      vertex 39.8936 -34.8406 2.6
    endloop
  endfacet
  facet normal -0.0653198 0.997864 0
    outer loop
      vertex 39.75 -34.85 2.6
      vertex 39.8936 -34.8406 0
      vertex 39.75 -34.85 0
    endloop
  endfacet
  facet normal -0.195314 0.980741 0
    outer loop
      vertex 40.0347 -34.8125 0
      vertex 39.8936 -34.8406 2.6
      vertex 40.0347 -34.8125 2.6
    endloop
  endfacet
  facet normal -0.195314 0.980741 0
    outer loop
      vertex 39.8936 -34.8406 2.6
      vertex 40.0347 -34.8125 0
      vertex 39.8936 -34.8406 0
    endloop
  endfacet
  facet normal -0.321018 0.947073 0
    outer loop
      vertex 40.171 -34.7663 0
      vertex 40.0347 -34.8125 2.6
      vertex 40.171 -34.7663 2.6
    endloop
  endfacet
  facet normal -0.321018 0.947073 0
    outer loop
      vertex 40.0347 -34.8125 2.6
      vertex 40.171 -34.7663 0
      vertex 40.0347 -34.8125 0
    endloop
  endfacet
  facet normal -0.751801 0.65939 0
    outer loop
      vertex 40.5278 -34.5278 0
      vertex 40.6227 -34.4196 2.6
      vertex 40.6227 -34.4196 0
    endloop
  endfacet
  facet normal -0.751801 0.65939 0
    outer loop
      vertex 40.6227 -34.4196 2.6
      vertex 40.5278 -34.5278 0
      vertex 40.5278 -34.5278 2.6
    endloop
  endfacet
  facet normal -0.65939 0.751801 0
    outer loop
      vertex 40.5278 -34.5278 0
      vertex 40.4196 -34.6227 2.6
      vertex 40.5278 -34.5278 2.6
    endloop
  endfacet
  facet normal -0.65939 0.751801 0
    outer loop
      vertex 40.4196 -34.6227 2.6
      vertex 40.5278 -34.5278 0
      vertex 40.4196 -34.6227 0
    endloop
  endfacet
  facet normal -0.89664 0.44276 0
    outer loop
      vertex 40.7026 -34.3 0
      vertex 40.7663 -34.171 2.6
      vertex 40.7663 -34.171 0
    endloop
  endfacet
  facet normal -0.89664 0.44276 0
    outer loop
      vertex 40.7663 -34.171 2.6
      vertex 40.7026 -34.3 0
      vertex 40.7026 -34.3 2.6
    endloop
  endfacet
  facet normal 0.0653198 0.997864 -0
    outer loop
      vertex 39.75 -34.85 0
      vertex 39.6064 -34.8406 2.6
      vertex 39.75 -34.85 2.6
    endloop
  endfacet
  facet normal 0.0653198 0.997864 0
    outer loop
      vertex 39.6064 -34.8406 2.6
      vertex 39.75 -34.85 0
      vertex 39.6064 -34.8406 0
    endloop
  endfacet
  facet normal 0.555502 0.831515 -0
    outer loop
      vertex 39.2 -34.7026 0
      vertex 39.0804 -34.6227 2.6
      vertex 39.2 -34.7026 2.6
    endloop
  endfacet
  facet normal 0.555502 0.831515 0
    outer loop
      vertex 39.0804 -34.6227 2.6
      vertex 39.2 -34.7026 0
      vertex 39.0804 -34.6227 0
    endloop
  endfacet
  facet normal 0.947073 0.321018 0
    outer loop
      vertex 38.7337 -34.171 2.6
      vertex 38.6875 -34.0347 0
      vertex 38.6875 -34.0347 2.6
    endloop
  endfacet
  facet normal 0.947073 0.321018 0
    outer loop
      vertex 38.6875 -34.0347 0
      vertex 38.7337 -34.171 2.6
      vertex 38.7337 -34.171 0
    endloop
  endfacet
  facet normal 0.997864 0.0653198 0
    outer loop
      vertex 38.6594 -33.8936 2.6
      vertex 38.65 -33.75 0
      vertex 38.65 -33.75 2.6
    endloop
  endfacet
  facet normal 0.997864 0.0653198 0
    outer loop
      vertex 38.65 -33.75 0
      vertex 38.6594 -33.8936 2.6
      vertex 38.6594 -33.8936 0
    endloop
  endfacet
  facet normal 0.89664 0.44276 0
    outer loop
      vertex 38.7974 -34.3 2.6
      vertex 38.7337 -34.171 0
      vertex 38.7337 -34.171 2.6
    endloop
  endfacet
  facet normal 0.89664 0.44276 0
    outer loop
      vertex 38.7337 -34.171 0
      vertex 38.7974 -34.3 2.6
      vertex 38.7974 -34.3 0
    endloop
  endfacet
  facet normal 0 0 -1
    outer loop
      vertex 40.8406 -33.8936 2.6
      vertex 40.8406 -33.6064 2.6
      vertex 40.85 -33.75 2.6
    endloop
  endfacet
  facet normal 0 0 -1
    outer loop
      vertex 40.8125 -34.0347 2.6
      vertex 40.8406 -33.6064 2.6
      vertex 40.8406 -33.8936 2.6
    endloop
  endfacet
  facet normal 0 0 -1
    outer loop
      vertex 40.8125 -34.0347 2.6
      vertex 40.8125 -33.4653 2.6
      vertex 40.8406 -33.6064 2.6
    endloop
  endfacet
  facet normal 0 0 -1
    outer loop
      vertex 40.7663 -34.171 2.6
      vertex 40.8125 -33.4653 2.6
      vertex 40.8125 -34.0347 2.6
    endloop
  endfacet
  facet normal 0 0 -1
    outer loop
      vertex 40.7663 -34.171 2.6
      vertex 40.7663 -33.329 2.6
      vertex 40.8125 -33.4653 2.6
    endloop
  endfacet
  facet normal 0 0 -1
    outer loop
      vertex 40.7026 -34.3 2.6
      vertex 40.7663 -33.329 2.6
      vertex 40.7663 -34.171 2.6
    endloop
  endfacet
  facet normal 0 0 -1
    outer loop
      vertex 40.7026 -34.3 2.6
      vertex 40.7026 -33.2 2.6
      vertex 40.7663 -33.329 2.6
    endloop
  endfacet
  facet normal 0 0 -1
    outer loop
      vertex 40.6227 -34.4196 2.6
      vertex 40.7026 -33.2 2.6
      vertex 40.7026 -34.3 2.6
    endloop
  endfacet
  facet normal 0 0 -1
    outer loop
      vertex 40.6227 -34.4196 2.6
      vertex 40.6227 -33.0804 2.6
      vertex 40.7026 -33.2 2.6
    endloop
  endfacet
  facet normal 0 0 -1
    outer loop
      vertex 40.5278 -34.5278 2.6
      vertex 40.6227 -33.0804 2.6
      vertex 40.6227 -34.4196 2.6
    endloop
  endfacet
  facet normal 0 0 -1
    outer loop
      vertex 40.5278 -34.5278 2.6
      vertex 40.5278 -32.9722 2.6
      vertex 40.6227 -33.0804 2.6
    endloop
  endfacet
  facet normal 0 0 -1
    outer loop
      vertex 40.4196 -34.6227 2.6
      vertex 40.5278 -32.9722 2.6
      vertex 40.5278 -34.5278 2.6
    endloop
  endfacet
  facet normal 0 0 -1
    outer loop
      vertex 40.4196 -34.6227 2.6
      vertex 40.4196 -32.8773 2.6
      vertex 40.5278 -32.9722 2.6
    endloop
  endfacet
  facet normal 0 0 -1
    outer loop
      vertex 40.3 -34.7026 2.6
      vertex 40.4196 -32.8773 2.6
      vertex 40.4196 -34.6227 2.6
    endloop
  endfacet
  facet normal 0 0 -1
    outer loop
      vertex 40.3 -34.7026 2.6
      vertex 40.3 -32.7974 2.6
      vertex 40.4196 -32.8773 2.6
    endloop
  endfacet
  facet normal 0 0 -1
    outer loop
      vertex 40.171 -34.7663 2.6
      vertex 40.3 -32.7974 2.6
      vertex 40.3 -34.7026 2.6
    endloop
  endfacet
  facet normal 0 0 -1
    outer loop
      vertex 40.171 -34.7663 2.6
      vertex 40.171 -32.7337 2.6
      vertex 40.3 -32.7974 2.6
    endloop
  endfacet
  facet normal 0 0 -1
    outer loop
      vertex 40.0347 -34.8125 2.6
      vertex 40.171 -32.7337 2.6
      vertex 40.171 -34.7663 2.6
    endloop
  endfacet
  facet normal 0 0 -1
    outer loop
      vertex 40.0347 -34.8125 2.6
      vertex 40.0347 -32.6875 2.6
      vertex 40.171 -32.7337 2.6
    endloop
  endfacet
  facet normal 0 0 -1
    outer loop
      vertex 39.8936 -34.8406 2.6
      vertex 40.0347 -32.6875 2.6
      vertex 40.0347 -34.8125 2.6
    endloop
  endfacet
  facet normal 0 0 -1
    outer loop
      vertex 39.8936 -34.8406 2.6
      vertex 39.8936 -32.6594 2.6
      vertex 40.0347 -32.6875 2.6
    endloop
  endfacet
  facet normal 0 0 -1
    outer loop
      vertex 39.75 -34.85 2.6
      vertex 39.8936 -32.6594 2.6
      vertex 39.8936 -34.8406 2.6
    endloop
  endfacet
  facet normal 0 0 -1
    outer loop
      vertex 39.75 -34.85 2.6
      vertex 39.75 -32.65 2.6
      vertex 39.8936 -32.6594 2.6
    endloop
  endfacet
  facet normal 0 0 -1
    outer loop
      vertex 39.6064 -34.8406 2.6
      vertex 39.75 -32.65 2.6
      vertex 39.75 -34.85 2.6
    endloop
  endfacet
  facet normal 0 0 -1
    outer loop
      vertex 39.6064 -34.8406 2.6
      vertex 39.6064 -32.6594 2.6
      vertex 39.75 -32.65 2.6
    endloop
  endfacet
  facet normal 0 0 -1
    outer loop
      vertex 39.4653 -34.8125 2.6
      vertex 39.6064 -32.6594 2.6
      vertex 39.6064 -34.8406 2.6
    endloop
  endfacet
  facet normal 0 0 -1
    outer loop
      vertex 39.4653 -34.8125 2.6
      vertex 39.4653 -32.6875 2.6
      vertex 39.6064 -32.6594 2.6
    endloop
  endfacet
  facet normal 0 0 -1
    outer loop
      vertex 39.329 -34.7663 2.6
      vertex 39.4653 -32.6875 2.6
      vertex 39.4653 -34.8125 2.6
    endloop
  endfacet
  facet normal 0 0 -1
    outer loop
      vertex 39.329 -34.7663 2.6
      vertex 39.329 -32.7337 2.6
      vertex 39.4653 -32.6875 2.6
    endloop
  endfacet
  facet normal 0 0 -1
    outer loop
      vertex 39.2 -34.7026 2.6
      vertex 39.329 -32.7337 2.6
      vertex 39.329 -34.7663 2.6
    endloop
  endfacet
  facet normal 0 0 -1
    outer loop
      vertex 39.2 -34.7026 2.6
      vertex 39.2 -32.7974 2.6
      vertex 39.329 -32.7337 2.6
    endloop
  endfacet
  facet normal 0 0 -1
    outer loop
      vertex 39.0804 -34.6227 2.6
      vertex 39.2 -32.7974 2.6
      vertex 39.2 -34.7026 2.6
    endloop
  endfacet
  facet normal 0 0 -1
    outer loop
      vertex 39.0804 -34.6227 2.6
      vertex 39.0804 -32.8773 2.6
      vertex 39.2 -32.7974 2.6
    endloop
  endfacet
  facet normal 0 0 -1
    outer loop
      vertex 38.9722 -34.5278 2.6
      vertex 39.0804 -32.8773 2.6
      vertex 39.0804 -34.6227 2.6
    endloop
  endfacet
  facet normal 0 0 -1
    outer loop
      vertex 38.9722 -34.5278 2.6
      vertex 38.9722 -32.9722 2.6
      vertex 39.0804 -32.8773 2.6
    endloop
  endfacet
  facet normal 0 0 -1
    outer loop
      vertex 38.8773 -34.4196 2.6
      vertex 38.9722 -32.9722 2.6
      vertex 38.9722 -34.5278 2.6
    endloop
  endfacet
  facet normal 0 0 -1
    outer loop
      vertex 38.8773 -34.4196 2.6
      vertex 38.8773 -33.0804 2.6
      vertex 38.9722 -32.9722 2.6
    endloop
  endfacet
  facet normal 0 0 -1
    outer loop
      vertex 38.7974 -34.3 2.6
      vertex 38.8773 -33.0804 2.6
      vertex 38.8773 -34.4196 2.6
    endloop
  endfacet
  facet normal 0 0 -1
    outer loop
      vertex 38.7974 -34.3 2.6
      vertex 38.7974 -33.2 2.6
      vertex 38.8773 -33.0804 2.6
    endloop
  endfacet
  facet normal 0 0 -1
    outer loop
      vertex 38.7337 -34.171 2.6
      vertex 38.7974 -33.2 2.6
      vertex 38.7974 -34.3 2.6
    endloop
  endfacet
  facet normal 0 0 -1
    outer loop
      vertex 38.7337 -34.171 2.6
      vertex 38.7337 -33.329 2.6
      vertex 38.7974 -33.2 2.6
    endloop
  endfacet
  facet normal 0 0 -1
    outer loop
      vertex 38.6875 -34.0347 2.6
      vertex 38.7337 -33.329 2.6
      vertex 38.7337 -34.171 2.6
    endloop
  endfacet
  facet normal 0 0 -1
    outer loop
      vertex 38.6875 -34.0347 2.6
      vertex 38.6875 -33.4653 2.6
      vertex 38.7337 -33.329 2.6
    endloop
  endfacet
  facet normal 0 0 -1
    outer loop
      vertex 38.6594 -33.8936 2.6
      vertex 38.6875 -33.4653 2.6
      vertex 38.6875 -34.0347 2.6
    endloop
  endfacet
  facet normal 0 0 -1
    outer loop
      vertex 38.6594 -33.8936 2.6
      vertex 38.6594 -33.6064 2.6
      vertex 38.6875 -33.4653 2.6
    endloop
  endfacet
  facet normal 0 -0 -1
    outer loop
      vertex 38.6594 -33.6064 2.6
      vertex 38.6594 -33.8936 2.6
      vertex 38.65 -33.75 2.6
    endloop
  endfacet
  facet normal -0.997864 0.0653198 0
    outer loop
      vertex 40.8406 -33.8936 0
      vertex 40.85 -33.75 2.6
      vertex 40.85 -33.75 0
    endloop
  endfacet
  facet normal -0.997864 0.0653198 0
    outer loop
      vertex 40.85 -33.75 2.6
      vertex 40.8406 -33.8936 0
      vertex 40.8406 -33.8936 2.6
    endloop
  endfacet
  facet normal 0.831515 0.555502 0
    outer loop
      vertex 38.8773 -34.4196 2.6
      vertex 38.7974 -34.3 0
      vertex 38.7974 -34.3 2.6
    endloop
  endfacet
  facet normal 0.831515 0.555502 0
    outer loop
      vertex 38.7974 -34.3 0
      vertex 38.8773 -34.4196 2.6
      vertex 38.8773 -34.4196 0
    endloop
  endfacet
  facet normal -0.997864 -0.0653198 0
    outer loop
      vertex 40.85 -10.25 0
      vertex 40.8406 -10.1064 2.6
      vertex 40.8406 -10.1064 0
    endloop
  endfacet
  facet normal -0.997864 -0.0653198 0
    outer loop
      vertex 40.8406 -10.1064 2.6
      vertex 40.85 -10.25 0
      vertex 40.85 -10.25 2.6
    endloop
  endfacet
  facet normal 0.065389 -0.99786 0
    outer loop
      vertex 39.6064 -9.15941 0
      vertex 39.75 -9.15 2.6
      vertex 39.6064 -9.15941 2.6
    endloop
  endfacet
  facet normal 0.065389 -0.99786 0
    outer loop
      vertex 39.75 -9.15 2.6
      vertex 39.6064 -9.15941 0
      vertex 39.75 -9.15 0
    endloop
  endfacet
  facet normal -0.0653198 0.997864 0
    outer loop
      vertex 39.8936 -11.3406 0
      vertex 39.75 -11.35 2.6
      vertex 39.8936 -11.3406 2.6
    endloop
  endfacet
  facet normal -0.0653198 0.997864 0
    outer loop
      vertex 39.75 -11.35 2.6
      vertex 39.8936 -11.3406 0
      vertex 39.75 -11.35 0
    endloop
  endfacet
  facet normal -0.751801 0.65939 0
    outer loop
      vertex 40.5278 -11.0278 0
      vertex 40.6227 -10.9196 2.6
      vertex 40.6227 -10.9196 0
    endloop
  endfacet
  facet normal -0.751801 0.65939 0
    outer loop
      vertex 40.6227 -10.9196 2.6
      vertex 40.5278 -11.0278 0
      vertex 40.5278 -11.0278 2.6
    endloop
  endfacet
  facet normal -0.659272 -0.751905 0
    outer loop
      vertex 40.4196 -9.37731 0
      vertex 40.5278 -9.47218 2.6
      vertex 40.4196 -9.37731 2.6
    endloop
  endfacet
  facet normal -0.659272 -0.751905 -0
    outer loop
      vertex 40.5278 -9.47218 2.6
      vertex 40.4196 -9.37731 0
      vertex 40.5278 -9.47218 0
    endloop
  endfacet
  facet normal 0.751741 -0.659458 0
    outer loop
      vertex 38.8773 -9.58036 2.6
      vertex 38.9722 -9.47218 0
      vertex 38.9722 -9.47218 2.6
    endloop
  endfacet
  facet normal 0.751741 -0.659458 0
    outer loop
      vertex 38.9722 -9.47218 0
      vertex 38.8773 -9.58036 2.6
      vertex 38.8773 -9.58036 0
    endloop
  endfacet
  facet normal 0.442424 -0.896806 0
    outer loop
      vertex 39.2 -9.29737 0
      vertex 39.329 -9.23373 2.6
      vertex 39.2 -9.29737 2.6
    endloop
  endfacet
  facet normal 0.442424 -0.896806 0
    outer loop
      vertex 39.329 -9.23373 2.6
      vertex 39.2 -9.29737 0
      vertex 39.329 -9.23373 0
    endloop
  endfacet
  facet normal -0.947073 0.321018 0
    outer loop
      vertex 40.7663 -10.671 0
      vertex 40.8125 -10.5347 2.6
      vertex 40.8125 -10.5347 0
    endloop
  endfacet
  facet normal -0.947073 0.321018 0
    outer loop
      vertex 40.8125 -10.5347 2.6
      vertex 40.7663 -10.671 0
      vertex 40.7663 -10.671 2.6
    endloop
  endfacet
  facet normal -0.896708 -0.442622 0
    outer loop
      vertex 40.7663 -9.82905 0
      vertex 40.7026 -9.7 2.6
      vertex 40.7026 -9.7 0
    endloop
  endfacet
  facet normal -0.896708 -0.442622 0
    outer loop
      vertex 40.7026 -9.7 2.6
      vertex 40.7663 -9.82905 0
      vertex 40.7663 -9.82905 2.6
    endloop
  endfacet
  facet normal -0.980741 -0.195314 0
    outer loop
      vertex 40.8406 -10.1064 0
      vertex 40.8125 -9.9653 2.6
      vertex 40.8125 -9.9653 0
    endloop
  endfacet
  facet normal -0.980741 -0.195314 0
    outer loop
      vertex 40.8125 -9.9653 2.6
      vertex 40.8406 -10.1064 0
      vertex 40.8406 -10.1064 2.6
    endloop
  endfacet
  facet normal -0.831601 -0.555374 0
    outer loop
      vertex 40.7026 -9.7 0
      vertex 40.6227 -9.58036 2.6
      vertex 40.6227 -9.58036 0
    endloop
  endfacet
  facet normal -0.831601 -0.555374 0
    outer loop
      vertex 40.6227 -9.58036 2.6
      vertex 40.7026 -9.7 0
      vertex 40.7026 -9.7 2.6
    endloop
  endfacet
  facet normal -0.32133 -0.946967 0
    outer loop
      vertex 40.0347 -9.18748 0
      vertex 40.171 -9.23373 2.6
      vertex 40.0347 -9.18748 2.6
    endloop
  endfacet
  facet normal -0.32133 -0.946967 -0
    outer loop
      vertex 40.171 -9.23373 2.6
      vertex 40.0347 -9.18748 0
      vertex 40.171 -9.23373 0
    endloop
  endfacet
  facet normal -0.555694 -0.831387 0
    outer loop
      vertex 40.3 -9.29737 0
      vertex 40.4196 -9.37731 2.6
      vertex 40.3 -9.29737 2.6
    endloop
  endfacet
  facet normal -0.555694 -0.831387 -0
    outer loop
      vertex 40.4196 -9.37731 2.6
      vertex 40.3 -9.29737 0
      vertex 40.4196 -9.37731 0
    endloop
  endfacet
  facet normal 0.947037 -0.321124 0
    outer loop
      vertex 38.6875 -9.9653 2.6
      vertex 38.7337 -9.82905 0
      vertex 38.7337 -9.82905 2.6
    endloop
  endfacet
  facet normal 0.947037 -0.321124 0
    outer loop
      vertex 38.7337 -9.82905 0
      vertex 38.6875 -9.9653 2.6
      vertex 38.6875 -9.9653 0
    endloop
  endfacet
  facet normal 0.831601 -0.555374 0
    outer loop
      vertex 38.7974 -9.7 2.6
      vertex 38.8773 -9.58036 0
      vertex 38.8773 -9.58036 2.6
    endloop
  endfacet
  facet normal 0.831601 -0.555374 0
    outer loop
      vertex 38.8773 -9.58036 0
      vertex 38.7974 -9.7 2.6
      vertex 38.7974 -9.7 0
    endloop
  endfacet
  facet normal 0 0 -1
    outer loop
      vertex 40.8406 -10.3936 2.6
      vertex 40.8406 -10.1064 2.6
      vertex 40.85 -10.25 2.6
    endloop
  endfacet
  facet normal 0 0 -1
    outer loop
      vertex 40.8125 -10.5347 2.6
      vertex 40.8406 -10.1064 2.6
      vertex 40.8406 -10.3936 2.6
    endloop
  endfacet
  facet normal 0 0 -1
    outer loop
      vertex 40.8125 -10.5347 2.6
      vertex 40.8125 -9.9653 2.6
      vertex 40.8406 -10.1064 2.6
    endloop
  endfacet
  facet normal 0 0 -1
    outer loop
      vertex 40.7663 -10.671 2.6
      vertex 40.8125 -9.9653 2.6
      vertex 40.8125 -10.5347 2.6
    endloop
  endfacet
  facet normal 0 0 -1
    outer loop
      vertex 40.7663 -10.671 2.6
      vertex 40.7663 -9.82905 2.6
      vertex 40.8125 -9.9653 2.6
    endloop
  endfacet
  facet normal 0 0 -1
    outer loop
      vertex 40.7026 -10.8 2.6
      vertex 40.7663 -9.82905 2.6
      vertex 40.7663 -10.671 2.6
    endloop
  endfacet
  facet normal 0 0 -1
    outer loop
      vertex 40.7026 -10.8 2.6
      vertex 40.7026 -9.7 2.6
      vertex 40.7663 -9.82905 2.6
    endloop
  endfacet
  facet normal 0 0 -1
    outer loop
      vertex 40.6227 -10.9196 2.6
      vertex 40.7026 -9.7 2.6
      vertex 40.7026 -10.8 2.6
    endloop
  endfacet
  facet normal 0 0 -1
    outer loop
      vertex 40.6227 -10.9196 2.6
      vertex 40.6227 -9.58036 2.6
      vertex 40.7026 -9.7 2.6
    endloop
  endfacet
  facet normal 0 0 -1
    outer loop
      vertex 40.5278 -11.0278 2.6
      vertex 40.6227 -9.58036 2.6
      vertex 40.6227 -10.9196 2.6
    endloop
  endfacet
  facet normal 0 0 -1
    outer loop
      vertex 40.5278 -11.0278 2.6
      vertex 40.5278 -9.47218 2.6
      vertex 40.6227 -9.58036 2.6
    endloop
  endfacet
  facet normal 0 0 -1
    outer loop
      vertex 40.4196 -11.1227 2.6
      vertex 40.5278 -9.47218 2.6
      vertex 40.5278 -11.0278 2.6
    endloop
  endfacet
  facet normal 0 0 -1
    outer loop
      vertex 40.4196 -11.1227 2.6
      vertex 40.4196 -9.37731 2.6
      vertex 40.5278 -9.47218 2.6
    endloop
  endfacet
  facet normal 0 0 -1
    outer loop
      vertex 40.3 -11.2026 2.6
      vertex 40.4196 -9.37731 2.6
      vertex 40.4196 -11.1227 2.6
    endloop
  endfacet
  facet normal 0 0 -1
    outer loop
      vertex 40.3 -11.2026 2.6
      vertex 40.3 -9.29737 2.6
      vertex 40.4196 -9.37731 2.6
    endloop
  endfacet
  facet normal 0 0 -1
    outer loop
      vertex 40.171 -11.2663 2.6
      vertex 40.3 -9.29737 2.6
      vertex 40.3 -11.2026 2.6
    endloop
  endfacet
  facet normal 0 0 -1
    outer loop
      vertex 40.171 -11.2663 2.6
      vertex 40.171 -9.23373 2.6
      vertex 40.3 -9.29737 2.6
    endloop
  endfacet
  facet normal 0 0 -1
    outer loop
      vertex 40.0347 -11.3125 2.6
      vertex 40.171 -9.23373 2.6
      vertex 40.171 -11.2663 2.6
    endloop
  endfacet
  facet normal 0 0 -1
    outer loop
      vertex 40.0347 -11.3125 2.6
      vertex 40.0347 -9.18748 2.6
      vertex 40.171 -9.23373 2.6
    endloop
  endfacet
  facet normal 0 0 -1
    outer loop
      vertex 39.8936 -11.3406 2.6
      vertex 40.0347 -9.18748 2.6
      vertex 40.0347 -11.3125 2.6
    endloop
  endfacet
  facet normal 0 0 -1
    outer loop
      vertex 39.8936 -11.3406 2.6
      vertex 39.8936 -9.15941 2.6
      vertex 40.0347 -9.18748 2.6
    endloop
  endfacet
  facet normal 0 0 -1
    outer loop
      vertex 39.75 -11.35 2.6
      vertex 39.8936 -9.15941 2.6
      vertex 39.8936 -11.3406 2.6
    endloop
  endfacet
  facet normal 0 0 -1
    outer loop
      vertex 39.75 -11.35 2.6
      vertex 39.75 -9.15 2.6
      vertex 39.8936 -9.15941 2.6
    endloop
  endfacet
  facet normal 0 0 -1
    outer loop
      vertex 39.6064 -11.3406 2.6
      vertex 39.75 -9.15 2.6
      vertex 39.75 -11.35 2.6
    endloop
  endfacet
  facet normal 0 0 -1
    outer loop
      vertex 39.6064 -11.3406 2.6
      vertex 39.6064 -9.15941 2.6
      vertex 39.75 -9.15 2.6
    endloop
  endfacet
  facet normal 0 0 -1
    outer loop
      vertex 39.4653 -11.3125 2.6
      vertex 39.6064 -9.15941 2.6
      vertex 39.6064 -11.3406 2.6
    endloop
  endfacet
  facet normal 0 0 -1
    outer loop
      vertex 39.4653 -11.3125 2.6
      vertex 39.4653 -9.18748 2.6
      vertex 39.6064 -9.15941 2.6
    endloop
  endfacet
  facet normal 0 0 -1
    outer loop
      vertex 39.329 -11.2663 2.6
      vertex 39.4653 -9.18748 2.6
      vertex 39.4653 -11.3125 2.6
    endloop
  endfacet
  facet normal 0 0 -1
    outer loop
      vertex 39.329 -11.2663 2.6
      vertex 39.329 -9.23373 2.6
      vertex 39.4653 -9.18748 2.6
    endloop
  endfacet
  facet normal 0 0 -1
    outer loop
      vertex 39.2 -11.2026 2.6
      vertex 39.329 -9.23373 2.6
      vertex 39.329 -11.2663 2.6
    endloop
  endfacet
  facet normal 0 0 -1
    outer loop
      vertex 39.2 -11.2026 2.6
      vertex 39.2 -9.29737 2.6
      vertex 39.329 -9.23373 2.6
    endloop
  endfacet
  facet normal 0 0 -1
    outer loop
      vertex 39.0804 -11.1227 2.6
      vertex 39.2 -9.29737 2.6
      vertex 39.2 -11.2026 2.6
    endloop
  endfacet
  facet normal 0 0 -1
    outer loop
      vertex 39.0804 -11.1227 2.6
      vertex 39.0804 -9.37731 2.6
      vertex 39.2 -9.29737 2.6
    endloop
  endfacet
  facet normal 0 0 -1
    outer loop
      vertex 38.9722 -11.0278 2.6
      vertex 39.0804 -9.37731 2.6
      vertex 39.0804 -11.1227 2.6
    endloop
  endfacet
  facet normal 0 0 -1
    outer loop
      vertex 38.9722 -11.0278 2.6
      vertex 38.9722 -9.47218 2.6
      vertex 39.0804 -9.37731 2.6
    endloop
  endfacet
  facet normal 0 0 -1
    outer loop
      vertex 38.8773 -10.9196 2.6
      vertex 38.9722 -9.47218 2.6
      vertex 38.9722 -11.0278 2.6
    endloop
  endfacet
  facet normal 0 0 -1
    outer loop
      vertex 38.8773 -10.9196 2.6
      vertex 38.8773 -9.58036 2.6
      vertex 38.9722 -9.47218 2.6
    endloop
  endfacet
  facet normal 0 0 -1
    outer loop
      vertex 38.7974 -10.8 2.6
      vertex 38.8773 -9.58036 2.6
      vertex 38.8773 -10.9196 2.6
    endloop
  endfacet
  facet normal 0 0 -1
    outer loop
      vertex 38.7974 -10.8 2.6
      vertex 38.7974 -9.7 2.6
      vertex 38.8773 -9.58036 2.6
    endloop
  endfacet
  facet normal 0 0 -1
    outer loop
      vertex 38.7337 -10.671 2.6
      vertex 38.7974 -9.7 2.6
      vertex 38.7974 -10.8 2.6
    endloop
  endfacet
  facet normal 0 0 -1
    outer loop
      vertex 38.7337 -10.671 2.6
      vertex 38.7337 -9.82905 2.6
      vertex 38.7974 -9.7 2.6
    endloop
  endfacet
  facet normal 0 0 -1
    outer loop
      vertex 38.6875 -10.5347 2.6
      vertex 38.7337 -9.82905 2.6
      vertex 38.7337 -10.671 2.6
    endloop
  endfacet
  facet normal 0 0 -1
    outer loop
      vertex 38.6875 -10.5347 2.6
      vertex 38.6875 -9.9653 2.6
      vertex 38.7337 -9.82905 2.6
    endloop
  endfacet
  facet normal 0 0 -1
    outer loop
      vertex 38.6594 -10.3936 2.6
      vertex 38.6875 -9.9653 2.6
      vertex 38.6875 -10.5347 2.6
    endloop
  endfacet
  facet normal 0 0 -1
    outer loop
      vertex 38.6594 -10.3936 2.6
      vertex 38.6594 -10.1064 2.6
      vertex 38.6875 -9.9653 2.6
    endloop
  endfacet
  facet normal 0 -0 -1
    outer loop
      vertex 38.6594 -10.1064 2.6
      vertex 38.6594 -10.3936 2.6
      vertex 38.65 -10.25 2.6
    endloop
  endfacet
  facet normal 0.555694 -0.831387 0
    outer loop
      vertex 39.0804 -9.37731 0
      vertex 39.2 -9.29737 2.6
      vertex 39.0804 -9.37731 2.6
    endloop
  endfacet
  facet normal 0.555694 -0.831387 0
    outer loop
      vertex 39.2 -9.29737 2.6
      vertex 39.0804 -9.37731 0
      vertex 39.2 -9.29737 0
    endloop
  endfacet
  facet normal 0.195113 -0.980781 0
    outer loop
      vertex 39.4653 -9.18748 0
      vertex 39.6064 -9.15941 2.6
      vertex 39.4653 -9.18748 2.6
    endloop
  endfacet
  facet normal 0.195113 -0.980781 0
    outer loop
      vertex 39.6064 -9.15941 2.6
      vertex 39.4653 -9.18748 0
      vertex 39.6064 -9.15941 0
    endloop
  endfacet
  facet normal -0.44276 0.89664 0
    outer loop
      vertex 40.3 -11.2026 0
      vertex 40.171 -11.2663 2.6
      vertex 40.3 -11.2026 2.6
    endloop
  endfacet
  facet normal -0.44276 0.89664 0
    outer loop
      vertex 40.171 -11.2663 2.6
      vertex 40.3 -11.2026 0
      vertex 40.171 -11.2663 0
    endloop
  endfacet
  facet normal -0.947037 -0.321124 0
    outer loop
      vertex 40.8125 -9.9653 0
      vertex 40.7663 -9.82905 2.6
      vertex 40.7663 -9.82905 0
    endloop
  endfacet
  facet normal -0.947037 -0.321124 0
    outer loop
      vertex 40.7663 -9.82905 2.6
      vertex 40.8125 -9.9653 0
      vertex 40.8125 -9.9653 2.6
    endloop
  endfacet
  facet normal -0.751741 -0.659458 0
    outer loop
      vertex 40.6227 -9.58036 0
      vertex 40.5278 -9.47218 2.6
      vertex 40.5278 -9.47218 0
    endloop
  endfacet
  facet normal -0.751741 -0.659458 0
    outer loop
      vertex 40.5278 -9.47218 2.6
      vertex 40.6227 -9.58036 0
      vertex 40.6227 -9.58036 2.6
    endloop
  endfacet
  facet normal -0.195113 -0.980781 0
    outer loop
      vertex 39.8936 -9.15941 0
      vertex 40.0347 -9.18748 2.6
      vertex 39.8936 -9.15941 2.6
    endloop
  endfacet
  facet normal -0.195113 -0.980781 -0
    outer loop
      vertex 40.0347 -9.18748 2.6
      vertex 39.8936 -9.15941 0
      vertex 40.0347 -9.18748 0
    endloop
  endfacet
  facet normal -0.065389 -0.99786 0
    outer loop
      vertex 39.75 -9.15 0
      vertex 39.8936 -9.15941 2.6
      vertex 39.75 -9.15 2.6
    endloop
  endfacet
  facet normal -0.065389 -0.99786 -0
    outer loop
      vertex 39.8936 -9.15941 2.6
      vertex 39.75 -9.15 0
      vertex 39.8936 -9.15941 0
    endloop
  endfacet
  facet normal -0.442424 -0.896806 0
    outer loop
      vertex 40.171 -9.23373 0
      vertex 40.3 -9.29737 2.6
      vertex 40.171 -9.23373 2.6
    endloop
  endfacet
  facet normal -0.442424 -0.896806 -0
    outer loop
      vertex 40.3 -9.29737 2.6
      vertex 40.171 -9.23373 0
      vertex 40.3 -9.29737 0
    endloop
  endfacet
  facet normal 0.896708 -0.442622 0
    outer loop
      vertex 38.7337 -9.82905 2.6
      vertex 38.7974 -9.7 0
      vertex 38.7974 -9.7 2.6
    endloop
  endfacet
  facet normal 0.896708 -0.442622 0
    outer loop
      vertex 38.7974 -9.7 0
      vertex 38.7337 -9.82905 2.6
      vertex 38.7337 -9.82905 0
    endloop
  endfacet
  facet normal 0.980741 -0.195314 0
    outer loop
      vertex 38.6594 -10.1064 2.6
      vertex 38.6875 -9.9653 0
      vertex 38.6875 -9.9653 2.6
    endloop
  endfacet
  facet normal 0.980741 -0.195314 0
    outer loop
      vertex 38.6875 -9.9653 0
      vertex 38.6594 -10.1064 2.6
      vertex 38.6594 -10.1064 0
    endloop
  endfacet
  facet normal 0.997864 -0.0653198 0
    outer loop
      vertex 38.65 -10.25 2.6
      vertex 38.6594 -10.1064 0
      vertex 38.6594 -10.1064 2.6
    endloop
  endfacet
  facet normal 0.997864 -0.0653198 0
    outer loop
      vertex 38.6594 -10.1064 0
      vertex 38.65 -10.25 2.6
      vertex 38.65 -10.25 0
    endloop
  endfacet
  facet normal 0.997864 0.0653198 0
    outer loop
      vertex 38.6594 -10.3936 2.6
      vertex 38.65 -10.25 0
      vertex 38.65 -10.25 2.6
    endloop
  endfacet
  facet normal 0.997864 0.0653198 0
    outer loop
      vertex 38.65 -10.25 0
      vertex 38.6594 -10.3936 2.6
      vertex 38.6594 -10.3936 0
    endloop
  endfacet
  facet normal 0.659272 -0.751905 0
    outer loop
      vertex 38.9722 -9.47218 0
      vertex 39.0804 -9.37731 2.6
      vertex 38.9722 -9.47218 2.6
    endloop
  endfacet
  facet normal 0.659272 -0.751905 0
    outer loop
      vertex 39.0804 -9.37731 2.6
      vertex 38.9722 -9.47218 0
      vertex 39.0804 -9.37731 0
    endloop
  endfacet
  facet normal 0.32133 -0.946967 0
    outer loop
      vertex 39.329 -9.23373 0
      vertex 39.4653 -9.18748 2.6
      vertex 39.329 -9.23373 2.6
    endloop
  endfacet
  facet normal 0.32133 -0.946967 0
    outer loop
      vertex 39.4653 -9.18748 2.6
      vertex 39.329 -9.23373 0
      vertex 39.4653 -9.18748 0
    endloop
  endfacet
  facet normal -0.831515 0.555502 0
    outer loop
      vertex 40.6227 -10.9196 0
      vertex 40.7026 -10.8 2.6
      vertex 40.7026 -10.8 0
    endloop
  endfacet
  facet normal -0.831515 0.555502 0
    outer loop
      vertex 40.7026 -10.8 2.6
      vertex 40.6227 -10.9196 0
      vertex 40.6227 -10.9196 2.6
    endloop
  endfacet
  facet normal -0.980741 0.195314 0
    outer loop
      vertex 40.8125 -10.5347 0
      vertex 40.8406 -10.3936 2.6
      vertex 40.8406 -10.3936 0
    endloop
  endfacet
  facet normal -0.980741 0.195314 0
    outer loop
      vertex 40.8406 -10.3936 2.6
      vertex 40.8125 -10.5347 0
      vertex 40.8125 -10.5347 2.6
    endloop
  endfacet
  facet normal 0.555502 0.831515 -0
    outer loop
      vertex 39.2 -11.2026 0
      vertex 39.0804 -11.1227 2.6
      vertex 39.2 -11.2026 2.6
    endloop
  endfacet
  facet normal 0.555502 0.831515 0
    outer loop
      vertex 39.0804 -11.1227 2.6
      vertex 39.2 -11.2026 0
      vertex 39.0804 -11.1227 0
    endloop
  endfacet
  facet normal 0.831515 0.555502 0
    outer loop
      vertex 38.8773 -10.9196 2.6
      vertex 38.7974 -10.8 0
      vertex 38.7974 -10.8 2.6
    endloop
  endfacet
  facet normal 0.831515 0.555502 0
    outer loop
      vertex 38.7974 -10.8 0
      vertex 38.8773 -10.9196 2.6
      vertex 38.8773 -10.9196 0
    endloop
  endfacet
  facet normal 0.751801 0.65939 0
    outer loop
      vertex 38.9722 -11.0278 2.6
      vertex 38.8773 -10.9196 0
      vertex 38.8773 -10.9196 2.6
    endloop
  endfacet
  facet normal 0.751801 0.65939 0
    outer loop
      vertex 38.8773 -10.9196 0
      vertex 38.9722 -11.0278 2.6
      vertex 38.9722 -11.0278 0
    endloop
  endfacet
  facet normal -0.555502 0.831515 0
    outer loop
      vertex 40.4196 -11.1227 0
      vertex 40.3 -11.2026 2.6
      vertex 40.4196 -11.1227 2.6
    endloop
  endfacet
  facet normal -0.555502 0.831515 0
    outer loop
      vertex 40.3 -11.2026 2.6
      vertex 40.4196 -11.1227 0
      vertex 40.3 -11.2026 0
    endloop
  endfacet
  facet normal -0.89664 0.44276 0
    outer loop
      vertex 40.7026 -10.8 0
      vertex 40.7663 -10.671 2.6
      vertex 40.7663 -10.671 0
    endloop
  endfacet
  facet normal -0.89664 0.44276 0
    outer loop
      vertex 40.7663 -10.671 2.6
      vertex 40.7026 -10.8 0
      vertex 40.7026 -10.8 2.6
    endloop
  endfacet
  facet normal -0.997864 0.0653198 0
    outer loop
      vertex 40.8406 -10.3936 0
      vertex 40.85 -10.25 2.6
      vertex 40.85 -10.25 0
    endloop
  endfacet
  facet normal -0.997864 0.0653198 0
    outer loop
      vertex 40.85 -10.25 2.6
      vertex 40.8406 -10.3936 0
      vertex 40.8406 -10.3936 2.6
    endloop
  endfacet
  facet normal 0.195314 0.980741 -0
    outer loop
      vertex 39.6064 -11.3406 0
      vertex 39.4653 -11.3125 2.6
      vertex 39.6064 -11.3406 2.6
    endloop
  endfacet
  facet normal 0.195314 0.980741 0
    outer loop
      vertex 39.4653 -11.3125 2.6
      vertex 39.6064 -11.3406 0
      vertex 39.4653 -11.3125 0
    endloop
  endfacet
  facet normal 0.65939 0.751801 -0
    outer loop
      vertex 39.0804 -11.1227 0
      vertex 38.9722 -11.0278 2.6
      vertex 39.0804 -11.1227 2.6
    endloop
  endfacet
  facet normal 0.65939 0.751801 0
    outer loop
      vertex 38.9722 -11.0278 2.6
      vertex 39.0804 -11.1227 0
      vertex 38.9722 -11.0278 0
    endloop
  endfacet
  facet normal 0.947073 0.321018 0
    outer loop
      vertex 38.7337 -10.671 2.6
      vertex 38.6875 -10.5347 0
      vertex 38.6875 -10.5347 2.6
    endloop
  endfacet
  facet normal 0.947073 0.321018 0
    outer loop
      vertex 38.6875 -10.5347 0
      vertex 38.7337 -10.671 2.6
      vertex 38.7337 -10.671 0
    endloop
  endfacet
  facet normal 0.980741 0.195314 0
    outer loop
      vertex 38.6875 -10.5347 2.6
      vertex 38.6594 -10.3936 0
      vertex 38.6594 -10.3936 2.6
    endloop
  endfacet
  facet normal 0.980741 0.195314 0
    outer loop
      vertex 38.6594 -10.3936 0
      vertex 38.6875 -10.5347 2.6
      vertex 38.6875 -10.5347 0
    endloop
  endfacet
  facet normal 0.89664 0.44276 0
    outer loop
      vertex 38.7974 -10.8 2.6
      vertex 38.7337 -10.671 0
      vertex 38.7337 -10.671 2.6
    endloop
  endfacet
  facet normal 0.89664 0.44276 0
    outer loop
      vertex 38.7337 -10.671 0
      vertex 38.7974 -10.8 2.6
      vertex 38.7974 -10.8 0
    endloop
  endfacet
  facet normal -0.65939 0.751801 0
    outer loop
      vertex 40.5278 -11.0278 0
      vertex 40.4196 -11.1227 2.6
      vertex 40.5278 -11.0278 2.6
    endloop
  endfacet
  facet normal -0.65939 0.751801 0
    outer loop
      vertex 40.4196 -11.1227 2.6
      vertex 40.5278 -11.0278 0
      vertex 40.4196 -11.1227 0
    endloop
  endfacet
  facet normal -0.321018 0.947073 0
    outer loop
      vertex 40.171 -11.2663 0
      vertex 40.0347 -11.3125 2.6
      vertex 40.171 -11.2663 2.6
    endloop
  endfacet
  facet normal -0.321018 0.947073 0
    outer loop
      vertex 40.0347 -11.3125 2.6
      vertex 40.171 -11.2663 0
      vertex 40.0347 -11.3125 0
    endloop
  endfacet
  facet normal -0.195314 0.980741 0
    outer loop
      vertex 40.0347 -11.3125 0
      vertex 39.8936 -11.3406 2.6
      vertex 40.0347 -11.3125 2.6
    endloop
  endfacet
  facet normal -0.195314 0.980741 0
    outer loop
      vertex 39.8936 -11.3406 2.6
      vertex 40.0347 -11.3125 0
      vertex 39.8936 -11.3406 0
    endloop
  endfacet
  facet normal 0.0653198 0.997864 -0
    outer loop
      vertex 39.75 -11.35 0
      vertex 39.6064 -11.3406 2.6
      vertex 39.75 -11.35 2.6
    endloop
  endfacet
  facet normal 0.0653198 0.997864 0
    outer loop
      vertex 39.6064 -11.3406 2.6
      vertex 39.75 -11.35 0
      vertex 39.6064 -11.3406 0
    endloop
  endfacet
  facet normal 0.44276 0.89664 -0
    outer loop
      vertex 39.329 -11.2663 0
      vertex 39.2 -11.2026 2.6
      vertex 39.329 -11.2663 2.6
    endloop
  endfacet
  facet normal 0.44276 0.89664 0
    outer loop
      vertex 39.2 -11.2026 2.6
      vertex 39.329 -11.2663 0
      vertex 39.2 -11.2026 0
    endloop
  endfacet
  facet normal 0.321018 0.947073 -0
    outer loop
      vertex 39.4653 -11.3125 0
      vertex 39.329 -11.2663 2.6
      vertex 39.4653 -11.3125 2.6
    endloop
  endfacet
  facet normal 0.321018 0.947073 0
    outer loop
      vertex 39.329 -11.2663 2.6
      vertex 39.4653 -11.3125 0
      vertex 39.329 -11.2663 0
    endloop
  endfacet
  facet normal 1 -0 0
    outer loop
      vertex 19 -28 2.6
      vertex 19 -16 0
      vertex 19 -16 2.6
    endloop
  endfacet
  facet normal 1 0 0
    outer loop
      vertex 19 -16 0
      vertex 19 -28 2.6
      vertex 19 -28 0
    endloop
  endfacet
  facet normal 0 0 -1
    outer loop
      vertex 19 -28 2.6
      vertex 37 -16 2.6
      vertex 37 -28 2.6
    endloop
  endfacet
  facet normal -0 0 -1
    outer loop
      vertex 37 -16 2.6
      vertex 19 -28 2.6
      vertex 19 -16 2.6
    endloop
  endfacet
  facet normal -1 0 0
    outer loop
      vertex 37 -28 0
      vertex 37 -16 2.6
      vertex 37 -16 0
    endloop
  endfacet
  facet normal -1 -0 0
    outer loop
      vertex 37 -16 2.6
      vertex 37 -28 0
      vertex 37 -28 2.6
    endloop
  endfacet
  facet normal 0 1 -0
    outer loop
      vertex 37 -28 0
      vertex 19 -28 2.6
      vertex 37 -28 2.6
    endloop
  endfacet
  facet normal 0 1 0
    outer loop
      vertex 19 -28 2.6
      vertex 37 -28 0
      vertex 19 -28 0
    endloop
  endfacet
  facet normal 0 -1 0
    outer loop
      vertex 19 -16 0
      vertex 37 -16 2.6
      vertex 19 -16 2.6
    endloop
  endfacet
  facet normal 0 -1 -0
    outer loop
      vertex 37 -16 2.6
      vertex 19 -16 0
      vertex 37 -16 0
    endloop
  endfacet
  facet normal -0.997864 -0.0653198 0
    outer loop
      vertex 21.6 22 0
      vertex 21.5906 22.1436 2.6
      vertex 21.5906 22.1436 0
    endloop
  endfacet
  facet normal -0.997864 -0.0653198 0
    outer loop
      vertex 21.5906 22.1436 2.6
      vertex 21.6 22 0
      vertex 21.6 22 2.6
    endloop
  endfacet
  facet normal 0.997864 -0.0653198 0
    outer loop
      vertex 19.4 22 2.6
      vertex 19.4094 22.1436 0
      vertex 19.4094 22.1436 2.6
    endloop
  endfacet
  facet normal 0.997864 -0.0653198 0
    outer loop
      vertex 19.4094 22.1436 0
      vertex 19.4 22 2.6
      vertex 19.4 22 0
    endloop
  endfacet
  facet normal -0.0653198 -0.997864 0
    outer loop
      vertex 20.5 23.1 0
      vertex 20.6436 23.0906 2.6
      vertex 20.5 23.1 2.6
    endloop
  endfacet
  facet normal -0.0653198 -0.997864 -0
    outer loop
      vertex 20.6436 23.0906 2.6
      vertex 20.5 23.1 0
      vertex 20.6436 23.0906 0
    endloop
  endfacet
  facet normal -0.65939 -0.751801 0
    outer loop
      vertex 21.1696 22.8727 0
      vertex 21.2778 22.7778 2.6
      vertex 21.1696 22.8727 2.6
    endloop
  endfacet
  facet normal -0.65939 -0.751801 -0
    outer loop
      vertex 21.2778 22.7778 2.6
      vertex 21.1696 22.8727 0
      vertex 21.2778 22.7778 0
    endloop
  endfacet
  facet normal 0.65939 -0.751801 0
    outer loop
      vertex 19.7222 22.7778 0
      vertex 19.8304 22.8727 2.6
      vertex 19.7222 22.7778 2.6
    endloop
  endfacet
  facet normal 0.65939 -0.751801 0
    outer loop
      vertex 19.8304 22.8727 2.6
      vertex 19.7222 22.7778 0
      vertex 19.8304 22.8727 0
    endloop
  endfacet
  facet normal 0.321018 -0.947073 0
    outer loop
      vertex 20.079 23.0163 0
      vertex 20.2153 23.0625 2.6
      vertex 20.079 23.0163 2.6
    endloop
  endfacet
  facet normal 0.321018 -0.947073 0
    outer loop
      vertex 20.2153 23.0625 2.6
      vertex 20.079 23.0163 0
      vertex 20.2153 23.0625 0
    endloop
  endfacet
  facet normal -0.89664 -0.44276 0
    outer loop
      vertex 21.5163 22.421 0
      vertex 21.4526 22.55 2.6
      vertex 21.4526 22.55 0
    endloop
  endfacet
  facet normal -0.89664 -0.44276 0
    outer loop
      vertex 21.4526 22.55 2.6
      vertex 21.5163 22.421 0
      vertex 21.5163 22.421 2.6
    endloop
  endfacet
  facet normal -0.980741 -0.195314 0
    outer loop
      vertex 21.5906 22.1436 0
      vertex 21.5625 22.2847 2.6
      vertex 21.5625 22.2847 0
    endloop
  endfacet
  facet normal -0.980741 -0.195314 0
    outer loop
      vertex 21.5625 22.2847 2.6
      vertex 21.5906 22.1436 0
      vertex 21.5906 22.1436 2.6
    endloop
  endfacet
  facet normal -0.831515 -0.555502 0
    outer loop
      vertex 21.4526 22.55 0
      vertex 21.3727 22.6696 2.6
      vertex 21.3727 22.6696 0
    endloop
  endfacet
  facet normal -0.831515 -0.555502 0
    outer loop
      vertex 21.3727 22.6696 2.6
      vertex 21.4526 22.55 0
      vertex 21.4526 22.55 2.6
    endloop
  endfacet
  facet normal -0.321018 -0.947073 0
    outer loop
      vertex 20.7847 23.0625 0
      vertex 20.921 23.0163 2.6
      vertex 20.7847 23.0625 2.6
    endloop
  endfacet
  facet normal -0.321018 -0.947073 -0
    outer loop
      vertex 20.921 23.0163 2.6
      vertex 20.7847 23.0625 0
      vertex 20.921 23.0163 0
    endloop
  endfacet
  facet normal -0.195314 -0.980741 0
    outer loop
      vertex 20.6436 23.0906 0
      vertex 20.7847 23.0625 2.6
      vertex 20.6436 23.0906 2.6
    endloop
  endfacet
  facet normal -0.195314 -0.980741 -0
    outer loop
      vertex 20.7847 23.0625 2.6
      vertex 20.6436 23.0906 0
      vertex 20.7847 23.0625 0
    endloop
  endfacet
  facet normal -0.555502 -0.831515 0
    outer loop
      vertex 21.05 22.9526 0
      vertex 21.1696 22.8727 2.6
      vertex 21.05 22.9526 2.6
    endloop
  endfacet
  facet normal -0.555502 -0.831515 -0
    outer loop
      vertex 21.1696 22.8727 2.6
      vertex 21.05 22.9526 0
      vertex 21.1696 22.8727 0
    endloop
  endfacet
  facet normal 0.831515 -0.555502 0
    outer loop
      vertex 19.5474 22.55 2.6
      vertex 19.6273 22.6696 0
      vertex 19.6273 22.6696 2.6
    endloop
  endfacet
  facet normal 0.831515 -0.555502 0
    outer loop
      vertex 19.6273 22.6696 0
      vertex 19.5474 22.55 2.6
      vertex 19.5474 22.55 0
    endloop
  endfacet
  facet normal 0.751801 -0.65939 0
    outer loop
      vertex 19.6273 22.6696 2.6
      vertex 19.7222 22.7778 0
      vertex 19.7222 22.7778 2.6
    endloop
  endfacet
  facet normal 0.751801 -0.65939 0
    outer loop
      vertex 19.7222 22.7778 0
      vertex 19.6273 22.6696 2.6
      vertex 19.6273 22.6696 0
    endloop
  endfacet
  facet normal 0.947073 -0.321018 0
    outer loop
      vertex 19.4375 22.2847 2.6
      vertex 19.4837 22.421 0
      vertex 19.4837 22.421 2.6
    endloop
  endfacet
  facet normal 0.947073 -0.321018 0
    outer loop
      vertex 19.4837 22.421 0
      vertex 19.4375 22.2847 2.6
      vertex 19.4375 22.2847 0
    endloop
  endfacet
  facet normal 0.555502 -0.831515 0
    outer loop
      vertex 19.8304 22.8727 0
      vertex 19.95 22.9526 2.6
      vertex 19.8304 22.8727 2.6
    endloop
  endfacet
  facet normal 0.555502 -0.831515 0
    outer loop
      vertex 19.95 22.9526 2.6
      vertex 19.8304 22.8727 0
      vertex 19.95 22.9526 0
    endloop
  endfacet
  facet normal 0.195314 -0.980741 0
    outer loop
      vertex 20.2153 23.0625 0
      vertex 20.3564 23.0906 2.6
      vertex 20.2153 23.0625 2.6
    endloop
  endfacet
  facet normal 0.195314 -0.980741 0
    outer loop
      vertex 20.3564 23.0906 2.6
      vertex 20.2153 23.0625 0
      vertex 20.3564 23.0906 0
    endloop
  endfacet
  facet normal -0.947073 0.321018 0
    outer loop
      vertex 21.5163 21.579 0
      vertex 21.5625 21.7153 2.6
      vertex 21.5625 21.7153 0
    endloop
  endfacet
  facet normal -0.947073 0.321018 0
    outer loop
      vertex 21.5625 21.7153 2.6
      vertex 21.5163 21.579 0
      vertex 21.5163 21.579 2.6
    endloop
  endfacet
  facet normal -0.751801 0.65939 0
    outer loop
      vertex 21.2778 21.2222 0
      vertex 21.3727 21.3304 2.6
      vertex 21.3727 21.3304 0
    endloop
  endfacet
  facet normal -0.751801 0.65939 0
    outer loop
      vertex 21.3727 21.3304 2.6
      vertex 21.2778 21.2222 0
      vertex 21.2778 21.2222 2.6
    endloop
  endfacet
  facet normal 0.65939 0.751801 -0
    outer loop
      vertex 19.8304 21.1273 0
      vertex 19.7222 21.2222 2.6
      vertex 19.8304 21.1273 2.6
    endloop
  endfacet
  facet normal 0.65939 0.751801 0
    outer loop
      vertex 19.7222 21.2222 2.6
      vertex 19.8304 21.1273 0
      vertex 19.7222 21.2222 0
    endloop
  endfacet
  facet normal 0.321018 0.947073 -0
    outer loop
      vertex 20.2153 20.9375 0
      vertex 20.079 20.9837 2.6
      vertex 20.2153 20.9375 2.6
    endloop
  endfacet
  facet normal 0.321018 0.947073 0
    outer loop
      vertex 20.079 20.9837 2.6
      vertex 20.2153 20.9375 0
      vertex 20.079 20.9837 0
    endloop
  endfacet
  facet normal 0.751801 0.65939 0
    outer loop
      vertex 19.7222 21.2222 2.6
      vertex 19.6273 21.3304 0
      vertex 19.6273 21.3304 2.6
    endloop
  endfacet
  facet normal 0.751801 0.65939 0
    outer loop
      vertex 19.6273 21.3304 0
      vertex 19.7222 21.2222 2.6
      vertex 19.7222 21.2222 0
    endloop
  endfacet
  facet normal -0.947073 -0.321018 0
    outer loop
      vertex 21.5625 22.2847 0
      vertex 21.5163 22.421 2.6
      vertex 21.5163 22.421 0
    endloop
  endfacet
  facet normal -0.947073 -0.321018 0
    outer loop
      vertex 21.5163 22.421 2.6
      vertex 21.5625 22.2847 0
      vertex 21.5625 22.2847 2.6
    endloop
  endfacet
  facet normal 0.89664 -0.44276 0
    outer loop
      vertex 19.4837 22.421 2.6
      vertex 19.5474 22.55 0
      vertex 19.5474 22.55 2.6
    endloop
  endfacet
  facet normal 0.89664 -0.44276 0
    outer loop
      vertex 19.5474 22.55 0
      vertex 19.4837 22.421 2.6
      vertex 19.4837 22.421 0
    endloop
  endfacet
  facet normal 0.980741 -0.195314 0
    outer loop
      vertex 19.4094 22.1436 2.6
      vertex 19.4375 22.2847 0
      vertex 19.4375 22.2847 2.6
    endloop
  endfacet
  facet normal 0.980741 -0.195314 0
    outer loop
      vertex 19.4375 22.2847 0
      vertex 19.4094 22.1436 2.6
      vertex 19.4094 22.1436 0
    endloop
  endfacet
  facet normal 0 0 -1
    outer loop
      vertex 21.5906 21.8564 2.6
      vertex 21.5906 22.1436 2.6
      vertex 21.6 22 2.6
    endloop
  endfacet
  facet normal 0 0 -1
    outer loop
      vertex 21.5625 21.7153 2.6
      vertex 21.5906 22.1436 2.6
      vertex 21.5906 21.8564 2.6
    endloop
  endfacet
  facet normal 0 0 -1
    outer loop
      vertex 21.5625 21.7153 2.6
      vertex 21.5625 22.2847 2.6
      vertex 21.5906 22.1436 2.6
    endloop
  endfacet
  facet normal 0 0 -1
    outer loop
      vertex 21.5163 21.579 2.6
      vertex 21.5625 22.2847 2.6
      vertex 21.5625 21.7153 2.6
    endloop
  endfacet
  facet normal 0 0 -1
    outer loop
      vertex 21.5163 21.579 2.6
      vertex 21.5163 22.421 2.6
      vertex 21.5625 22.2847 2.6
    endloop
  endfacet
  facet normal 0 0 -1
    outer loop
      vertex 21.4526 21.45 2.6
      vertex 21.5163 22.421 2.6
      vertex 21.5163 21.579 2.6
    endloop
  endfacet
  facet normal 0 0 -1
    outer loop
      vertex 21.4526 21.45 2.6
      vertex 21.4526 22.55 2.6
      vertex 21.5163 22.421 2.6
    endloop
  endfacet
  facet normal 0 0 -1
    outer loop
      vertex 21.3727 21.3304 2.6
      vertex 21.4526 22.55 2.6
      vertex 21.4526 21.45 2.6
    endloop
  endfacet
  facet normal 0 0 -1
    outer loop
      vertex 21.3727 21.3304 2.6
      vertex 21.3727 22.6696 2.6
      vertex 21.4526 22.55 2.6
    endloop
  endfacet
  facet normal 0 0 -1
    outer loop
      vertex 21.2778 21.2222 2.6
      vertex 21.3727 22.6696 2.6
      vertex 21.3727 21.3304 2.6
    endloop
  endfacet
  facet normal 0 0 -1
    outer loop
      vertex 21.2778 21.2222 2.6
      vertex 21.2778 22.7778 2.6
      vertex 21.3727 22.6696 2.6
    endloop
  endfacet
  facet normal 0 0 -1
    outer loop
      vertex 21.1696 21.1273 2.6
      vertex 21.2778 22.7778 2.6
      vertex 21.2778 21.2222 2.6
    endloop
  endfacet
  facet normal 0 0 -1
    outer loop
      vertex 21.1696 21.1273 2.6
      vertex 21.1696 22.8727 2.6
      vertex 21.2778 22.7778 2.6
    endloop
  endfacet
  facet normal 0 0 -1
    outer loop
      vertex 21.05 21.0474 2.6
      vertex 21.1696 22.8727 2.6
      vertex 21.1696 21.1273 2.6
    endloop
  endfacet
  facet normal 0 0 -1
    outer loop
      vertex 21.05 21.0474 2.6
      vertex 21.05 22.9526 2.6
      vertex 21.1696 22.8727 2.6
    endloop
  endfacet
  facet normal 0 0 -1
    outer loop
      vertex 20.921 20.9837 2.6
      vertex 21.05 22.9526 2.6
      vertex 21.05 21.0474 2.6
    endloop
  endfacet
  facet normal 0 0 -1
    outer loop
      vertex 20.921 20.9837 2.6
      vertex 20.921 23.0163 2.6
      vertex 21.05 22.9526 2.6
    endloop
  endfacet
  facet normal 0 0 -1
    outer loop
      vertex 20.7847 20.9375 2.6
      vertex 20.921 23.0163 2.6
      vertex 20.921 20.9837 2.6
    endloop
  endfacet
  facet normal 0 0 -1
    outer loop
      vertex 20.7847 20.9375 2.6
      vertex 20.7847 23.0625 2.6
      vertex 20.921 23.0163 2.6
    endloop
  endfacet
  facet normal 0 0 -1
    outer loop
      vertex 20.6436 20.9094 2.6
      vertex 20.7847 23.0625 2.6
      vertex 20.7847 20.9375 2.6
    endloop
  endfacet
  facet normal 0 0 -1
    outer loop
      vertex 20.6436 20.9094 2.6
      vertex 20.6436 23.0906 2.6
      vertex 20.7847 23.0625 2.6
    endloop
  endfacet
  facet normal 0 0 -1
    outer loop
      vertex 20.5 20.9 2.6
      vertex 20.6436 23.0906 2.6
      vertex 20.6436 20.9094 2.6
    endloop
  endfacet
  facet normal 0 0 -1
    outer loop
      vertex 20.5 20.9 2.6
      vertex 20.5 23.1 2.6
      vertex 20.6436 23.0906 2.6
    endloop
  endfacet
  facet normal 0 0 -1
    outer loop
      vertex 20.3564 20.9094 2.6
      vertex 20.5 23.1 2.6
      vertex 20.5 20.9 2.6
    endloop
  endfacet
  facet normal 0 0 -1
    outer loop
      vertex 20.3564 20.9094 2.6
      vertex 20.3564 23.0906 2.6
      vertex 20.5 23.1 2.6
    endloop
  endfacet
  facet normal 0 0 -1
    outer loop
      vertex 20.2153 20.9375 2.6
      vertex 20.3564 23.0906 2.6
      vertex 20.3564 20.9094 2.6
    endloop
  endfacet
  facet normal 0 0 -1
    outer loop
      vertex 20.2153 20.9375 2.6
      vertex 20.2153 23.0625 2.6
      vertex 20.3564 23.0906 2.6
    endloop
  endfacet
  facet normal 0 0 -1
    outer loop
      vertex 20.079 20.9837 2.6
      vertex 20.2153 23.0625 2.6
      vertex 20.2153 20.9375 2.6
    endloop
  endfacet
  facet normal 0 0 -1
    outer loop
      vertex 20.079 20.9837 2.6
      vertex 20.079 23.0163 2.6
      vertex 20.2153 23.0625 2.6
    endloop
  endfacet
  facet normal 0 0 -1
    outer loop
      vertex 19.95 21.0474 2.6
      vertex 20.079 23.0163 2.6
      vertex 20.079 20.9837 2.6
    endloop
  endfacet
  facet normal 0 0 -1
    outer loop
      vertex 19.95 21.0474 2.6
      vertex 19.95 22.9526 2.6
      vertex 20.079 23.0163 2.6
    endloop
  endfacet
  facet normal 0 0 -1
    outer loop
      vertex 19.8304 21.1273 2.6
      vertex 19.95 22.9526 2.6
      vertex 19.95 21.0474 2.6
    endloop
  endfacet
  facet normal 0 0 -1
    outer loop
      vertex 19.8304 21.1273 2.6
      vertex 19.8304 22.8727 2.6
      vertex 19.95 22.9526 2.6
    endloop
  endfacet
  facet normal 0 0 -1
    outer loop
      vertex 19.7222 21.2222 2.6
      vertex 19.8304 22.8727 2.6
      vertex 19.8304 21.1273 2.6
    endloop
  endfacet
  facet normal 0 0 -1
    outer loop
      vertex 19.7222 21.2222 2.6
      vertex 19.7222 22.7778 2.6
      vertex 19.8304 22.8727 2.6
    endloop
  endfacet
  facet normal 0 0 -1
    outer loop
      vertex 19.6273 21.3304 2.6
      vertex 19.7222 22.7778 2.6
      vertex 19.7222 21.2222 2.6
    endloop
  endfacet
  facet normal 0 0 -1
    outer loop
      vertex 19.6273 21.3304 2.6
      vertex 19.6273 22.6696 2.6
      vertex 19.7222 22.7778 2.6
    endloop
  endfacet
  facet normal 0 0 -1
    outer loop
      vertex 19.5474 21.45 2.6
      vertex 19.6273 22.6696 2.6
      vertex 19.6273 21.3304 2.6
    endloop
  endfacet
  facet normal 0 0 -1
    outer loop
      vertex 19.5474 21.45 2.6
      vertex 19.5474 22.55 2.6
      vertex 19.6273 22.6696 2.6
    endloop
  endfacet
  facet normal 0 0 -1
    outer loop
      vertex 19.4837 21.579 2.6
      vertex 19.5474 22.55 2.6
      vertex 19.5474 21.45 2.6
    endloop
  endfacet
  facet normal 0 0 -1
    outer loop
      vertex 19.4837 21.579 2.6
      vertex 19.4837 22.421 2.6
      vertex 19.5474 22.55 2.6
    endloop
  endfacet
  facet normal 0 0 -1
    outer loop
      vertex 19.4375 21.7153 2.6
      vertex 19.4837 22.421 2.6
      vertex 19.4837 21.579 2.6
    endloop
  endfacet
  facet normal 0 0 -1
    outer loop
      vertex 19.4375 21.7153 2.6
      vertex 19.4375 22.2847 2.6
      vertex 19.4837 22.421 2.6
    endloop
  endfacet
  facet normal 0 0 -1
    outer loop
      vertex 19.4094 21.8564 2.6
      vertex 19.4375 22.2847 2.6
      vertex 19.4375 21.7153 2.6
    endloop
  endfacet
  facet normal 0 0 -1
    outer loop
      vertex 19.4094 21.8564 2.6
      vertex 19.4094 22.1436 2.6
      vertex 19.4375 22.2847 2.6
    endloop
  endfacet
  facet normal 0 -0 -1
    outer loop
      vertex 19.4094 22.1436 2.6
      vertex 19.4094 21.8564 2.6
      vertex 19.4 22 2.6
    endloop
  endfacet
  facet normal 0.44276 -0.89664 0
    outer loop
      vertex 19.95 22.9526 0
      vertex 20.079 23.0163 2.6
      vertex 19.95 22.9526 2.6
    endloop
  endfacet
  facet normal 0.44276 -0.89664 0
    outer loop
      vertex 20.079 23.0163 2.6
      vertex 19.95 22.9526 0
      vertex 20.079 23.0163 0
    endloop
  endfacet
  facet normal 0.0653198 -0.997864 0
    outer loop
      vertex 20.3564 23.0906 0
      vertex 20.5 23.1 2.6
      vertex 20.3564 23.0906 2.6
    endloop
  endfacet
  facet normal 0.0653198 -0.997864 0
    outer loop
      vertex 20.5 23.1 2.6
      vertex 20.3564 23.0906 0
      vertex 20.5 23.1 0
    endloop
  endfacet
  facet normal -0.0653198 0.997864 0
    outer loop
      vertex 20.6436 20.9094 0
      vertex 20.5 20.9 2.6
      vertex 20.6436 20.9094 2.6
    endloop
  endfacet
  facet normal -0.0653198 0.997864 0
    outer loop
      vertex 20.5 20.9 2.6
      vertex 20.6436 20.9094 0
      vertex 20.5 20.9 0
    endloop
  endfacet
  facet normal -0.321018 0.947073 0
    outer loop
      vertex 20.921 20.9837 0
      vertex 20.7847 20.9375 2.6
      vertex 20.921 20.9837 2.6
    endloop
  endfacet
  facet normal -0.321018 0.947073 0
    outer loop
      vertex 20.7847 20.9375 2.6
      vertex 20.921 20.9837 0
      vertex 20.7847 20.9375 0
    endloop
  endfacet
  facet normal -0.44276 0.89664 0
    outer loop
      vertex 21.05 21.0474 0
      vertex 20.921 20.9837 2.6
      vertex 21.05 21.0474 2.6
    endloop
  endfacet
  facet normal -0.44276 0.89664 0
    outer loop
      vertex 20.921 20.9837 2.6
      vertex 21.05 21.0474 0
      vertex 20.921 20.9837 0
    endloop
  endfacet
  facet normal -0.65939 0.751801 0
    outer loop
      vertex 21.2778 21.2222 0
      vertex 21.1696 21.1273 2.6
      vertex 21.2778 21.2222 2.6
    endloop
  endfacet
  facet normal -0.65939 0.751801 0
    outer loop
      vertex 21.1696 21.1273 2.6
      vertex 21.2778 21.2222 0
      vertex 21.1696 21.1273 0
    endloop
  endfacet
  facet normal -0.555502 0.831515 0
    outer loop
      vertex 21.1696 21.1273 0
      vertex 21.05 21.0474 2.6
      vertex 21.1696 21.1273 2.6
    endloop
  endfacet
  facet normal -0.555502 0.831515 0
    outer loop
      vertex 21.05 21.0474 2.6
      vertex 21.1696 21.1273 0
      vertex 21.05 21.0474 0
    endloop
  endfacet
  facet normal -0.831515 0.555502 0
    outer loop
      vertex 21.3727 21.3304 0
      vertex 21.4526 21.45 2.6
      vertex 21.4526 21.45 0
    endloop
  endfacet
  facet normal -0.831515 0.555502 0
    outer loop
      vertex 21.4526 21.45 2.6
      vertex 21.3727 21.3304 0
      vertex 21.3727 21.3304 2.6
    endloop
  endfacet
  facet normal -0.980741 0.195314 0
    outer loop
      vertex 21.5625 21.7153 0
      vertex 21.5906 21.8564 2.6
      vertex 21.5906 21.8564 0
    endloop
  endfacet
  facet normal -0.980741 0.195314 0
    outer loop
      vertex 21.5906 21.8564 2.6
      vertex 21.5625 21.7153 0
      vertex 21.5625 21.7153 2.6
    endloop
  endfacet
  facet normal 0.555502 0.831515 -0
    outer loop
      vertex 19.95 21.0474 0
      vertex 19.8304 21.1273 2.6
      vertex 19.95 21.0474 2.6
    endloop
  endfacet
  facet normal 0.555502 0.831515 0
    outer loop
      vertex 19.8304 21.1273 2.6
      vertex 19.95 21.0474 0
      vertex 19.8304 21.1273 0
    endloop
  endfacet
  facet normal 0.44276 0.89664 -0
    outer loop
      vertex 20.079 20.9837 0
      vertex 19.95 21.0474 2.6
      vertex 20.079 20.9837 2.6
    endloop
  endfacet
  facet normal 0.44276 0.89664 0
    outer loop
      vertex 19.95 21.0474 2.6
      vertex 20.079 20.9837 0
      vertex 19.95 21.0474 0
    endloop
  endfacet
  facet normal 0.195314 0.980741 -0
    outer loop
      vertex 20.3564 20.9094 0
      vertex 20.2153 20.9375 2.6
      vertex 20.3564 20.9094 2.6
    endloop
  endfacet
  facet normal 0.195314 0.980741 0
    outer loop
      vertex 20.2153 20.9375 2.6
      vertex 20.3564 20.9094 0
      vertex 20.2153 20.9375 0
    endloop
  endfacet
  facet normal 0.89664 0.44276 0
    outer loop
      vertex 19.5474 21.45 2.6
      vertex 19.4837 21.579 0
      vertex 19.4837 21.579 2.6
    endloop
  endfacet
  facet normal 0.89664 0.44276 0
    outer loop
      vertex 19.4837 21.579 0
      vertex 19.5474 21.45 2.6
      vertex 19.5474 21.45 0
    endloop
  endfacet
  facet normal 0.947073 0.321018 0
    outer loop
      vertex 19.4837 21.579 2.6
      vertex 19.4375 21.7153 0
      vertex 19.4375 21.7153 2.6
    endloop
  endfacet
  facet normal 0.947073 0.321018 0
    outer loop
      vertex 19.4375 21.7153 0
      vertex 19.4837 21.579 2.6
      vertex 19.4837 21.579 0
    endloop
  endfacet
  facet normal 0.997864 0.0653198 0
    outer loop
      vertex 19.4094 21.8564 2.6
      vertex 19.4 22 0
      vertex 19.4 22 2.6
    endloop
  endfacet
  facet normal 0.997864 0.0653198 0
    outer loop
      vertex 19.4 22 0
      vertex 19.4094 21.8564 2.6
      vertex 19.4094 21.8564 0
    endloop
  endfacet
  facet normal -0.751801 -0.65939 0
    outer loop
      vertex 21.3727 22.6696 0
      vertex 21.2778 22.7778 2.6
      vertex 21.2778 22.7778 0
    endloop
  endfacet
  facet normal -0.751801 -0.65939 0
    outer loop
      vertex 21.2778 22.7778 2.6
      vertex 21.3727 22.6696 0
      vertex 21.3727 22.6696 2.6
    endloop
  endfacet
  facet normal -0.44276 -0.89664 0
    outer loop
      vertex 20.921 23.0163 0
      vertex 21.05 22.9526 2.6
      vertex 20.921 23.0163 2.6
    endloop
  endfacet
  facet normal -0.44276 -0.89664 -0
    outer loop
      vertex 21.05 22.9526 2.6
      vertex 20.921 23.0163 0
      vertex 21.05 22.9526 0
    endloop
  endfacet
  facet normal -0.195314 0.980741 0
    outer loop
      vertex 20.7847 20.9375 0
      vertex 20.6436 20.9094 2.6
      vertex 20.7847 20.9375 2.6
    endloop
  endfacet
  facet normal -0.195314 0.980741 0
    outer loop
      vertex 20.6436 20.9094 2.6
      vertex 20.7847 20.9375 0
      vertex 20.6436 20.9094 0
    endloop
  endfacet
  facet normal -0.89664 0.44276 0
    outer loop
      vertex 21.4526 21.45 0
      vertex 21.5163 21.579 2.6
      vertex 21.5163 21.579 0
    endloop
  endfacet
  facet normal -0.89664 0.44276 0
    outer loop
      vertex 21.5163 21.579 2.6
      vertex 21.4526 21.45 0
      vertex 21.4526 21.45 2.6
    endloop
  endfacet
  facet normal -0.997864 0.0653198 0
    outer loop
      vertex 21.5906 21.8564 0
      vertex 21.6 22 2.6
      vertex 21.6 22 0
    endloop
  endfacet
  facet normal -0.997864 0.0653198 0
    outer loop
      vertex 21.6 22 2.6
      vertex 21.5906 21.8564 0
      vertex 21.5906 21.8564 2.6
    endloop
  endfacet
  facet normal 0.0653198 0.997864 -0
    outer loop
      vertex 20.5 20.9 0
      vertex 20.3564 20.9094 2.6
      vertex 20.5 20.9 2.6
    endloop
  endfacet
  facet normal 0.0653198 0.997864 0
    outer loop
      vertex 20.3564 20.9094 2.6
      vertex 20.5 20.9 0
      vertex 20.3564 20.9094 0
    endloop
  endfacet
  facet normal 0.831515 0.555502 0
    outer loop
      vertex 19.6273 21.3304 2.6
      vertex 19.5474 21.45 0
      vertex 19.5474 21.45 2.6
    endloop
  endfacet
  facet normal 0.831515 0.555502 0
    outer loop
      vertex 19.5474 21.45 0
      vertex 19.6273 21.3304 2.6
      vertex 19.6273 21.3304 0
    endloop
  endfacet
  facet normal 0.980741 0.195314 0
    outer loop
      vertex 19.4375 21.7153 2.6
      vertex 19.4094 21.8564 0
      vertex 19.4094 21.8564 2.6
    endloop
  endfacet
  facet normal 0.980741 0.195314 0
    outer loop
      vertex 19.4094 21.8564 0
      vertex 19.4375 21.7153 2.6
      vertex 19.4375 21.7153 0
    endloop
  endfacet
  facet normal -0.997864 -0.0653198 0
    outer loop
      vertex 36.6 22 0
      vertex 36.5906 22.1436 2.6
      vertex 36.5906 22.1436 0
    endloop
  endfacet
  facet normal -0.997864 -0.0653198 0
    outer loop
      vertex 36.5906 22.1436 2.6
      vertex 36.6 22 0
      vertex 36.6 22 2.6
    endloop
  endfacet
  facet normal 0.997864 -0.0653198 0
    outer loop
      vertex 34.4 22 2.6
      vertex 34.4094 22.1436 0
      vertex 34.4094 22.1436 2.6
    endloop
  endfacet
  facet normal 0.997864 -0.0653198 0
    outer loop
      vertex 34.4094 22.1436 0
      vertex 34.4 22 2.6
      vertex 34.4 22 0
    endloop
  endfacet
  facet normal -0.0653198 -0.997864 0
    outer loop
      vertex 35.5 23.1 0
      vertex 35.6436 23.0906 2.6
      vertex 35.5 23.1 2.6
    endloop
  endfacet
  facet normal -0.0653198 -0.997864 -0
    outer loop
      vertex 35.6436 23.0906 2.6
      vertex 35.5 23.1 0
      vertex 35.6436 23.0906 0
    endloop
  endfacet
  facet normal 0.0653198 0.997864 -0
    outer loop
      vertex 35.5 20.9 0
      vertex 35.3564 20.9094 2.6
      vertex 35.5 20.9 2.6
    endloop
  endfacet
  facet normal 0.0653198 0.997864 0
    outer loop
      vertex 35.3564 20.9094 2.6
      vertex 35.5 20.9 0
      vertex 35.3564 20.9094 0
    endloop
  endfacet
  facet normal -0.65939 -0.751801 0
    outer loop
      vertex 36.1696 22.8727 0
      vertex 36.2778 22.7778 2.6
      vertex 36.1696 22.8727 2.6
    endloop
  endfacet
  facet normal -0.65939 -0.751801 -0
    outer loop
      vertex 36.2778 22.7778 2.6
      vertex 36.1696 22.8727 0
      vertex 36.2778 22.7778 0
    endloop
  endfacet
  facet normal 0.65939 -0.751801 0
    outer loop
      vertex 34.7222 22.7778 0
      vertex 34.8304 22.8727 2.6
      vertex 34.7222 22.7778 2.6
    endloop
  endfacet
  facet normal 0.65939 -0.751801 0
    outer loop
      vertex 34.8304 22.8727 2.6
      vertex 34.7222 22.7778 0
      vertex 34.8304 22.8727 0
    endloop
  endfacet
  facet normal 0.321018 -0.947073 0
    outer loop
      vertex 35.079 23.0163 0
      vertex 35.2153 23.0625 2.6
      vertex 35.079 23.0163 2.6
    endloop
  endfacet
  facet normal 0.321018 -0.947073 0
    outer loop
      vertex 35.2153 23.0625 2.6
      vertex 35.079 23.0163 0
      vertex 35.2153 23.0625 0
    endloop
  endfacet
  facet normal -0.89664 -0.44276 0
    outer loop
      vertex 36.5163 22.421 0
      vertex 36.4526 22.55 2.6
      vertex 36.4526 22.55 0
    endloop
  endfacet
  facet normal -0.89664 -0.44276 0
    outer loop
      vertex 36.4526 22.55 2.6
      vertex 36.5163 22.421 0
      vertex 36.5163 22.421 2.6
    endloop
  endfacet
  facet normal -0.980741 -0.195314 0
    outer loop
      vertex 36.5906 22.1436 0
      vertex 36.5625 22.2847 2.6
      vertex 36.5625 22.2847 0
    endloop
  endfacet
  facet normal -0.980741 -0.195314 0
    outer loop
      vertex 36.5625 22.2847 2.6
      vertex 36.5906 22.1436 0
      vertex 36.5906 22.1436 2.6
    endloop
  endfacet
  facet normal -0.831515 -0.555502 0
    outer loop
      vertex 36.4526 22.55 0
      vertex 36.3727 22.6696 2.6
      vertex 36.3727 22.6696 0
    endloop
  endfacet
  facet normal -0.831515 -0.555502 0
    outer loop
      vertex 36.3727 22.6696 2.6
      vertex 36.4526 22.55 0
      vertex 36.4526 22.55 2.6
    endloop
  endfacet
  facet normal -0.321018 -0.947073 0
    outer loop
      vertex 35.7847 23.0625 0
      vertex 35.921 23.0163 2.6
      vertex 35.7847 23.0625 2.6
    endloop
  endfacet
  facet normal -0.321018 -0.947073 -0
    outer loop
      vertex 35.921 23.0163 2.6
      vertex 35.7847 23.0625 0
      vertex 35.921 23.0163 0
    endloop
  endfacet
  facet normal -0.195314 -0.980741 0
    outer loop
      vertex 35.6436 23.0906 0
      vertex 35.7847 23.0625 2.6
      vertex 35.6436 23.0906 2.6
    endloop
  endfacet
  facet normal -0.195314 -0.980741 -0
    outer loop
      vertex 35.7847 23.0625 2.6
      vertex 35.6436 23.0906 0
      vertex 35.7847 23.0625 0
    endloop
  endfacet
  facet normal -0.555502 -0.831515 0
    outer loop
      vertex 36.05 22.9526 0
      vertex 36.1696 22.8727 2.6
      vertex 36.05 22.9526 2.6
    endloop
  endfacet
  facet normal -0.555502 -0.831515 -0
    outer loop
      vertex 36.1696 22.8727 2.6
      vertex 36.05 22.9526 0
      vertex 36.1696 22.8727 0
    endloop
  endfacet
  facet normal 0.831515 -0.555502 0
    outer loop
      vertex 34.5474 22.55 2.6
      vertex 34.6273 22.6696 0
      vertex 34.6273 22.6696 2.6
    endloop
  endfacet
  facet normal 0.831515 -0.555502 0
    outer loop
      vertex 34.6273 22.6696 0
      vertex 34.5474 22.55 2.6
      vertex 34.5474 22.55 0
    endloop
  endfacet
  facet normal 0.751801 -0.65939 0
    outer loop
      vertex 34.6273 22.6696 2.6
      vertex 34.7222 22.7778 0
      vertex 34.7222 22.7778 2.6
    endloop
  endfacet
  facet normal 0.751801 -0.65939 0
    outer loop
      vertex 34.7222 22.7778 0
      vertex 34.6273 22.6696 2.6
      vertex 34.6273 22.6696 0
    endloop
  endfacet
  facet normal 0.947073 -0.321018 0
    outer loop
      vertex 34.4375 22.2847 2.6
      vertex 34.4837 22.421 0
      vertex 34.4837 22.421 2.6
    endloop
  endfacet
  facet normal 0.947073 -0.321018 0
    outer loop
      vertex 34.4837 22.421 0
      vertex 34.4375 22.2847 2.6
      vertex 34.4375 22.2847 0
    endloop
  endfacet
  facet normal 0.555502 -0.831515 0
    outer loop
      vertex 34.8304 22.8727 0
      vertex 34.95 22.9526 2.6
      vertex 34.8304 22.8727 2.6
    endloop
  endfacet
  facet normal 0.555502 -0.831515 0
    outer loop
      vertex 34.95 22.9526 2.6
      vertex 34.8304 22.8727 0
      vertex 34.95 22.9526 0
    endloop
  endfacet
  facet normal 0.195314 -0.980741 0
    outer loop
      vertex 35.2153 23.0625 0
      vertex 35.3564 23.0906 2.6
      vertex 35.2153 23.0625 2.6
    endloop
  endfacet
  facet normal 0.195314 -0.980741 0
    outer loop
      vertex 35.3564 23.0906 2.6
      vertex 35.2153 23.0625 0
      vertex 35.3564 23.0906 0
    endloop
  endfacet
  facet normal -0.947073 0.321018 0
    outer loop
      vertex 36.5163 21.579 0
      vertex 36.5625 21.7153 2.6
      vertex 36.5625 21.7153 0
    endloop
  endfacet
  facet normal -0.947073 0.321018 0
    outer loop
      vertex 36.5625 21.7153 2.6
      vertex 36.5163 21.579 0
      vertex 36.5163 21.579 2.6
    endloop
  endfacet
  facet normal -0.321018 0.947073 0
    outer loop
      vertex 35.921 20.9837 0
      vertex 35.7847 20.9375 2.6
      vertex 35.921 20.9837 2.6
    endloop
  endfacet
  facet normal -0.321018 0.947073 0
    outer loop
      vertex 35.7847 20.9375 2.6
      vertex 35.921 20.9837 0
      vertex 35.7847 20.9375 0
    endloop
  endfacet
  facet normal -0.751801 0.65939 0
    outer loop
      vertex 36.2778 21.2222 0
      vertex 36.3727 21.3304 2.6
      vertex 36.3727 21.3304 0
    endloop
  endfacet
  facet normal -0.751801 0.65939 0
    outer loop
      vertex 36.3727 21.3304 2.6
      vertex 36.2778 21.2222 0
      vertex 36.2778 21.2222 2.6
    endloop
  endfacet
  facet normal -0.555502 0.831515 0
    outer loop
      vertex 36.1696 21.1273 0
      vertex 36.05 21.0474 2.6
      vertex 36.1696 21.1273 2.6
    endloop
  endfacet
  facet normal -0.555502 0.831515 0
    outer loop
      vertex 36.05 21.0474 2.6
      vertex 36.1696 21.1273 0
      vertex 36.05 21.0474 0
    endloop
  endfacet
  facet normal 0.65939 0.751801 -0
    outer loop
      vertex 34.8304 21.1273 0
      vertex 34.7222 21.2222 2.6
      vertex 34.8304 21.1273 2.6
    endloop
  endfacet
  facet normal 0.65939 0.751801 0
    outer loop
      vertex 34.7222 21.2222 2.6
      vertex 34.8304 21.1273 0
      vertex 34.7222 21.2222 0
    endloop
  endfacet
  facet normal 0.321018 0.947073 -0
    outer loop
      vertex 35.2153 20.9375 0
      vertex 35.079 20.9837 2.6
      vertex 35.2153 20.9375 2.6
    endloop
  endfacet
  facet normal 0.321018 0.947073 0
    outer loop
      vertex 35.079 20.9837 2.6
      vertex 35.2153 20.9375 0
      vertex 35.079 20.9837 0
    endloop
  endfacet
  facet normal 0.751801 0.65939 0
    outer loop
      vertex 34.7222 21.2222 2.6
      vertex 34.6273 21.3304 0
      vertex 34.6273 21.3304 2.6
    endloop
  endfacet
  facet normal 0.751801 0.65939 0
    outer loop
      vertex 34.6273 21.3304 0
      vertex 34.7222 21.2222 2.6
      vertex 34.7222 21.2222 0
    endloop
  endfacet
  facet normal -0.947073 -0.321018 0
    outer loop
      vertex 36.5625 22.2847 0
      vertex 36.5163 22.421 2.6
      vertex 36.5163 22.421 0
    endloop
  endfacet
  facet normal -0.947073 -0.321018 0
    outer loop
      vertex 36.5163 22.421 2.6
      vertex 36.5625 22.2847 0
      vertex 36.5625 22.2847 2.6
    endloop
  endfacet
  facet normal 0.89664 -0.44276 0
    outer loop
      vertex 34.4837 22.421 2.6
      vertex 34.5474 22.55 0
      vertex 34.5474 22.55 2.6
    endloop
  endfacet
  facet normal 0.89664 -0.44276 0
    outer loop
      vertex 34.5474 22.55 0
      vertex 34.4837 22.421 2.6
      vertex 34.4837 22.421 0
    endloop
  endfacet
  facet normal 0.980741 -0.195314 0
    outer loop
      vertex 34.4094 22.1436 2.6
      vertex 34.4375 22.2847 0
      vertex 34.4375 22.2847 2.6
    endloop
  endfacet
  facet normal 0.980741 -0.195314 0
    outer loop
      vertex 34.4375 22.2847 0
      vertex 34.4094 22.1436 2.6
      vertex 34.4094 22.1436 0
    endloop
  endfacet
  facet normal 0 0 -1
    outer loop
      vertex 36.5906 21.8564 2.6
      vertex 36.5906 22.1436 2.6
      vertex 36.6 22 2.6
    endloop
  endfacet
  facet normal 0 0 -1
    outer loop
      vertex 36.5625 21.7153 2.6
      vertex 36.5906 22.1436 2.6
      vertex 36.5906 21.8564 2.6
    endloop
  endfacet
  facet normal 0 0 -1
    outer loop
      vertex 36.5625 21.7153 2.6
      vertex 36.5625 22.2847 2.6
      vertex 36.5906 22.1436 2.6
    endloop
  endfacet
  facet normal 0 0 -1
    outer loop
      vertex 36.5163 21.579 2.6
      vertex 36.5625 22.2847 2.6
      vertex 36.5625 21.7153 2.6
    endloop
  endfacet
  facet normal 0 0 -1
    outer loop
      vertex 36.5163 21.579 2.6
      vertex 36.5163 22.421 2.6
      vertex 36.5625 22.2847 2.6
    endloop
  endfacet
  facet normal 0 0 -1
    outer loop
      vertex 36.4526 21.45 2.6
      vertex 36.5163 22.421 2.6
      vertex 36.5163 21.579 2.6
    endloop
  endfacet
  facet normal 0 0 -1
    outer loop
      vertex 36.4526 21.45 2.6
      vertex 36.4526 22.55 2.6
      vertex 36.5163 22.421 2.6
    endloop
  endfacet
  facet normal 0 0 -1
    outer loop
      vertex 36.3727 21.3304 2.6
      vertex 36.4526 22.55 2.6
      vertex 36.4526 21.45 2.6
    endloop
  endfacet
  facet normal 0 0 -1
    outer loop
      vertex 36.3727 21.3304 2.6
      vertex 36.3727 22.6696 2.6
      vertex 36.4526 22.55 2.6
    endloop
  endfacet
  facet normal 0 0 -1
    outer loop
      vertex 36.2778 21.2222 2.6
      vertex 36.3727 22.6696 2.6
      vertex 36.3727 21.3304 2.6
    endloop
  endfacet
  facet normal 0 0 -1
    outer loop
      vertex 36.2778 21.2222 2.6
      vertex 36.2778 22.7778 2.6
      vertex 36.3727 22.6696 2.6
    endloop
  endfacet
  facet normal 0 0 -1
    outer loop
      vertex 36.1696 21.1273 2.6
      vertex 36.2778 22.7778 2.6
      vertex 36.2778 21.2222 2.6
    endloop
  endfacet
  facet normal 0 0 -1
    outer loop
      vertex 36.1696 21.1273 2.6
      vertex 36.1696 22.8727 2.6
      vertex 36.2778 22.7778 2.6
    endloop
  endfacet
  facet normal 0 0 -1
    outer loop
      vertex 36.05 21.0474 2.6
      vertex 36.1696 22.8727 2.6
      vertex 36.1696 21.1273 2.6
    endloop
  endfacet
  facet normal 0 0 -1
    outer loop
      vertex 36.05 21.0474 2.6
      vertex 36.05 22.9526 2.6
      vertex 36.1696 22.8727 2.6
    endloop
  endfacet
  facet normal 0 0 -1
    outer loop
      vertex 35.921 20.9837 2.6
      vertex 36.05 22.9526 2.6
      vertex 36.05 21.0474 2.6
    endloop
  endfacet
  facet normal 0 0 -1
    outer loop
      vertex 35.921 20.9837 2.6
      vertex 35.921 23.0163 2.6
      vertex 36.05 22.9526 2.6
    endloop
  endfacet
  facet normal 0 0 -1
    outer loop
      vertex 35.7847 20.9375 2.6
      vertex 35.921 23.0163 2.6
      vertex 35.921 20.9837 2.6
    endloop
  endfacet
  facet normal 0 0 -1
    outer loop
      vertex 35.7847 20.9375 2.6
      vertex 35.7847 23.0625 2.6
      vertex 35.921 23.0163 2.6
    endloop
  endfacet
  facet normal 0 0 -1
    outer loop
      vertex 35.6436 20.9094 2.6
      vertex 35.7847 23.0625 2.6
      vertex 35.7847 20.9375 2.6
    endloop
  endfacet
  facet normal 0 0 -1
    outer loop
      vertex 35.6436 20.9094 2.6
      vertex 35.6436 23.0906 2.6
      vertex 35.7847 23.0625 2.6
    endloop
  endfacet
  facet normal 0 0 -1
    outer loop
      vertex 35.5 20.9 2.6
      vertex 35.6436 23.0906 2.6
      vertex 35.6436 20.9094 2.6
    endloop
  endfacet
  facet normal 0 0 -1
    outer loop
      vertex 35.5 20.9 2.6
      vertex 35.5 23.1 2.6
      vertex 35.6436 23.0906 2.6
    endloop
  endfacet
  facet normal 0 0 -1
    outer loop
      vertex 35.3564 20.9094 2.6
      vertex 35.5 23.1 2.6
      vertex 35.5 20.9 2.6
    endloop
  endfacet
  facet normal 0 0 -1
    outer loop
      vertex 35.3564 20.9094 2.6
      vertex 35.3564 23.0906 2.6
      vertex 35.5 23.1 2.6
    endloop
  endfacet
  facet normal 0 0 -1
    outer loop
      vertex 35.2153 20.9375 2.6
      vertex 35.3564 23.0906 2.6
      vertex 35.3564 20.9094 2.6
    endloop
  endfacet
  facet normal 0 0 -1
    outer loop
      vertex 35.2153 20.9375 2.6
      vertex 35.2153 23.0625 2.6
      vertex 35.3564 23.0906 2.6
    endloop
  endfacet
  facet normal 0 0 -1
    outer loop
      vertex 35.079 20.9837 2.6
      vertex 35.2153 23.0625 2.6
      vertex 35.2153 20.9375 2.6
    endloop
  endfacet
  facet normal 0 0 -1
    outer loop
      vertex 35.079 20.9837 2.6
      vertex 35.079 23.0163 2.6
      vertex 35.2153 23.0625 2.6
    endloop
  endfacet
  facet normal 0 0 -1
    outer loop
      vertex 34.95 21.0474 2.6
      vertex 35.079 23.0163 2.6
      vertex 35.079 20.9837 2.6
    endloop
  endfacet
  facet normal 0 0 -1
    outer loop
      vertex 34.95 21.0474 2.6
      vertex 34.95 22.9526 2.6
      vertex 35.079 23.0163 2.6
    endloop
  endfacet
  facet normal 0 0 -1
    outer loop
      vertex 34.8304 21.1273 2.6
      vertex 34.95 22.9526 2.6
      vertex 34.95 21.0474 2.6
    endloop
  endfacet
  facet normal 0 0 -1
    outer loop
      vertex 34.8304 21.1273 2.6
      vertex 34.8304 22.8727 2.6
      vertex 34.95 22.9526 2.6
    endloop
  endfacet
  facet normal 0 0 -1
    outer loop
      vertex 34.7222 21.2222 2.6
      vertex 34.8304 22.8727 2.6
      vertex 34.8304 21.1273 2.6
    endloop
  endfacet
  facet normal 0 0 -1
    outer loop
      vertex 34.7222 21.2222 2.6
      vertex 34.7222 22.7778 2.6
      vertex 34.8304 22.8727 2.6
    endloop
  endfacet
  facet normal 0 0 -1
    outer loop
      vertex 34.6273 21.3304 2.6
      vertex 34.7222 22.7778 2.6
      vertex 34.7222 21.2222 2.6
    endloop
  endfacet
  facet normal 0 0 -1
    outer loop
      vertex 34.6273 21.3304 2.6
      vertex 34.6273 22.6696 2.6
      vertex 34.7222 22.7778 2.6
    endloop
  endfacet
  facet normal 0 0 -1
    outer loop
      vertex 34.5474 21.45 2.6
      vertex 34.6273 22.6696 2.6
      vertex 34.6273 21.3304 2.6
    endloop
  endfacet
  facet normal 0 0 -1
    outer loop
      vertex 34.5474 21.45 2.6
      vertex 34.5474 22.55 2.6
      vertex 34.6273 22.6696 2.6
    endloop
  endfacet
  facet normal 0 0 -1
    outer loop
      vertex 34.4837 21.579 2.6
      vertex 34.5474 22.55 2.6
      vertex 34.5474 21.45 2.6
    endloop
  endfacet
  facet normal 0 0 -1
    outer loop
      vertex 34.4837 21.579 2.6
      vertex 34.4837 22.421 2.6
      vertex 34.5474 22.55 2.6
    endloop
  endfacet
  facet normal 0 0 -1
    outer loop
      vertex 34.4375 21.7153 2.6
      vertex 34.4837 22.421 2.6
      vertex 34.4837 21.579 2.6
    endloop
  endfacet
  facet normal 0 0 -1
    outer loop
      vertex 34.4375 21.7153 2.6
      vertex 34.4375 22.2847 2.6
      vertex 34.4837 22.421 2.6
    endloop
  endfacet
  facet normal 0 0 -1
    outer loop
      vertex 34.4094 21.8564 2.6
      vertex 34.4375 22.2847 2.6
      vertex 34.4375 21.7153 2.6
    endloop
  endfacet
  facet normal 0 0 -1
    outer loop
      vertex 34.4094 21.8564 2.6
      vertex 34.4094 22.1436 2.6
      vertex 34.4375 22.2847 2.6
    endloop
  endfacet
  facet normal 0 -0 -1
    outer loop
      vertex 34.4094 22.1436 2.6
      vertex 34.4094 21.8564 2.6
      vertex 34.4 22 2.6
    endloop
  endfacet
  facet normal 0.44276 -0.89664 0
    outer loop
      vertex 34.95 22.9526 0
      vertex 35.079 23.0163 2.6
      vertex 34.95 22.9526 2.6
    endloop
  endfacet
  facet normal 0.44276 -0.89664 0
    outer loop
      vertex 35.079 23.0163 2.6
      vertex 34.95 22.9526 0
      vertex 35.079 23.0163 0
    endloop
  endfacet
  facet normal 0.0653198 -0.997864 0
    outer loop
      vertex 35.3564 23.0906 0
      vertex 35.5 23.1 2.6
      vertex 35.3564 23.0906 2.6
    endloop
  endfacet
  facet normal 0.0653198 -0.997864 0
    outer loop
      vertex 35.5 23.1 2.6
      vertex 35.3564 23.0906 0
      vertex 35.5 23.1 0
    endloop
  endfacet
  facet normal -0.997864 0.0653198 0
    outer loop
      vertex 36.5906 21.8564 0
      vertex 36.6 22 2.6
      vertex 36.6 22 0
    endloop
  endfacet
  facet normal -0.997864 0.0653198 0
    outer loop
      vertex 36.6 22 2.6
      vertex 36.5906 21.8564 0
      vertex 36.5906 21.8564 2.6
    endloop
  endfacet
  facet normal -0.0653198 0.997864 0
    outer loop
      vertex 35.6436 20.9094 0
      vertex 35.5 20.9 2.6
      vertex 35.6436 20.9094 2.6
    endloop
  endfacet
  facet normal -0.0653198 0.997864 0
    outer loop
      vertex 35.5 20.9 2.6
      vertex 35.6436 20.9094 0
      vertex 35.5 20.9 0
    endloop
  endfacet
  facet normal -0.65939 0.751801 0
    outer loop
      vertex 36.2778 21.2222 0
      vertex 36.1696 21.1273 2.6
      vertex 36.2778 21.2222 2.6
    endloop
  endfacet
  facet normal -0.65939 0.751801 0
    outer loop
      vertex 36.1696 21.1273 2.6
      vertex 36.2778 21.2222 0
      vertex 36.1696 21.1273 0
    endloop
  endfacet
  facet normal -0.831515 0.555502 0
    outer loop
      vertex 36.3727 21.3304 0
      vertex 36.4526 21.45 2.6
      vertex 36.4526 21.45 0
    endloop
  endfacet
  facet normal -0.831515 0.555502 0
    outer loop
      vertex 36.4526 21.45 2.6
      vertex 36.3727 21.3304 0
      vertex 36.3727 21.3304 2.6
    endloop
  endfacet
  facet normal -0.980741 0.195314 0
    outer loop
      vertex 36.5625 21.7153 0
      vertex 36.5906 21.8564 2.6
      vertex 36.5906 21.8564 0
    endloop
  endfacet
  facet normal -0.980741 0.195314 0
    outer loop
      vertex 36.5906 21.8564 2.6
      vertex 36.5625 21.7153 0
      vertex 36.5625 21.7153 2.6
    endloop
  endfacet
  facet normal 0.555502 0.831515 -0
    outer loop
      vertex 34.95 21.0474 0
      vertex 34.8304 21.1273 2.6
      vertex 34.95 21.0474 2.6
    endloop
  endfacet
  facet normal 0.555502 0.831515 0
    outer loop
      vertex 34.8304 21.1273 2.6
      vertex 34.95 21.0474 0
      vertex 34.8304 21.1273 0
    endloop
  endfacet
  facet normal 0.195314 0.980741 -0
    outer loop
      vertex 35.3564 20.9094 0
      vertex 35.2153 20.9375 2.6
      vertex 35.3564 20.9094 2.6
    endloop
  endfacet
  facet normal 0.195314 0.980741 0
    outer loop
      vertex 35.2153 20.9375 2.6
      vertex 35.3564 20.9094 0
      vertex 35.2153 20.9375 0
    endloop
  endfacet
  facet normal 0.89664 0.44276 0
    outer loop
      vertex 34.5474 21.45 2.6
      vertex 34.4837 21.579 0
      vertex 34.4837 21.579 2.6
    endloop
  endfacet
  facet normal 0.89664 0.44276 0
    outer loop
      vertex 34.4837 21.579 0
      vertex 34.5474 21.45 2.6
      vertex 34.5474 21.45 0
    endloop
  endfacet
  facet normal 0.947073 0.321018 0
    outer loop
      vertex 34.4837 21.579 2.6
      vertex 34.4375 21.7153 0
      vertex 34.4375 21.7153 2.6
    endloop
  endfacet
  facet normal 0.947073 0.321018 0
    outer loop
      vertex 34.4375 21.7153 0
      vertex 34.4837 21.579 2.6
      vertex 34.4837 21.579 0
    endloop
  endfacet
  facet normal 0.997864 0.0653198 0
    outer loop
      vertex 34.4094 21.8564 2.6
      vertex 34.4 22 0
      vertex 34.4 22 2.6
    endloop
  endfacet
  facet normal 0.997864 0.0653198 0
    outer loop
      vertex 34.4 22 0
      vertex 34.4094 21.8564 2.6
      vertex 34.4094 21.8564 0
    endloop
  endfacet
  facet normal -0.751801 -0.65939 0
    outer loop
      vertex 36.3727 22.6696 0
      vertex 36.2778 22.7778 2.6
      vertex 36.2778 22.7778 0
    endloop
  endfacet
  facet normal -0.751801 -0.65939 0
    outer loop
      vertex 36.2778 22.7778 2.6
      vertex 36.3727 22.6696 0
      vertex 36.3727 22.6696 2.6
    endloop
  endfacet
  facet normal -0.44276 -0.89664 0
    outer loop
      vertex 35.921 23.0163 0
      vertex 36.05 22.9526 2.6
      vertex 35.921 23.0163 2.6
    endloop
  endfacet
  facet normal -0.44276 -0.89664 -0
    outer loop
      vertex 36.05 22.9526 2.6
      vertex 35.921 23.0163 0
      vertex 36.05 22.9526 0
    endloop
  endfacet
  facet normal -0.195314 0.980741 0
    outer loop
      vertex 35.7847 20.9375 0
      vertex 35.6436 20.9094 2.6
      vertex 35.7847 20.9375 2.6
    endloop
  endfacet
  facet normal -0.195314 0.980741 0
    outer loop
      vertex 35.6436 20.9094 2.6
      vertex 35.7847 20.9375 0
      vertex 35.6436 20.9094 0
    endloop
  endfacet
  facet normal -0.44276 0.89664 0
    outer loop
      vertex 36.05 21.0474 0
      vertex 35.921 20.9837 2.6
      vertex 36.05 21.0474 2.6
    endloop
  endfacet
  facet normal -0.44276 0.89664 0
    outer loop
      vertex 35.921 20.9837 2.6
      vertex 36.05 21.0474 0
      vertex 35.921 20.9837 0
    endloop
  endfacet
  facet normal -0.89664 0.44276 0
    outer loop
      vertex 36.4526 21.45 0
      vertex 36.5163 21.579 2.6
      vertex 36.5163 21.579 0
    endloop
  endfacet
  facet normal -0.89664 0.44276 0
    outer loop
      vertex 36.5163 21.579 2.6
      vertex 36.4526 21.45 0
      vertex 36.4526 21.45 2.6
    endloop
  endfacet
  facet normal 0.44276 0.89664 -0
    outer loop
      vertex 35.079 20.9837 0
      vertex 34.95 21.0474 2.6
      vertex 35.079 20.9837 2.6
    endloop
  endfacet
  facet normal 0.44276 0.89664 0
    outer loop
      vertex 34.95 21.0474 2.6
      vertex 35.079 20.9837 0
      vertex 34.95 21.0474 0
    endloop
  endfacet
  facet normal 0.831515 0.555502 0
    outer loop
      vertex 34.6273 21.3304 2.6
      vertex 34.5474 21.45 0
      vertex 34.5474 21.45 2.6
    endloop
  endfacet
  facet normal 0.831515 0.555502 0
    outer loop
      vertex 34.5474 21.45 0
      vertex 34.6273 21.3304 2.6
      vertex 34.6273 21.3304 0
    endloop
  endfacet
  facet normal 0.980741 0.195314 0
    outer loop
      vertex 34.4375 21.7153 2.6
      vertex 34.4094 21.8564 0
      vertex 34.4094 21.8564 2.6
    endloop
  endfacet
  facet normal 0.980741 0.195314 0
    outer loop
      vertex 34.4094 21.8564 0
      vertex 34.4375 21.7153 2.6
      vertex 34.4375 21.7153 0
    endloop
  endfacet
  facet normal -0.997853 -0.0654873 0
    outer loop
      vertex 31 22 0
      vertex 30.9743 22.3916 2.6
      vertex 30.9743 22.3916 0
    endloop
  endfacet
  facet normal -0.997853 -0.0654873 0
    outer loop
      vertex 30.9743 22.3916 2.6
      vertex 31 22 0
      vertex 31 22 2.6
    endloop
  endfacet
  facet normal 0.997853 -0.0654873 0
    outer loop
      vertex 25 22 2.6
      vertex 25.0257 22.3916 0
      vertex 25.0257 22.3916 2.6
    endloop
  endfacet
  facet normal 0.997853 -0.0654873 0
    outer loop
      vertex 25.0257 22.3916 0
      vertex 25 22 2.6
      vertex 25 22 0
    endloop
  endfacet
  facet normal -0.0654873 -0.997853 0
    outer loop
      vertex 28 25 0
      vertex 28.3916 24.9743 2.6
      vertex 28 25 2.6
    endloop
  endfacet
  facet normal -0.0654873 -0.997853 -0
    outer loop
      vertex 28.3916 24.9743 2.6
      vertex 28 25 0
      vertex 28.3916 24.9743 0
    endloop
  endfacet
  facet normal 0.0654873 0.997853 -0
    outer loop
      vertex 28 19 0
      vertex 27.6084 19.0257 2.6
      vertex 28 19 2.6
    endloop
  endfacet
  facet normal 0.0654873 0.997853 0
    outer loop
      vertex 27.6084 19.0257 2.6
      vertex 28 19 0
      vertex 27.6084 19.0257 0
    endloop
  endfacet
  facet normal -0.751724 -0.659478 0
    outer loop
      vertex 30.3801 23.8263 0
      vertex 30.1213 24.1213 2.6
      vertex 30.1213 24.1213 0
    endloop
  endfacet
  facet normal -0.751724 -0.659478 0
    outer loop
      vertex 30.1213 24.1213 2.6
      vertex 30.3801 23.8263 0
      vertex 30.3801 23.8263 2.6
    endloop
  endfacet
  facet normal 0.659478 -0.751724 0
    outer loop
      vertex 25.8787 24.1213 0
      vertex 26.1737 24.3801 2.6
      vertex 25.8787 24.1213 2.6
    endloop
  endfacet
  facet normal 0.659478 -0.751724 0
    outer loop
      vertex 26.1737 24.3801 2.6
      vertex 25.8787 24.1213 0
      vertex 26.1737 24.3801 0
    endloop
  endfacet
  facet normal 0.321651 -0.946858 0
    outer loop
      vertex 26.852 24.7716 0
      vertex 27.2235 24.8978 2.6
      vertex 26.852 24.7716 2.6
    endloop
  endfacet
  facet normal 0.321651 -0.946858 0
    outer loop
      vertex 27.2235 24.8978 2.6
      vertex 26.852 24.7716 0
      vertex 27.2235 24.8978 0
    endloop
  endfacet
  facet normal -0.896961 -0.44211 0
    outer loop
      vertex 30.7716 23.148 0
      vertex 30.5981 23.5 2.6
      vertex 30.5981 23.5 0
    endloop
  endfacet
  facet normal -0.896961 -0.44211 0
    outer loop
      vertex 30.5981 23.5 2.6
      vertex 30.7716 23.148 0
      vertex 30.7716 23.148 2.6
    endloop
  endfacet
  facet normal -0.980815 -0.19494 0
    outer loop
      vertex 30.9743 22.3916 0
      vertex 30.8978 22.7765 2.6
      vertex 30.8978 22.7765 0
    endloop
  endfacet
  facet normal -0.980815 -0.19494 0
    outer loop
      vertex 30.8978 22.7765 2.6
      vertex 30.9743 22.3916 0
      vertex 30.9743 22.3916 2.6
    endloop
  endfacet
  facet normal -0.831501 -0.555523 0
    outer loop
      vertex 30.5981 23.5 0
      vertex 30.3801 23.8263 2.6
      vertex 30.3801 23.8263 0
    endloop
  endfacet
  facet normal -0.831501 -0.555523 0
    outer loop
      vertex 30.3801 23.8263 2.6
      vertex 30.5981 23.5 0
      vertex 30.5981 23.5 2.6
    endloop
  endfacet
  facet normal -0.44211 -0.896961 0
    outer loop
      vertex 29.148 24.7716 0
      vertex 29.5 24.5981 2.6
      vertex 29.148 24.7716 2.6
    endloop
  endfacet
  facet normal -0.44211 -0.896961 -0
    outer loop
      vertex 29.5 24.5981 2.6
      vertex 29.148 24.7716 0
      vertex 29.5 24.5981 0
    endloop
  endfacet
  facet normal -0.321651 -0.946858 0
    outer loop
      vertex 28.7765 24.8978 0
      vertex 29.148 24.7716 2.6
      vertex 28.7765 24.8978 2.6
    endloop
  endfacet
  facet normal -0.321651 -0.946858 -0
    outer loop
      vertex 29.148 24.7716 2.6
      vertex 28.7765 24.8978 0
      vertex 29.148 24.7716 0
    endloop
  endfacet
  facet normal -0.555523 -0.831501 0
    outer loop
      vertex 29.5 24.5981 0
      vertex 29.8263 24.3801 2.6
      vertex 29.5 24.5981 2.6
    endloop
  endfacet
  facet normal -0.555523 -0.831501 -0
    outer loop
      vertex 29.8263 24.3801 2.6
      vertex 29.5 24.5981 0
      vertex 29.8263 24.3801 0
    endloop
  endfacet
  facet normal 0.896961 -0.44211 0
    outer loop
      vertex 25.2284 23.148 2.6
      vertex 25.4019 23.5 0
      vertex 25.4019 23.5 2.6
    endloop
  endfacet
  facet normal 0.896961 -0.44211 0
    outer loop
      vertex 25.4019 23.5 0
      vertex 25.2284 23.148 2.6
      vertex 25.2284 23.148 0
    endloop
  endfacet
  facet normal 0.831501 -0.555523 0
    outer loop
      vertex 25.4019 23.5 2.6
      vertex 25.6199 23.8263 0
      vertex 25.6199 23.8263 2.6
    endloop
  endfacet
  facet normal 0.831501 -0.555523 0
    outer loop
      vertex 25.6199 23.8263 0
      vertex 25.4019 23.5 2.6
      vertex 25.4019 23.5 0
    endloop
  endfacet
  facet normal 0.946858 -0.321651 0
    outer loop
      vertex 25.1022 22.7765 2.6
      vertex 25.2284 23.148 0
      vertex 25.2284 23.148 2.6
    endloop
  endfacet
  facet normal 0.946858 -0.321651 0
    outer loop
      vertex 25.2284 23.148 0
      vertex 25.1022 22.7765 2.6
      vertex 25.1022 22.7765 0
    endloop
  endfacet
  facet normal 0.44211 -0.896961 0
    outer loop
      vertex 26.5 24.5981 0
      vertex 26.852 24.7716 2.6
      vertex 26.5 24.5981 2.6
    endloop
  endfacet
  facet normal 0.44211 -0.896961 0
    outer loop
      vertex 26.852 24.7716 2.6
      vertex 26.5 24.5981 0
      vertex 26.852 24.7716 0
    endloop
  endfacet
  facet normal 0.19494 -0.980815 0
    outer loop
      vertex 27.2235 24.8978 0
      vertex 27.6084 24.9743 2.6
      vertex 27.2235 24.8978 2.6
    endloop
  endfacet
  facet normal 0.19494 -0.980815 0
    outer loop
      vertex 27.6084 24.9743 2.6
      vertex 27.2235 24.8978 0
      vertex 27.6084 24.9743 0
    endloop
  endfacet
  facet normal -0.659478 0.751724 0
    outer loop
      vertex 30.1213 19.8787 0
      vertex 29.8263 19.6199 2.6
      vertex 30.1213 19.8787 2.6
    endloop
  endfacet
  facet normal -0.659478 0.751724 0
    outer loop
      vertex 29.8263 19.6199 2.6
      vertex 30.1213 19.8787 0
      vertex 29.8263 19.6199 0
    endloop
  endfacet
  facet normal -0.44211 0.896961 0
    outer loop
      vertex 29.5 19.4019 0
      vertex 29.148 19.2284 2.6
      vertex 29.5 19.4019 2.6
    endloop
  endfacet
  facet normal -0.44211 0.896961 0
    outer loop
      vertex 29.148 19.2284 2.6
      vertex 29.5 19.4019 0
      vertex 29.148 19.2284 0
    endloop
  endfacet
  facet normal -0.946858 0.321651 0
    outer loop
      vertex 30.7716 20.852 0
      vertex 30.8978 21.2235 2.6
      vertex 30.8978 21.2235 0
    endloop
  endfacet
  facet normal -0.946858 0.321651 0
    outer loop
      vertex 30.8978 21.2235 2.6
      vertex 30.7716 20.852 0
      vertex 30.7716 20.852 2.6
    endloop
  endfacet
  facet normal 0.44211 0.896961 -0
    outer loop
      vertex 26.852 19.2284 0
      vertex 26.5 19.4019 2.6
      vertex 26.852 19.2284 2.6
    endloop
  endfacet
  facet normal 0.44211 0.896961 0
    outer loop
      vertex 26.5 19.4019 2.6
      vertex 26.852 19.2284 0
      vertex 26.5 19.4019 0
    endloop
  endfacet
  facet normal 0.321651 0.946858 -0
    outer loop
      vertex 27.2235 19.1022 0
      vertex 26.852 19.2284 2.6
      vertex 27.2235 19.1022 2.6
    endloop
  endfacet
  facet normal 0.321651 0.946858 0
    outer loop
      vertex 26.852 19.2284 2.6
      vertex 27.2235 19.1022 0
      vertex 26.852 19.2284 0
    endloop
  endfacet
  facet normal 0.896961 0.44211 0
    outer loop
      vertex 25.4019 20.5 2.6
      vertex 25.2284 20.852 0
      vertex 25.2284 20.852 2.6
    endloop
  endfacet
  facet normal 0.896961 0.44211 0
    outer loop
      vertex 25.2284 20.852 0
      vertex 25.4019 20.5 2.6
      vertex 25.4019 20.5 0
    endloop
  endfacet
  facet normal 0.831501 0.555523 0
    outer loop
      vertex 25.6199 20.1737 2.6
      vertex 25.4019 20.5 0
      vertex 25.4019 20.5 2.6
    endloop
  endfacet
  facet normal 0.831501 0.555523 0
    outer loop
      vertex 25.4019 20.5 0
      vertex 25.6199 20.1737 2.6
      vertex 25.6199 20.1737 0
    endloop
  endfacet
  facet normal -0.946858 -0.321651 0
    outer loop
      vertex 30.8978 22.7765 0
      vertex 30.7716 23.148 2.6
      vertex 30.7716 23.148 0
    endloop
  endfacet
  facet normal -0.946858 -0.321651 0
    outer loop
      vertex 30.7716 23.148 2.6
      vertex 30.8978 22.7765 0
      vertex 30.8978 22.7765 2.6
    endloop
  endfacet
  facet normal -0.19494 -0.980815 0
    outer loop
      vertex 28.3916 24.9743 0
      vertex 28.7765 24.8978 2.6
      vertex 28.3916 24.9743 2.6
    endloop
  endfacet
  facet normal -0.19494 -0.980815 -0
    outer loop
      vertex 28.7765 24.8978 2.6
      vertex 28.3916 24.9743 0
      vertex 28.7765 24.8978 0
    endloop
  endfacet
  facet normal -0.659478 -0.751724 0
    outer loop
      vertex 29.8263 24.3801 0
      vertex 30.1213 24.1213 2.6
      vertex 29.8263 24.3801 2.6
    endloop
  endfacet
  facet normal -0.659478 -0.751724 -0
    outer loop
      vertex 30.1213 24.1213 2.6
      vertex 29.8263 24.3801 0
      vertex 30.1213 24.1213 0
    endloop
  endfacet
  facet normal 0.751724 -0.659478 0
    outer loop
      vertex 25.6199 23.8263 2.6
      vertex 25.8787 24.1213 0
      vertex 25.8787 24.1213 2.6
    endloop
  endfacet
  facet normal 0.751724 -0.659478 0
    outer loop
      vertex 25.8787 24.1213 0
      vertex 25.6199 23.8263 2.6
      vertex 25.6199 23.8263 0
    endloop
  endfacet
  facet normal 0.980815 -0.19494 0
    outer loop
      vertex 25.0257 22.3916 2.6
      vertex 25.1022 22.7765 0
      vertex 25.1022 22.7765 2.6
    endloop
  endfacet
  facet normal 0.980815 -0.19494 0
    outer loop
      vertex 25.1022 22.7765 0
      vertex 25.0257 22.3916 2.6
      vertex 25.0257 22.3916 0
    endloop
  endfacet
  facet normal 0.0654873 -0.997853 0
    outer loop
      vertex 27.6084 24.9743 0
      vertex 28 25 2.6
      vertex 27.6084 24.9743 2.6
    endloop
  endfacet
  facet normal 0.0654873 -0.997853 0
    outer loop
      vertex 28 25 2.6
      vertex 27.6084 24.9743 0
      vertex 28 25 0
    endloop
  endfacet
  facet normal -0.0654873 0.997853 0
    outer loop
      vertex 28.3916 19.0257 0
      vertex 28 19 2.6
      vertex 28.3916 19.0257 2.6
    endloop
  endfacet
  facet normal -0.0654873 0.997853 0
    outer loop
      vertex 28 19 2.6
      vertex 28.3916 19.0257 0
      vertex 28 19 0
    endloop
  endfacet
  facet normal -0.321651 0.946858 0
    outer loop
      vertex 29.148 19.2284 0
      vertex 28.7765 19.1022 2.6
      vertex 29.148 19.2284 2.6
    endloop
  endfacet
  facet normal -0.321651 0.946858 0
    outer loop
      vertex 28.7765 19.1022 2.6
      vertex 29.148 19.2284 0
      vertex 28.7765 19.1022 0
    endloop
  endfacet
  facet normal -0.555523 0.831501 0
    outer loop
      vertex 29.8263 19.6199 0
      vertex 29.5 19.4019 2.6
      vertex 29.8263 19.6199 2.6
    endloop
  endfacet
  facet normal -0.555523 0.831501 0
    outer loop
      vertex 29.5 19.4019 2.6
      vertex 29.8263 19.6199 0
      vertex 29.5 19.4019 0
    endloop
  endfacet
  facet normal -0.896961 0.44211 0
    outer loop
      vertex 30.5981 20.5 0
      vertex 30.7716 20.852 2.6
      vertex 30.7716 20.852 0
    endloop
  endfacet
  facet normal -0.896961 0.44211 0
    outer loop
      vertex 30.7716 20.852 2.6
      vertex 30.5981 20.5 0
      vertex 30.5981 20.5 2.6
    endloop
  endfacet
  facet normal -0.751724 0.659478 0
    outer loop
      vertex 30.1213 19.8787 0
      vertex 30.3801 20.1737 2.6
      vertex 30.3801 20.1737 0
    endloop
  endfacet
  facet normal -0.751724 0.659478 0
    outer loop
      vertex 30.3801 20.1737 2.6
      vertex 30.1213 19.8787 0
      vertex 30.1213 19.8787 2.6
    endloop
  endfacet
  facet normal -0.831501 0.555523 0
    outer loop
      vertex 30.3801 20.1737 0
      vertex 30.5981 20.5 2.6
      vertex 30.5981 20.5 0
    endloop
  endfacet
  facet normal -0.831501 0.555523 0
    outer loop
      vertex 30.5981 20.5 2.6
      vertex 30.3801 20.1737 0
      vertex 30.3801 20.1737 2.6
    endloop
  endfacet
  facet normal 0.659478 0.751724 -0
    outer loop
      vertex 26.1737 19.6199 0
      vertex 25.8787 19.8787 2.6
      vertex 26.1737 19.6199 2.6
    endloop
  endfacet
  facet normal 0.659478 0.751724 0
    outer loop
      vertex 25.8787 19.8787 2.6
      vertex 26.1737 19.6199 0
      vertex 25.8787 19.8787 0
    endloop
  endfacet
  facet normal 0.555523 0.831501 -0
    outer loop
      vertex 26.5 19.4019 0
      vertex 26.1737 19.6199 2.6
      vertex 26.5 19.4019 2.6
    endloop
  endfacet
  facet normal 0.555523 0.831501 0
    outer loop
      vertex 26.1737 19.6199 2.6
      vertex 26.5 19.4019 0
      vertex 26.1737 19.6199 0
    endloop
  endfacet
  facet normal 0.19494 0.980815 -0
    outer loop
      vertex 27.6084 19.0257 0
      vertex 27.2235 19.1022 2.6
      vertex 27.6084 19.0257 2.6
    endloop
  endfacet
  facet normal 0.19494 0.980815 0
    outer loop
      vertex 27.2235 19.1022 2.6
      vertex 27.6084 19.0257 0
      vertex 27.2235 19.1022 0
    endloop
  endfacet
  facet normal 0.751724 0.659478 0
    outer loop
      vertex 25.8787 19.8787 2.6
      vertex 25.6199 20.1737 0
      vertex 25.6199 20.1737 2.6
    endloop
  endfacet
  facet normal 0.751724 0.659478 0
    outer loop
      vertex 25.6199 20.1737 0
      vertex 25.8787 19.8787 2.6
      vertex 25.8787 19.8787 0
    endloop
  endfacet
  facet normal 0.946858 0.321651 0
    outer loop
      vertex 25.2284 20.852 2.6
      vertex 25.1022 21.2235 0
      vertex 25.1022 21.2235 2.6
    endloop
  endfacet
  facet normal 0.946858 0.321651 0
    outer loop
      vertex 25.1022 21.2235 0
      vertex 25.2284 20.852 2.6
      vertex 25.2284 20.852 0
    endloop
  endfacet
  facet normal 0.997853 0.0654873 0
    outer loop
      vertex 25.0257 21.6084 2.6
      vertex 25 22 0
      vertex 25 22 2.6
    endloop
  endfacet
  facet normal 0.997853 0.0654873 0
    outer loop
      vertex 25 22 0
      vertex 25.0257 21.6084 2.6
      vertex 25.0257 21.6084 0
    endloop
  endfacet
  facet normal 0.555523 -0.831501 0
    outer loop
      vertex 26.1737 24.3801 0
      vertex 26.5 24.5981 2.6
      vertex 26.1737 24.3801 2.6
    endloop
  endfacet
  facet normal 0.555523 -0.831501 0
    outer loop
      vertex 26.5 24.5981 2.6
      vertex 26.1737 24.3801 0
      vertex 26.5 24.5981 0
    endloop
  endfacet
  facet normal -0.19494 0.980815 0
    outer loop
      vertex 28.7765 19.1022 0
      vertex 28.3916 19.0257 2.6
      vertex 28.7765 19.1022 2.6
    endloop
  endfacet
  facet normal -0.19494 0.980815 0
    outer loop
      vertex 28.3916 19.0257 2.6
      vertex 28.7765 19.1022 0
      vertex 28.3916 19.0257 0
    endloop
  endfacet
  facet normal -0.980815 0.19494 0
    outer loop
      vertex 30.8978 21.2235 0
      vertex 30.9743 21.6084 2.6
      vertex 30.9743 21.6084 0
    endloop
  endfacet
  facet normal -0.980815 0.19494 0
    outer loop
      vertex 30.9743 21.6084 2.6
      vertex 30.8978 21.2235 0
      vertex 30.8978 21.2235 2.6
    endloop
  endfacet
  facet normal -0.997853 0.0654873 0
    outer loop
      vertex 30.9743 21.6084 0
      vertex 31 22 2.6
      vertex 31 22 0
    endloop
  endfacet
  facet normal -0.997853 0.0654873 0
    outer loop
      vertex 31 22 2.6
      vertex 30.9743 21.6084 0
      vertex 30.9743 21.6084 2.6
    endloop
  endfacet
  facet normal 0.980815 0.19494 0
    outer loop
      vertex 25.1022 21.2235 2.6
      vertex 25.0257 21.6084 0
      vertex 25.0257 21.6084 2.6
    endloop
  endfacet
  facet normal 0.980815 0.19494 0
    outer loop
      vertex 25.0257 21.6084 0
      vertex 25.1022 21.2235 2.6
      vertex 25.1022 21.2235 0
    endloop
  endfacet
  facet normal 0 0 -1
    outer loop
      vertex 30.9743 21.6084 2.6
      vertex 30.9743 22.3916 2.6
      vertex 31 22 2.6
    endloop
  endfacet
  facet normal 0 0 -1
    outer loop
      vertex 30.8978 21.2235 2.6
      vertex 30.9743 22.3916 2.6
      vertex 30.9743 21.6084 2.6
    endloop
  endfacet
  facet normal 0 0 -1
    outer loop
      vertex 30.8978 21.2235 2.6
      vertex 30.8978 22.7765 2.6
      vertex 30.9743 22.3916 2.6
    endloop
  endfacet
  facet normal 0 0 -1
    outer loop
      vertex 30.7716 20.852 2.6
      vertex 30.8978 22.7765 2.6
      vertex 30.8978 21.2235 2.6
    endloop
  endfacet
  facet normal 0 0 -1
    outer loop
      vertex 30.7716 20.852 2.6
      vertex 30.7716 23.148 2.6
      vertex 30.8978 22.7765 2.6
    endloop
  endfacet
  facet normal 0 0 -1
    outer loop
      vertex 30.5981 20.5 2.6
      vertex 30.7716 23.148 2.6
      vertex 30.7716 20.852 2.6
    endloop
  endfacet
  facet normal 0 0 -1
    outer loop
      vertex 30.5981 20.5 2.6
      vertex 30.5981 23.5 2.6
      vertex 30.7716 23.148 2.6
    endloop
  endfacet
  facet normal 0 0 -1
    outer loop
      vertex 30.3801 20.1737 2.6
      vertex 30.5981 23.5 2.6
      vertex 30.5981 20.5 2.6
    endloop
  endfacet
  facet normal 0 0 -1
    outer loop
      vertex 30.3801 20.1737 2.6
      vertex 30.3801 23.8263 2.6
      vertex 30.5981 23.5 2.6
    endloop
  endfacet
  facet normal 0 0 -1
    outer loop
      vertex 30.1213 19.8787 2.6
      vertex 30.3801 23.8263 2.6
      vertex 30.3801 20.1737 2.6
    endloop
  endfacet
  facet normal 0 0 -1
    outer loop
      vertex 30.1213 19.8787 2.6
      vertex 30.1213 24.1213 2.6
      vertex 30.3801 23.8263 2.6
    endloop
  endfacet
  facet normal 0 0 -1
    outer loop
      vertex 29.8263 19.6199 2.6
      vertex 30.1213 24.1213 2.6
      vertex 30.1213 19.8787 2.6
    endloop
  endfacet
  facet normal 0 0 -1
    outer loop
      vertex 29.8263 19.6199 2.6
      vertex 29.8263 24.3801 2.6
      vertex 30.1213 24.1213 2.6
    endloop
  endfacet
  facet normal 0 0 -1
    outer loop
      vertex 29.5 19.4019 2.6
      vertex 29.8263 24.3801 2.6
      vertex 29.8263 19.6199 2.6
    endloop
  endfacet
  facet normal 0 0 -1
    outer loop
      vertex 29.5 19.4019 2.6
      vertex 29.5 24.5981 2.6
      vertex 29.8263 24.3801 2.6
    endloop
  endfacet
  facet normal 0 0 -1
    outer loop
      vertex 29.148 19.2284 2.6
      vertex 29.5 24.5981 2.6
      vertex 29.5 19.4019 2.6
    endloop
  endfacet
  facet normal 0 0 -1
    outer loop
      vertex 29.148 19.2284 2.6
      vertex 29.148 24.7716 2.6
      vertex 29.5 24.5981 2.6
    endloop
  endfacet
  facet normal 0 0 -1
    outer loop
      vertex 28.7765 19.1022 2.6
      vertex 29.148 24.7716 2.6
      vertex 29.148 19.2284 2.6
    endloop
  endfacet
  facet normal 0 0 -1
    outer loop
      vertex 28.7765 19.1022 2.6
      vertex 28.7765 24.8978 2.6
      vertex 29.148 24.7716 2.6
    endloop
  endfacet
  facet normal 0 0 -1
    outer loop
      vertex 28.3916 19.0257 2.6
      vertex 28.7765 24.8978 2.6
      vertex 28.7765 19.1022 2.6
    endloop
  endfacet
  facet normal 0 0 -1
    outer loop
      vertex 28.3916 19.0257 2.6
      vertex 28.3916 24.9743 2.6
      vertex 28.7765 24.8978 2.6
    endloop
  endfacet
  facet normal 0 0 -1
    outer loop
      vertex 28 19 2.6
      vertex 28.3916 24.9743 2.6
      vertex 28.3916 19.0257 2.6
    endloop
  endfacet
  facet normal 0 0 -1
    outer loop
      vertex 28 19 2.6
      vertex 28 25 2.6
      vertex 28.3916 24.9743 2.6
    endloop
  endfacet
  facet normal 0 0 -1
    outer loop
      vertex 27.6084 19.0257 2.6
      vertex 28 25 2.6
      vertex 28 19 2.6
    endloop
  endfacet
  facet normal 0 0 -1
    outer loop
      vertex 27.6084 19.0257 2.6
      vertex 27.6084 24.9743 2.6
      vertex 28 25 2.6
    endloop
  endfacet
  facet normal 0 0 -1
    outer loop
      vertex 27.2235 19.1022 2.6
      vertex 27.6084 24.9743 2.6
      vertex 27.6084 19.0257 2.6
    endloop
  endfacet
  facet normal 0 0 -1
    outer loop
      vertex 27.2235 19.1022 2.6
      vertex 27.2235 24.8978 2.6
      vertex 27.6084 24.9743 2.6
    endloop
  endfacet
  facet normal 0 0 -1
    outer loop
      vertex 26.852 19.2284 2.6
      vertex 27.2235 24.8978 2.6
      vertex 27.2235 19.1022 2.6
    endloop
  endfacet
  facet normal 0 0 -1
    outer loop
      vertex 26.852 19.2284 2.6
      vertex 26.852 24.7716 2.6
      vertex 27.2235 24.8978 2.6
    endloop
  endfacet
  facet normal 0 0 -1
    outer loop
      vertex 26.5 19.4019 2.6
      vertex 26.852 24.7716 2.6
      vertex 26.852 19.2284 2.6
    endloop
  endfacet
  facet normal 0 0 -1
    outer loop
      vertex 26.5 19.4019 2.6
      vertex 26.5 24.5981 2.6
      vertex 26.852 24.7716 2.6
    endloop
  endfacet
  facet normal 0 0 -1
    outer loop
      vertex 26.1737 19.6199 2.6
      vertex 26.5 24.5981 2.6
      vertex 26.5 19.4019 2.6
    endloop
  endfacet
  facet normal 0 0 -1
    outer loop
      vertex 26.1737 19.6199 2.6
      vertex 26.1737 24.3801 2.6
      vertex 26.5 24.5981 2.6
    endloop
  endfacet
  facet normal 0 0 -1
    outer loop
      vertex 25.8787 19.8787 2.6
      vertex 26.1737 24.3801 2.6
      vertex 26.1737 19.6199 2.6
    endloop
  endfacet
  facet normal 0 0 -1
    outer loop
      vertex 25.8787 19.8787 2.6
      vertex 25.8787 24.1213 2.6
      vertex 26.1737 24.3801 2.6
    endloop
  endfacet
  facet normal 0 0 -1
    outer loop
      vertex 25.6199 20.1737 2.6
      vertex 25.8787 24.1213 2.6
      vertex 25.8787 19.8787 2.6
    endloop
  endfacet
  facet normal 0 0 -1
    outer loop
      vertex 25.6199 20.1737 2.6
      vertex 25.6199 23.8263 2.6
      vertex 25.8787 24.1213 2.6
    endloop
  endfacet
  facet normal 0 0 -1
    outer loop
      vertex 25.4019 20.5 2.6
      vertex 25.6199 23.8263 2.6
      vertex 25.6199 20.1737 2.6
    endloop
  endfacet
  facet normal 0 0 -1
    outer loop
      vertex 25.4019 20.5 2.6
      vertex 25.4019 23.5 2.6
      vertex 25.6199 23.8263 2.6
    endloop
  endfacet
  facet normal 0 0 -1
    outer loop
      vertex 25.2284 20.852 2.6
      vertex 25.4019 23.5 2.6
      vertex 25.4019 20.5 2.6
    endloop
  endfacet
  facet normal 0 0 -1
    outer loop
      vertex 25.2284 20.852 2.6
      vertex 25.2284 23.148 2.6
      vertex 25.4019 23.5 2.6
    endloop
  endfacet
  facet normal 0 0 -1
    outer loop
      vertex 25.1022 21.2235 2.6
      vertex 25.2284 23.148 2.6
      vertex 25.2284 20.852 2.6
    endloop
  endfacet
  facet normal 0 0 -1
    outer loop
      vertex 25.1022 21.2235 2.6
      vertex 25.1022 22.7765 2.6
      vertex 25.2284 23.148 2.6
    endloop
  endfacet
  facet normal 0 0 -1
    outer loop
      vertex 25.0257 21.6084 2.6
      vertex 25.1022 22.7765 2.6
      vertex 25.1022 21.2235 2.6
    endloop
  endfacet
  facet normal 0 0 -1
    outer loop
      vertex 25.0257 21.6084 2.6
      vertex 25.0257 22.3916 2.6
      vertex 25.1022 22.7765 2.6
    endloop
  endfacet
  facet normal 0 -0 -1
    outer loop
      vertex 25.0257 22.3916 2.6
      vertex 25.0257 21.6084 2.6
      vertex 25 22 2.6
    endloop
  endfacet
  facet normal -0.500001 -0.866025 0
    outer loop
      vertex -48 -7.5 0
      vertex -44.1029 -9.75 3.2
      vertex -48 -7.5 3.2
    endloop
  endfacet
  facet normal -0.500001 -0.866025 -0
    outer loop
      vertex -44.1029 -9.75 3.2
      vertex -48 -7.5 0
      vertex -44.1029 -9.75 0
    endloop
  endfacet
  facet normal 0.500001 -0.866025 0
    outer loop
      vertex -51.8971 -9.75 0
      vertex -48 -7.5 3.2
      vertex -51.8971 -9.75 3.2
    endloop
  endfacet
  facet normal 0.500001 -0.866025 0
    outer loop
      vertex -48 -7.5 3.2
      vertex -51.8971 -9.75 0
      vertex -48 -7.5 0
    endloop
  endfacet
  facet normal 1 -0 0
    outer loop
      vertex -51.8971 -14.25 3.2
      vertex -51.8971 -9.75 0
      vertex -51.8971 -9.75 3.2
    endloop
  endfacet
  facet normal 1 0 0
    outer loop
      vertex -51.8971 -9.75 0
      vertex -51.8971 -14.25 3.2
      vertex -51.8971 -14.25 0
    endloop
  endfacet
  facet normal 0.500001 0.866025 -0
    outer loop
      vertex -48 -16.5 0
      vertex -51.8971 -14.25 3.2
      vertex -48 -16.5 3.2
    endloop
  endfacet
  facet normal 0.500001 0.866025 0
    outer loop
      vertex -51.8971 -14.25 3.2
      vertex -48 -16.5 0
      vertex -51.8971 -14.25 0
    endloop
  endfacet
  facet normal -1 0 0
    outer loop
      vertex -44.1029 -14.25 0
      vertex -44.1029 -9.75 3.2
      vertex -44.1029 -9.75 0
    endloop
  endfacet
  facet normal -1 -0 0
    outer loop
      vertex -44.1029 -9.75 3.2
      vertex -44.1029 -14.25 0
      vertex -44.1029 -14.25 3.2
    endloop
  endfacet
  facet normal -0.500001 0.866025 0
    outer loop
      vertex -44.1029 -14.25 0
      vertex -48 -16.5 3.2
      vertex -44.1029 -14.25 3.2
    endloop
  endfacet
  facet normal -0.500001 0.866025 0
    outer loop
      vertex -48 -16.5 3.2
      vertex -44.1029 -14.25 0
      vertex -48 -16.5 0
    endloop
  endfacet
  facet normal -0.500001 -0.866025 0
    outer loop
      vertex -48 4.5 0
      vertex -44.1029 2.25 3.2
      vertex -48 4.5 3.2
    endloop
  endfacet
  facet normal -0.500001 -0.866025 -0
    outer loop
      vertex -44.1029 2.25 3.2
      vertex -48 4.5 0
      vertex -44.1029 2.25 0
    endloop
  endfacet
  facet normal 0.500001 -0.866025 0
    outer loop
      vertex -51.8971 2.25 0
      vertex -48 4.5 3.2
      vertex -51.8971 2.25 3.2
    endloop
  endfacet
  facet normal 0.500001 -0.866025 0
    outer loop
      vertex -48 4.5 3.2
      vertex -51.8971 2.25 0
      vertex -48 4.5 0
    endloop
  endfacet
  facet normal -0.500001 0.866025 0
    outer loop
      vertex -44.1029 -2.25 0
      vertex -48 -4.5 3.2
      vertex -44.1029 -2.25 3.2
    endloop
  endfacet
  facet normal -0.500001 0.866025 0
    outer loop
      vertex -48 -4.5 3.2
      vertex -44.1029 -2.25 0
      vertex -48 -4.5 0
    endloop
  endfacet
  facet normal 1 -0 0
    outer loop
      vertex -51.8971 -2.25 3.2
      vertex -51.8971 2.25 0
      vertex -51.8971 2.25 3.2
    endloop
  endfacet
  facet normal 1 0 0
    outer loop
      vertex -51.8971 2.25 0
      vertex -51.8971 -2.25 3.2
      vertex -51.8971 -2.25 0
    endloop
  endfacet
  facet normal 0.500001 0.866025 -0
    outer loop
      vertex -48 -4.5 0
      vertex -51.8971 -2.25 3.2
      vertex -48 -4.5 3.2
    endloop
  endfacet
  facet normal 0.500001 0.866025 0
    outer loop
      vertex -51.8971 -2.25 3.2
      vertex -48 -4.5 0
      vertex -51.8971 -2.25 0
    endloop
  endfacet
  facet normal -1 0 0
    outer loop
      vertex -44.1029 -2.25 0
      vertex -44.1029 2.25 3.2
      vertex -44.1029 2.25 0
    endloop
  endfacet
  facet normal -1 -0 0
    outer loop
      vertex -44.1029 2.25 3.2
      vertex -44.1029 -2.25 0
      vertex -44.1029 -2.25 3.2
    endloop
  endfacet
  facet normal -0.500001 -0.866025 0
    outer loop
      vertex -48 16.5 0
      vertex -44.1029 14.25 3.2
      vertex -48 16.5 3.2
    endloop
  endfacet
  facet normal -0.500001 -0.866025 -0
    outer loop
      vertex -44.1029 14.25 3.2
      vertex -48 16.5 0
      vertex -44.1029 14.25 0
    endloop
  endfacet
  facet normal 0.500001 0.866025 -0
    outer loop
      vertex -48 7.5 0
      vertex -51.8971 9.75 3.2
      vertex -48 7.5 3.2
    endloop
  endfacet
  facet normal 0.500001 0.866025 0
    outer loop
      vertex -51.8971 9.75 3.2
      vertex -48 7.5 0
      vertex -51.8971 9.75 0
    endloop
  endfacet
  facet normal 0.500001 -0.866025 0
    outer loop
      vertex -51.8971 14.25 0
      vertex -48 16.5 3.2
      vertex -51.8971 14.25 3.2
    endloop
  endfacet
  facet normal 0.500001 -0.866025 0
    outer loop
      vertex -48 16.5 3.2
      vertex -51.8971 14.25 0
      vertex -48 16.5 0
    endloop
  endfacet
  facet normal 1 -0 0
    outer loop
      vertex -51.8971 9.75 3.2
      vertex -51.8971 14.25 0
      vertex -51.8971 14.25 3.2
    endloop
  endfacet
  facet normal 1 0 0
    outer loop
      vertex -51.8971 14.25 0
      vertex -51.8971 9.75 3.2
      vertex -51.8971 9.75 0
    endloop
  endfacet
  facet normal -1 0 0
    outer loop
      vertex -44.1029 9.75 0
      vertex -44.1029 14.25 3.2
      vertex -44.1029 14.25 0
    endloop
  endfacet
  facet normal -1 -0 0
    outer loop
      vertex -44.1029 14.25 3.2
      vertex -44.1029 9.75 0
      vertex -44.1029 9.75 3.2
    endloop
  endfacet
  facet normal -0.500001 0.866025 0
    outer loop
      vertex -44.1029 9.75 0
      vertex -48 7.5 3.2
      vertex -44.1029 9.75 3.2
    endloop
  endfacet
  facet normal -0.500001 0.866025 0
    outer loop
      vertex -48 7.5 3.2
      vertex -44.1029 9.75 0
      vertex -48 7.5 0
    endloop
  endfacet
  facet normal -0.500001 -0.866025 0
    outer loop
      vertex -36 -7.5 0
      vertex -32.1029 -9.75 3.2
      vertex -36 -7.5 3.2
    endloop
  endfacet
  facet normal -0.500001 -0.866025 -0
    outer loop
      vertex -32.1029 -9.75 3.2
      vertex -36 -7.5 0
      vertex -32.1029 -9.75 0
    endloop
  endfacet
  facet normal 1 -0 0
    outer loop
      vertex -39.8971 -14.25 3.2
      vertex -39.8971 -9.75 0
      vertex -39.8971 -9.75 3.2
    endloop
  endfacet
  facet normal 1 0 0
    outer loop
      vertex -39.8971 -9.75 0
      vertex -39.8971 -14.25 3.2
      vertex -39.8971 -14.25 0
    endloop
  endfacet
  facet normal 0.500001 -0.866025 0
    outer loop
      vertex -39.8971 -9.75 0
      vertex -36 -7.5 3.2
      vertex -39.8971 -9.75 3.2
    endloop
  endfacet
  facet normal 0.500001 -0.866025 0
    outer loop
      vertex -36 -7.5 3.2
      vertex -39.8971 -9.75 0
      vertex -36 -7.5 0
    endloop
  endfacet
  facet normal -0.500001 0.866025 0
    outer loop
      vertex -32.1029 -14.25 0
      vertex -36 -16.5 3.2
      vertex -32.1029 -14.25 3.2
    endloop
  endfacet
  facet normal -0.500001 0.866025 0
    outer loop
      vertex -36 -16.5 3.2
      vertex -32.1029 -14.25 0
      vertex -36 -16.5 0
    endloop
  endfacet
  facet normal 0.500001 0.866025 -0
    outer loop
      vertex -36 -16.5 0
      vertex -39.8971 -14.25 3.2
      vertex -36 -16.5 3.2
    endloop
  endfacet
  facet normal 0.500001 0.866025 0
    outer loop
      vertex -39.8971 -14.25 3.2
      vertex -36 -16.5 0
      vertex -39.8971 -14.25 0
    endloop
  endfacet
  facet normal -1 0 0
    outer loop
      vertex -32.1029 -14.25 0
      vertex -32.1029 -9.75 3.2
      vertex -32.1029 -9.75 0
    endloop
  endfacet
  facet normal -1 -0 0
    outer loop
      vertex -32.1029 -9.75 3.2
      vertex -32.1029 -14.25 0
      vertex -32.1029 -14.25 3.2
    endloop
  endfacet
  facet normal -0.500001 -0.866025 0
    outer loop
      vertex -36 4.5 0
      vertex -32.1029 2.25 3.2
      vertex -36 4.5 3.2
    endloop
  endfacet
  facet normal -0.500001 -0.866025 -0
    outer loop
      vertex -32.1029 2.25 3.2
      vertex -36 4.5 0
      vertex -32.1029 2.25 0
    endloop
  endfacet
  facet normal 1 -0 0
    outer loop
      vertex -39.8971 -2.25 3.2
      vertex -39.8971 2.25 0
      vertex -39.8971 2.25 3.2
    endloop
  endfacet
  facet normal 1 0 0
    outer loop
      vertex -39.8971 2.25 0
      vertex -39.8971 -2.25 3.2
      vertex -39.8971 -2.25 0
    endloop
  endfacet
  facet normal 0.500001 -0.866025 0
    outer loop
      vertex -39.8971 2.25 0
      vertex -36 4.5 3.2
      vertex -39.8971 2.25 3.2
    endloop
  endfacet
  facet normal 0.500001 -0.866025 0
    outer loop
      vertex -36 4.5 3.2
      vertex -39.8971 2.25 0
      vertex -36 4.5 0
    endloop
  endfacet
  facet normal -0.500001 0.866025 0
    outer loop
      vertex -32.1029 -2.25 0
      vertex -36 -4.5 3.2
      vertex -32.1029 -2.25 3.2
    endloop
  endfacet
  facet normal -0.500001 0.866025 0
    outer loop
      vertex -36 -4.5 3.2
      vertex -32.1029 -2.25 0
      vertex -36 -4.5 0
    endloop
  endfacet
  facet normal 0.500001 0.866025 -0
    outer loop
      vertex -36 -4.5 0
      vertex -39.8971 -2.25 3.2
      vertex -36 -4.5 3.2
    endloop
  endfacet
  facet normal 0.500001 0.866025 0
    outer loop
      vertex -39.8971 -2.25 3.2
      vertex -36 -4.5 0
      vertex -39.8971 -2.25 0
    endloop
  endfacet
  facet normal -1 0 0
    outer loop
      vertex -32.1029 -2.25 0
      vertex -32.1029 2.25 3.2
      vertex -32.1029 2.25 0
    endloop
  endfacet
  facet normal -1 -0 0
    outer loop
      vertex -32.1029 2.25 3.2
      vertex -32.1029 -2.25 0
      vertex -32.1029 -2.25 3.2
    endloop
  endfacet
  facet normal -0.500001 -0.866025 0
    outer loop
      vertex -36 16.5 0
      vertex -32.1029 14.25 3.2
      vertex -36 16.5 3.2
    endloop
  endfacet
  facet normal -0.500001 -0.866025 -0
    outer loop
      vertex -32.1029 14.25 3.2
      vertex -36 16.5 0
      vertex -32.1029 14.25 0
    endloop
  endfacet
  facet normal 1 -0 0
    outer loop
      vertex -39.8971 9.75 3.2
      vertex -39.8971 14.25 0
      vertex -39.8971 14.25 3.2
    endloop
  endfacet
  facet normal 1 0 0
    outer loop
      vertex -39.8971 14.25 0
      vertex -39.8971 9.75 3.2
      vertex -39.8971 9.75 0
    endloop
  endfacet
  facet normal 0.500001 -0.866025 0
    outer loop
      vertex -39.8971 14.25 0
      vertex -36 16.5 3.2
      vertex -39.8971 14.25 3.2
    endloop
  endfacet
  facet normal 0.500001 -0.866025 0
    outer loop
      vertex -36 16.5 3.2
      vertex -39.8971 14.25 0
      vertex -36 16.5 0
    endloop
  endfacet
  facet normal 0.500001 0.866025 -0
    outer loop
      vertex -36 7.5 0
      vertex -39.8971 9.75 3.2
      vertex -36 7.5 3.2
    endloop
  endfacet
  facet normal 0.500001 0.866025 0
    outer loop
      vertex -39.8971 9.75 3.2
      vertex -36 7.5 0
      vertex -39.8971 9.75 0
    endloop
  endfacet
  facet normal -1 0 0
    outer loop
      vertex -32.1029 9.75 0
      vertex -32.1029 14.25 3.2
      vertex -32.1029 14.25 0
    endloop
  endfacet
  facet normal -1 -0 0
    outer loop
      vertex -32.1029 14.25 3.2
      vertex -32.1029 9.75 0
      vertex -32.1029 9.75 3.2
    endloop
  endfacet
  facet normal -0.500001 0.866025 0
    outer loop
      vertex -32.1029 9.75 0
      vertex -36 7.5 3.2
      vertex -32.1029 9.75 3.2
    endloop
  endfacet
  facet normal -0.500001 0.866025 0
    outer loop
      vertex -36 7.5 3.2
      vertex -32.1029 9.75 0
      vertex -36 7.5 0
    endloop
  endfacet
  facet normal 1 -0 0
    outer loop
      vertex -20 -30 2.6
      vertex -20 -22 0
      vertex -20 -22 2.6
    endloop
  endfacet
  facet normal 1 0 0
    outer loop
      vertex -20 -22 0
      vertex -20 -30 2.6
      vertex -20 -30 0
    endloop
  endfacet
  facet normal 0 0 -1
    outer loop
      vertex -20 -30 2.6
      vertex -4 -22 2.6
      vertex -4 -30 2.6
    endloop
  endfacet
  facet normal -0 0 -1
    outer loop
      vertex -4 -22 2.6
      vertex -20 -30 2.6
      vertex -20 -22 2.6
    endloop
  endfacet
  facet normal -1 0 0
    outer loop
      vertex -4 -30 0
      vertex -4 -22 2.6
      vertex -4 -22 0
    endloop
  endfacet
  facet normal -1 -0 0
    outer loop
      vertex -4 -22 2.6
      vertex -4 -30 0
      vertex -4 -30 2.6
    endloop
  endfacet
  facet normal 0 1 -0
    outer loop
      vertex -4 -30 0
      vertex -20 -30 2.6
      vertex -4 -30 2.6
    endloop
  endfacet
  facet normal 0 1 0
    outer loop
      vertex -20 -30 2.6
      vertex -4 -30 0
      vertex -20 -30 0
    endloop
  endfacet
  facet normal 0 -1 0
    outer loop
      vertex -20 -22 0
      vertex -4 -22 2.6
      vertex -20 -22 2.6
    endloop
  endfacet
  facet normal 0 -1 -0
    outer loop
      vertex -4 -22 2.6
      vertex -20 -22 0
      vertex -4 -22 0
    endloop
  endfacet
  facet normal 1 -0 0
    outer loop
      vertex -20 22 2.6
      vertex -20 30 0
      vertex -20 30 2.6
    endloop
  endfacet
  facet normal 1 0 0
    outer loop
      vertex -20 30 0
      vertex -20 22 2.6
      vertex -20 22 0
    endloop
  endfacet
  facet normal 0 0 -1
    outer loop
      vertex -20 22 2.6
      vertex -4 30 2.6
      vertex -4 22 2.6
    endloop
  endfacet
  facet normal -0 0 -1
    outer loop
      vertex -4 30 2.6
      vertex -20 22 2.6
      vertex -20 30 2.6
    endloop
  endfacet
  facet normal -1 0 0
    outer loop
      vertex -4 22 0
      vertex -4 30 2.6
      vertex -4 30 0
    endloop
  endfacet
  facet normal -1 -0 0
    outer loop
      vertex -4 30 2.6
      vertex -4 22 0
      vertex -4 22 2.6
    endloop
  endfacet
  facet normal 0 1 -0
    outer loop
      vertex -4 22 0
      vertex -20 22 2.6
      vertex -4 22 2.6
    endloop
  endfacet
  facet normal 0 1 0
    outer loop
      vertex -20 22 2.6
      vertex -4 22 0
      vertex -20 22 0
    endloop
  endfacet
  facet normal 0 -1 0
    outer loop
      vertex -20 30 0
      vertex -4 30 2.6
      vertex -20 30 2.6
    endloop
  endfacet
  facet normal 0 -1 -0
    outer loop
      vertex -4 30 2.6
      vertex -20 30 0
      vertex -4 30 0
    endloop
  endfacet
endsolid OpenSCAD_Model
