solid OpenSCAD_Model
  facet normal 0 0.0654032 -0.997859
    outer loop
      vertex 1.4 -13 3.45
      vertex 8 -11.7535 3.5317
      vertex 8 -13 3.45
    endloop
  endfacet
  facet normal 0 0.0654032 -0.997859
    outer loop
      vertex 8 -11.7535 3.5317
      vertex 1.4 -13 3.45
      vertex 1.4 -11.7535 3.5317
    endloop
  endfacet
  facet normal -0 0.0654032 0.997859
    outer loop
      vertex 1.4 -11.7535 22.4683
      vertex 8 -13 22.55
      vertex 8 -11.7535 22.4683
    endloop
  endfacet
  facet normal 0 0.0654032 0.997859
    outer loop
      vertex 8 -13 22.55
      vertex 1.4 -11.7535 22.4683
      vertex 1.4 -13 22.55
    endloop
  endfacet
  facet normal 0 0.997859 0.0654032
    outer loop
      vertex 8 -3.45 13
      vertex 1.4 -3.5317 14.2465
      vertex 8 -3.5317 14.2465
    endloop
  endfacet
  facet normal 0 0.997859 0.0654032
    outer loop
      vertex 1.4 -3.5317 14.2465
      vertex 8 -3.45 13
      vertex 1.4 -3.45 13
    endloop
  endfacet
  facet normal 0 -0.997859 -0.0654032
    outer loop
      vertex 1.4 -22.4683 11.7535
      vertex 8 -22.55 13
      vertex 1.4 -22.55 13
    endloop
  endfacet
  facet normal 0 -0.997859 -0.0654032
    outer loop
      vertex 8 -22.55 13
      vertex 1.4 -22.4683 11.7535
      vertex 8 -22.4683 11.7535
    endloop
  endfacet
  facet normal 0 0.751842 0.659343
    outer loop
      vertex 8 -5.42348 18.8137
      vertex 1.4 -6.24713 19.7529
      vertex 8 -6.24713 19.7529
    endloop
  endfacet
  facet normal 0 0.751842 0.659343
    outer loop
      vertex 1.4 -6.24713 19.7529
      vertex 8 -5.42348 18.8137
      vertex 1.4 -5.42348 18.8137
    endloop
  endfacet
  facet normal 0 0.896876 0.442282
    outer loop
      vertex 8 -4.17695 16.6546
      vertex 1.4 -4.72946 17.775
      vertex 8 -4.72946 17.775
    endloop
  endfacet
  facet normal 0 0.896876 0.442282
    outer loop
      vertex 1.4 -4.72946 17.775
      vertex 8 -4.17695 16.6546
      vertex 1.4 -4.17695 16.6546
    endloop
  endfacet
  facet normal 0 -0.555561 -0.831476
    outer loop
      vertex 1.4 -18.8137 5.42348
      vertex 8 -17.775 4.72946
      vertex 8 -18.8137 5.42348
    endloop
  endfacet
  facet normal -0 -0.555561 -0.831476
    outer loop
      vertex 8 -17.775 4.72946
      vertex 1.4 -18.8137 5.42348
      vertex 1.4 -17.775 4.72946
    endloop
  endfacet
  facet normal 0 0.195092 -0.980785
    outer loop
      vertex 1.4 -11.7535 3.5317
      vertex 8 -10.5283 3.77541
      vertex 8 -11.7535 3.5317
    endloop
  endfacet
  facet normal 0 0.195092 -0.980785
    outer loop
      vertex 8 -10.5283 3.77541
      vertex 1.4 -11.7535 3.5317
      vertex 1.4 -10.5283 3.77541
    endloop
  endfacet
  facet normal 0 0.980785 -0.195092
    outer loop
      vertex 8 -3.77541 10.5283
      vertex 1.4 -3.5317 11.7535
      vertex 8 -3.5317 11.7535
    endloop
  endfacet
  facet normal 0 0.980785 -0.195092
    outer loop
      vertex 1.4 -3.5317 11.7535
      vertex 8 -3.77541 10.5283
      vertex 1.4 -3.77541 10.5283
    endloop
  endfacet
  facet normal 0 0.831469 -0.555572
    outer loop
      vertex 8 -5.42348 7.18633
      vertex 1.4 -4.72946 8.225
      vertex 8 -4.72946 8.225
    endloop
  endfacet
  facet normal 0 0.831469 -0.555572
    outer loop
      vertex 1.4 -4.72946 8.225
      vertex 8 -5.42348 7.18633
      vertex 1.4 -5.42348 7.18633
    endloop
  endfacet
  facet normal -0 0.442285 0.896874
    outer loop
      vertex 1.4 -8.225 21.2705
      vertex 8 -9.34537 21.823
      vertex 8 -8.225 21.2705
    endloop
  endfacet
  facet normal 0 0.442285 0.896874
    outer loop
      vertex 8 -9.34537 21.823
      vertex 1.4 -8.225 21.2705
      vertex 1.4 -9.34537 21.823
    endloop
  endfacet
  facet normal -0 0.321475 0.946918
    outer loop
      vertex 1.4 -9.34537 21.823
      vertex 8 -10.5283 22.2246
      vertex 8 -9.34537 21.823
    endloop
  endfacet
  facet normal 0 0.321475 0.946918
    outer loop
      vertex 8 -10.5283 22.2246
      vertex 1.4 -9.34537 21.823
      vertex 1.4 -10.5283 22.2246
    endloop
  endfacet
  facet normal 0 0.831476 0.555561
    outer loop
      vertex 8 -4.72946 17.775
      vertex 1.4 -5.42348 18.8137
      vertex 8 -5.42348 18.8137
    endloop
  endfacet
  facet normal 0 0.831476 0.555561
    outer loop
      vertex 1.4 -5.42348 18.8137
      vertex 8 -4.72946 17.775
      vertex 1.4 -4.72946 17.775
    endloop
  endfacet
  facet normal 0 0.980785 0.195092
    outer loop
      vertex 8 -3.5317 14.2465
      vertex 1.4 -3.77541 15.4717
      vertex 8 -3.77541 15.4717
    endloop
  endfacet
  facet normal 0 0.980785 0.195092
    outer loop
      vertex 1.4 -3.77541 15.4717
      vertex 8 -3.5317 14.2465
      vertex 1.4 -3.5317 14.2465
    endloop
  endfacet
  facet normal 0 -0.195092 -0.980785
    outer loop
      vertex 1.4 -15.4717 3.77541
      vertex 8 -14.2465 3.5317
      vertex 8 -15.4717 3.77541
    endloop
  endfacet
  facet normal -0 -0.195092 -0.980785
    outer loop
      vertex 8 -14.2465 3.5317
      vertex 1.4 -15.4717 3.77541
      vertex 1.4 -14.2465 3.5317
    endloop
  endfacet
  facet normal 0 -0.980786 -0.195085
    outer loop
      vertex 1.4 -22.2246 10.5283
      vertex 8 -22.4683 11.7535
      vertex 1.4 -22.4683 11.7535
    endloop
  endfacet
  facet normal 0 -0.980786 -0.195085
    outer loop
      vertex 8 -22.4683 11.7535
      vertex 1.4 -22.2246 10.5283
      vertex 8 -22.2246 10.5283
    endloop
  endfacet
  facet normal 0 -0.896874 -0.442285
    outer loop
      vertex 1.4 -21.2705 8.225
      vertex 8 -21.823 9.34537
      vertex 1.4 -21.823 9.34537
    endloop
  endfacet
  facet normal 0 -0.896874 -0.442285
    outer loop
      vertex 8 -21.823 9.34537
      vertex 1.4 -21.2705 8.225
      vertex 8 -21.2705 8.225
    endloop
  endfacet
  facet normal 0 0.321432 -0.946933
    outer loop
      vertex 1.4 -10.5283 3.77541
      vertex 8 -9.34537 4.17695
      vertex 8 -10.5283 3.77541
    endloop
  endfacet
  facet normal 0 0.321432 -0.946933
    outer loop
      vertex 8 -9.34537 4.17695
      vertex 1.4 -10.5283 3.77541
      vertex 1.4 -9.34537 4.17695
    endloop
  endfacet
  facet normal 0 0.751842 -0.659343
    outer loop
      vertex 8 -6.24713 6.24713
      vertex 1.4 -5.42348 7.18633
      vertex 8 -5.42348 7.18633
    endloop
  endfacet
  facet normal 0 0.751842 -0.659343
    outer loop
      vertex 1.4 -5.42348 7.18633
      vertex 8 -6.24713 6.24713
      vertex 1.4 -6.24713 6.24713
    endloop
  endfacet
  facet normal 0 0.555572 -0.831469
    outer loop
      vertex 1.4 -8.225 4.72946
      vertex 8 -7.18633 5.42348
      vertex 8 -8.225 4.72946
    endloop
  endfacet
  facet normal 0 0.555572 -0.831469
    outer loop
      vertex 8 -7.18633 5.42348
      vertex 1.4 -8.225 4.72946
      vertex 1.4 -7.18633 5.42348
    endloop
  endfacet
  facet normal 0 0.997859 -0.0654032
    outer loop
      vertex 8 -3.5317 11.7535
      vertex 1.4 -3.45 13
      vertex 8 -3.45 13
    endloop
  endfacet
  facet normal 0 0.997859 -0.0654032
    outer loop
      vertex 1.4 -3.45 13
      vertex 8 -3.5317 11.7535
      vertex 1.4 -3.5317 11.7535
    endloop
  endfacet
  facet normal 0 0.896871 -0.442292
    outer loop
      vertex 8 -4.72946 8.225
      vertex 1.4 -4.17695 9.34537
      vertex 8 -4.17695 9.34537
    endloop
  endfacet
  facet normal 0 0.896871 -0.442292
    outer loop
      vertex 1.4 -4.17695 9.34537
      vertex 8 -4.72946 8.225
      vertex 1.4 -4.72946 8.225
    endloop
  endfacet
  facet normal -0 0.555561 0.831476
    outer loop
      vertex 1.4 -7.18633 20.5765
      vertex 8 -8.225 21.2705
      vertex 8 -7.18633 20.5765
    endloop
  endfacet
  facet normal 0 0.555561 0.831476
    outer loop
      vertex 8 -8.225 21.2705
      vertex 1.4 -7.18633 20.5765
      vertex 1.4 -8.225 21.2705
    endloop
  endfacet
  facet normal -0 0.65932 0.751862
    outer loop
      vertex 1.4 -6.24713 19.7529
      vertex 8 -7.18633 20.5765
      vertex 8 -6.24713 19.7529
    endloop
  endfacet
  facet normal 0 0.65932 0.751862
    outer loop
      vertex 8 -7.18633 20.5765
      vertex 1.4 -6.24713 19.7529
      vertex 1.4 -7.18633 20.5765
    endloop
  endfacet
  facet normal -0 0.195085 0.980786
    outer loop
      vertex 1.4 -10.5283 22.2246
      vertex 8 -11.7535 22.4683
      vertex 8 -10.5283 22.2246
    endloop
  endfacet
  facet normal 0 0.195085 0.980786
    outer loop
      vertex 8 -11.7535 22.4683
      vertex 1.4 -10.5283 22.2246
      vertex 1.4 -11.7535 22.4683
    endloop
  endfacet
  facet normal 0 0.94693 0.321439
    outer loop
      vertex 8 -3.77541 15.4717
      vertex 1.4 -4.17695 16.6546
      vertex 8 -4.17695 16.6546
    endloop
  endfacet
  facet normal 0 0.94693 0.321439
    outer loop
      vertex 1.4 -4.17695 16.6546
      vertex 8 -3.77541 15.4717
      vertex 1.4 -3.77541 15.4717
    endloop
  endfacet
  facet normal 0 -0.0654032 -0.997859
    outer loop
      vertex 1.4 -14.2465 3.5317
      vertex 8 -13 3.45
      vertex 8 -14.2465 3.5317
    endloop
  endfacet
  facet normal -0 -0.0654032 -0.997859
    outer loop
      vertex 8 -13 3.45
      vertex 1.4 -14.2465 3.5317
      vertex 1.4 -13 3.45
    endloop
  endfacet
  facet normal 0 -0.831476 -0.555561
    outer loop
      vertex 1.4 -20.5765 7.18633
      vertex 8 -21.2705 8.225
      vertex 1.4 -21.2705 8.225
    endloop
  endfacet
  facet normal 0 -0.831476 -0.555561
    outer loop
      vertex 8 -21.2705 8.225
      vertex 1.4 -20.5765 7.18633
      vertex 8 -20.5765 7.18633
    endloop
  endfacet
  facet normal 0 -0.659343 -0.751842
    outer loop
      vertex 1.4 -19.7529 6.24713
      vertex 8 -18.8137 5.42348
      vertex 8 -19.7529 6.24713
    endloop
  endfacet
  facet normal -0 -0.659343 -0.751842
    outer loop
      vertex 8 -18.8137 5.42348
      vertex 1.4 -19.7529 6.24713
      vertex 1.4 -18.8137 5.42348
    endloop
  endfacet
  facet normal 0 0.442292 -0.896871
    outer loop
      vertex 1.4 -9.34537 4.17695
      vertex 8 -8.225 4.72946
      vertex 8 -9.34537 4.17695
    endloop
  endfacet
  facet normal 0 0.442292 -0.896871
    outer loop
      vertex 8 -8.225 4.72946
      vertex 1.4 -9.34537 4.17695
      vertex 1.4 -8.225 4.72946
    endloop
  endfacet
  facet normal 0 0.659343 -0.751842
    outer loop
      vertex 1.4 -7.18633 5.42348
      vertex 8 -6.24713 6.24713
      vertex 8 -7.18633 5.42348
    endloop
  endfacet
  facet normal 0 0.659343 -0.751842
    outer loop
      vertex 8 -6.24713 6.24713
      vertex 1.4 -7.18633 5.42348
      vertex 1.4 -6.24713 6.24713
    endloop
  endfacet
  facet normal 0 0.946933 -0.321432
    outer loop
      vertex 8 -4.17695 9.34537
      vertex 1.4 -3.77541 10.5283
      vertex 8 -3.77541 10.5283
    endloop
  endfacet
  facet normal 0 0.946933 -0.321432
    outer loop
      vertex 1.4 -3.77541 10.5283
      vertex 8 -4.17695 9.34537
      vertex 1.4 -4.17695 9.34537
    endloop
  endfacet
  facet normal 0 -0.442282 -0.896876
    outer loop
      vertex 1.4 -17.775 4.72946
      vertex 8 -16.6546 4.17695
      vertex 8 -17.775 4.72946
    endloop
  endfacet
  facet normal -0 -0.442282 -0.896876
    outer loop
      vertex 8 -16.6546 4.17695
      vertex 1.4 -17.775 4.72946
      vertex 1.4 -16.6546 4.17695
    endloop
  endfacet
  facet normal 1 0 0
    outer loop
      vertex 8 -4.85 13
      vertex 8 -3.45 13
      vertex 8 -3.5317 14.2465
    endloop
  endfacet
  facet normal 1 0 0
    outer loop
      vertex 8 -4.91972 14.0638
      vertex 8 -3.5317 14.2465
      vertex 8 -3.77541 15.4717
    endloop
  endfacet
  facet normal 1 0 0
    outer loop
      vertex 8 -3.45 13
      vertex 8 -4.85 13
      vertex 8 -3.5317 11.7535
    endloop
  endfacet
  facet normal 1 0 0
    outer loop
      vertex 8 -5.1277 15.1094
      vertex 8 -3.77541 15.4717
      vertex 8 -4.17695 16.6546
    endloop
  endfacet
  facet normal 1 -0 0
    outer loop
      vertex 8 -4.91972 11.9362
      vertex 8 -3.5317 11.7535
      vertex 8 -4.85 13
    endloop
  endfacet
  facet normal 1 0 0
    outer loop
      vertex 8 -5.47038 16.1189
      vertex 8 -4.17695 16.6546
      vertex 8 -4.72946 17.775
    endloop
  endfacet
  facet normal 1 0 0
    outer loop
      vertex 8 -3.5317 11.7535
      vertex 8 -4.91972 11.9362
      vertex 8 -3.77541 10.5283
    endloop
  endfacet
  facet normal 1 -0 0
    outer loop
      vertex 8 -5.1277 10.8906
      vertex 8 -3.77541 10.5283
      vertex 8 -4.91972 11.9362
    endloop
  endfacet
  facet normal 1 0 0
    outer loop
      vertex 8 -3.5317 14.2465
      vertex 8 -4.91972 14.0638
      vertex 8 -4.85 13
    endloop
  endfacet
  facet normal 1 0 0
    outer loop
      vertex 8 -3.77541 15.4717
      vertex 8 -5.1277 15.1094
      vertex 8 -4.91972 14.0638
    endloop
  endfacet
  facet normal 1 0 0
    outer loop
      vertex 8 -5.94189 17.075
      vertex 8 -4.72946 17.775
      vertex 8 -5.42348 18.8137
    endloop
  endfacet
  facet normal 1 0 0
    outer loop
      vertex 8 -4.17695 16.6546
      vertex 8 -5.47038 16.1189
      vertex 8 -5.1277 15.1094
    endloop
  endfacet
  facet normal 1 0 0
    outer loop
      vertex 8 -4.72946 17.775
      vertex 8 -5.94189 17.075
      vertex 8 -5.47038 16.1189
    endloop
  endfacet
  facet normal 1 0 0
    outer loop
      vertex 8 -6.53417 17.9614
      vertex 8 -5.42348 18.8137
      vertex 8 -6.24713 19.7529
    endloop
  endfacet
  facet normal 1 0 0
    outer loop
      vertex 8 -5.42348 18.8137
      vertex 8 -6.53417 17.9614
      vertex 8 -5.94189 17.075
    endloop
  endfacet
  facet normal 1 0 0
    outer loop
      vertex 8 -7.23708 18.7629
      vertex 8 -6.24713 19.7529
      vertex 8 -7.18633 20.5765
    endloop
  endfacet
  facet normal 1 0 0
    outer loop
      vertex 8 -6.24713 19.7529
      vertex 8 -7.23708 18.7629
      vertex 8 -6.53417 17.9614
    endloop
  endfacet
  facet normal 1 0 0
    outer loop
      vertex 8 -7.18633 20.5765
      vertex 8 -8.03859 19.4658
      vertex 8 -7.23708 18.7629
    endloop
  endfacet
  facet normal 1 0 0
    outer loop
      vertex 8 -8.225 21.2705
      vertex 8 -8.03859 19.4658
      vertex 8 -7.18633 20.5765
    endloop
  endfacet
  facet normal 1 0 0
    outer loop
      vertex 8 -8.225 21.2705
      vertex 8 -8.925 20.0581
      vertex 8 -8.03859 19.4658
    endloop
  endfacet
  facet normal 1 0 0
    outer loop
      vertex 8 -9.34537 21.823
      vertex 8 -8.925 20.0581
      vertex 8 -8.225 21.2705
    endloop
  endfacet
  facet normal 1 0 0
    outer loop
      vertex 8 -9.34537 21.823
      vertex 8 -9.88113 20.5296
      vertex 8 -8.925 20.0581
    endloop
  endfacet
  facet normal 1 0 0
    outer loop
      vertex 8 -10.5283 22.2246
      vertex 8 -9.88113 20.5296
      vertex 8 -9.34537 21.823
    endloop
  endfacet
  facet normal 1 0 0
    outer loop
      vertex 8 -10.5283 22.2246
      vertex 8 -10.8906 20.8723
      vertex 8 -9.88113 20.5296
    endloop
  endfacet
  facet normal 1 0 0
    outer loop
      vertex 8 -11.7535 22.4683
      vertex 8 -10.8906 20.8723
      vertex 8 -10.5283 22.2246
    endloop
  endfacet
  facet normal 1 0 0
    outer loop
      vertex 8 -11.7535 22.4683
      vertex 8 -11.9362 21.0803
      vertex 8 -10.8906 20.8723
    endloop
  endfacet
  facet normal 1 0 0
    outer loop
      vertex 8 -13 22.55
      vertex 8 -11.9362 21.0803
      vertex 8 -11.7535 22.4683
    endloop
  endfacet
  facet normal 1 0 0
    outer loop
      vertex 8 -13 22.55
      vertex 8 -13 21.15
      vertex 8 -11.9362 21.0803
    endloop
  endfacet
  facet normal 1 0 0
    outer loop
      vertex 8 -13 22.55
      vertex 8 -14.0638 21.0803
      vertex 8 -13 21.15
    endloop
  endfacet
  facet normal 1 -0 0
    outer loop
      vertex 8 -14.2465 22.4683
      vertex 8 -14.0638 21.0803
      vertex 8 -13 22.55
    endloop
  endfacet
  facet normal 1 0 0
    outer loop
      vertex 8 -14.2465 22.4683
      vertex 8 -15.1094 20.8723
      vertex 8 -14.0638 21.0803
    endloop
  endfacet
  facet normal 1 -0 0
    outer loop
      vertex 8 -15.4717 22.2246
      vertex 8 -15.1094 20.8723
      vertex 8 -14.2465 22.4683
    endloop
  endfacet
  facet normal 1 0 0
    outer loop
      vertex 8 -15.4717 22.2246
      vertex 8 -16.1189 20.5296
      vertex 8 -15.1094 20.8723
    endloop
  endfacet
  facet normal 1 -0 0
    outer loop
      vertex 8 -16.6546 21.823
      vertex 8 -16.1189 20.5296
      vertex 8 -15.4717 22.2246
    endloop
  endfacet
  facet normal 1 0 0
    outer loop
      vertex 8 -16.6546 21.823
      vertex 8 -17.075 20.0581
      vertex 8 -16.1189 20.5296
    endloop
  endfacet
  facet normal 1 -0 0
    outer loop
      vertex 8 -17.775 21.2705
      vertex 8 -17.075 20.0581
      vertex 8 -16.6546 21.823
    endloop
  endfacet
  facet normal 1 0 0
    outer loop
      vertex 8 -17.775 21.2705
      vertex 8 -17.9614 19.4658
      vertex 8 -17.075 20.0581
    endloop
  endfacet
  facet normal 1 -0 0
    outer loop
      vertex 8 -18.8137 20.5765
      vertex 8 -17.9614 19.4658
      vertex 8 -17.775 21.2705
    endloop
  endfacet
  facet normal 1 0 0
    outer loop
      vertex 8 -17.9614 19.4658
      vertex 8 -18.8137 20.5765
      vertex 8 -18.7629 18.7629
    endloop
  endfacet
  facet normal 1 -0 0
    outer loop
      vertex 8 -19.7529 19.7529
      vertex 8 -18.7629 18.7629
      vertex 8 -18.8137 20.5765
    endloop
  endfacet
  facet normal 1 0 0
    outer loop
      vertex 8 -18.7629 18.7629
      vertex 8 -19.7529 19.7529
      vertex 8 -19.4658 17.9614
    endloop
  endfacet
  facet normal 1 -0 0
    outer loop
      vertex 8 -20.5765 18.8137
      vertex 8 -19.4658 17.9614
      vertex 8 -19.7529 19.7529
    endloop
  endfacet
  facet normal 1 0 0
    outer loop
      vertex 8 -19.4658 17.9614
      vertex 8 -20.5765 18.8137
      vertex 8 -20.0581 17.075
    endloop
  endfacet
  facet normal 1 -0 0
    outer loop
      vertex 8 -21.2705 17.775
      vertex 8 -20.0581 17.075
      vertex 8 -20.5765 18.8137
    endloop
  endfacet
  facet normal 1 0 0
    outer loop
      vertex 8 -20.0581 17.075
      vertex 8 -21.2705 17.775
      vertex 8 -20.5296 16.1189
    endloop
  endfacet
  facet normal 1 -0 0
    outer loop
      vertex 8 -21.823 16.6546
      vertex 8 -20.5296 16.1189
      vertex 8 -21.2705 17.775
    endloop
  endfacet
  facet normal 1 -0 0
    outer loop
      vertex 8 -22.2246 15.4717
      vertex 8 -20.8723 15.1094
      vertex 8 -21.823 16.6546
    endloop
  endfacet
  facet normal 1 0 0
    outer loop
      vertex 8 -20.5296 16.1189
      vertex 8 -21.823 16.6546
      vertex 8 -20.8723 15.1094
    endloop
  endfacet
  facet normal 1 0 0
    outer loop
      vertex 8 -3.77541 10.5283
      vertex 8 -5.1277 10.8906
      vertex 8 -4.17695 9.34537
    endloop
  endfacet
  facet normal 1 -0 0
    outer loop
      vertex 8 -5.47038 9.88113
      vertex 8 -4.17695 9.34537
      vertex 8 -5.1277 10.8906
    endloop
  endfacet
  facet normal 1 0 0
    outer loop
      vertex 8 -4.17695 9.34537
      vertex 8 -5.47038 9.88113
      vertex 8 -4.72946 8.225
    endloop
  endfacet
  facet normal 1 -0 0
    outer loop
      vertex 8 -5.94189 8.925
      vertex 8 -4.72946 8.225
      vertex 8 -5.47038 9.88113
    endloop
  endfacet
  facet normal 1 0 0
    outer loop
      vertex 8 -4.72946 8.225
      vertex 8 -5.94189 8.925
      vertex 8 -5.42348 7.18633
    endloop
  endfacet
  facet normal 1 -0 0
    outer loop
      vertex 8 -6.53417 8.03859
      vertex 8 -5.42348 7.18633
      vertex 8 -5.94189 8.925
    endloop
  endfacet
  facet normal 1 0 0
    outer loop
      vertex 8 -5.42348 7.18633
      vertex 8 -6.53417 8.03859
      vertex 8 -6.24713 6.24713
    endloop
  endfacet
  facet normal 1 -0 0
    outer loop
      vertex 8 -7.23708 7.23708
      vertex 8 -6.24713 6.24713
      vertex 8 -6.53417 8.03859
    endloop
  endfacet
  facet normal 1 0 0
    outer loop
      vertex 8 -6.24713 6.24713
      vertex 8 -7.23708 7.23708
      vertex 8 -7.18633 5.42348
    endloop
  endfacet
  facet normal 1 -0 0
    outer loop
      vertex 8 -8.03859 6.53417
      vertex 8 -7.18633 5.42348
      vertex 8 -7.23708 7.23708
    endloop
  endfacet
  facet normal 1 0 0
    outer loop
      vertex 8 -8.03859 6.53417
      vertex 8 -8.225 4.72946
      vertex 8 -7.18633 5.42348
    endloop
  endfacet
  facet normal 1 -0 0
    outer loop
      vertex 8 -8.925 5.94189
      vertex 8 -8.225 4.72946
      vertex 8 -8.03859 6.53417
    endloop
  endfacet
  facet normal 1 0 0
    outer loop
      vertex 8 -8.925 5.94189
      vertex 8 -9.34537 4.17695
      vertex 8 -8.225 4.72946
    endloop
  endfacet
  facet normal 1 -0 0
    outer loop
      vertex 8 -9.88113 5.47038
      vertex 8 -9.34537 4.17695
      vertex 8 -8.925 5.94189
    endloop
  endfacet
  facet normal 1 0 0
    outer loop
      vertex 8 -9.88113 5.47038
      vertex 8 -10.5283 3.77541
      vertex 8 -9.34537 4.17695
    endloop
  endfacet
  facet normal 1 -0 0
    outer loop
      vertex 8 -10.8906 5.1277
      vertex 8 -10.5283 3.77541
      vertex 8 -9.88113 5.47038
    endloop
  endfacet
  facet normal 1 0 0
    outer loop
      vertex 8 -10.8906 5.1277
      vertex 8 -11.7535 3.5317
      vertex 8 -10.5283 3.77541
    endloop
  endfacet
  facet normal 1 -0 0
    outer loop
      vertex 8 -11.9362 4.91972
      vertex 8 -11.7535 3.5317
      vertex 8 -10.8906 5.1277
    endloop
  endfacet
  facet normal 1 -0 0
    outer loop
      vertex 8 -13 4.85
      vertex 8 -11.7535 3.5317
      vertex 8 -11.9362 4.91972
    endloop
  endfacet
  facet normal 1 0 0
    outer loop
      vertex 8 -13 4.85
      vertex 8 -13 3.45
      vertex 8 -11.7535 3.5317
    endloop
  endfacet
  facet normal 1 0 0
    outer loop
      vertex 8 -14.0638 4.91972
      vertex 8 -13 3.45
      vertex 8 -13 4.85
    endloop
  endfacet
  facet normal 1 0 0
    outer loop
      vertex 8 -14.0638 4.91972
      vertex 8 -14.2465 3.5317
      vertex 8 -13 3.45
    endloop
  endfacet
  facet normal 1 0 0
    outer loop
      vertex 8 -15.1094 5.1277
      vertex 8 -14.2465 3.5317
      vertex 8 -14.0638 4.91972
    endloop
  endfacet
  facet normal 1 0 0
    outer loop
      vertex 8 -15.1094 5.1277
      vertex 8 -15.4717 3.77541
      vertex 8 -14.2465 3.5317
    endloop
  endfacet
  facet normal 1 0 0
    outer loop
      vertex 8 -16.1189 5.47038
      vertex 8 -15.4717 3.77541
      vertex 8 -15.1094 5.1277
    endloop
  endfacet
  facet normal 1 0 0
    outer loop
      vertex 8 -16.1189 5.47038
      vertex 8 -16.6546 4.17695
      vertex 8 -15.4717 3.77541
    endloop
  endfacet
  facet normal 1 0 0
    outer loop
      vertex 8 -17.075 5.94189
      vertex 8 -16.6546 4.17695
      vertex 8 -16.1189 5.47038
    endloop
  endfacet
  facet normal 1 0 0
    outer loop
      vertex 8 -17.075 5.94189
      vertex 8 -17.775 4.72946
      vertex 8 -16.6546 4.17695
    endloop
  endfacet
  facet normal 1 0 0
    outer loop
      vertex 8 -17.9614 6.53417
      vertex 8 -17.775 4.72946
      vertex 8 -17.075 5.94189
    endloop
  endfacet
  facet normal 1 0 0
    outer loop
      vertex 8 -18.8137 5.42348
      vertex 8 -17.9614 6.53417
      vertex 8 -18.7629 7.23708
    endloop
  endfacet
  facet normal 1 0 0
    outer loop
      vertex 8 -17.9614 6.53417
      vertex 8 -18.8137 5.42348
      vertex 8 -17.775 4.72946
    endloop
  endfacet
  facet normal 1 0 0
    outer loop
      vertex 8 -19.7529 6.24713
      vertex 8 -18.7629 7.23708
      vertex 8 -19.4658 8.03859
    endloop
  endfacet
  facet normal 1 0 0
    outer loop
      vertex 8 -18.7629 7.23708
      vertex 8 -19.7529 6.24713
      vertex 8 -18.8137 5.42348
    endloop
  endfacet
  facet normal 1 0 0
    outer loop
      vertex 8 -20.5765 7.18633
      vertex 8 -19.4658 8.03859
      vertex 8 -20.0581 8.925
    endloop
  endfacet
  facet normal 1 0 0
    outer loop
      vertex 8 -21.2705 8.225
      vertex 8 -20.0581 8.925
      vertex 8 -20.5296 9.88113
    endloop
  endfacet
  facet normal 1 0 0
    outer loop
      vertex 8 -19.4658 8.03859
      vertex 8 -20.5765 7.18633
      vertex 8 -19.7529 6.24713
    endloop
  endfacet
  facet normal 1 0 0
    outer loop
      vertex 8 -21.823 9.34537
      vertex 8 -20.5296 9.88113
      vertex 8 -20.8723 10.8906
    endloop
  endfacet
  facet normal 1 0 0
    outer loop
      vertex 8 -22.2246 10.5283
      vertex 8 -20.8723 10.8906
      vertex 8 -21.0803 11.9362
    endloop
  endfacet
  facet normal 1 0 0
    outer loop
      vertex 8 -20.0581 8.925
      vertex 8 -21.2705 8.225
      vertex 8 -20.5765 7.18633
    endloop
  endfacet
  facet normal 1 0 0
    outer loop
      vertex 8 -22.4683 11.7535
      vertex 8 -21.0803 11.9362
      vertex 8 -21.15 13
    endloop
  endfacet
  facet normal 1 0 0
    outer loop
      vertex 8 -20.8723 15.1094
      vertex 8 -22.2246 15.4717
      vertex 8 -21.0803 14.0638
    endloop
  endfacet
  facet normal 1 -0 0
    outer loop
      vertex 8 -22.4683 14.2465
      vertex 8 -21.0803 14.0638
      vertex 8 -22.2246 15.4717
    endloop
  endfacet
  facet normal 1 0 0
    outer loop
      vertex 8 -20.5296 9.88113
      vertex 8 -21.823 9.34537
      vertex 8 -21.2705 8.225
    endloop
  endfacet
  facet normal 1 0 0
    outer loop
      vertex 8 -21.0803 14.0638
      vertex 8 -22.4683 14.2465
      vertex 8 -21.15 13
    endloop
  endfacet
  facet normal 1 0 0
    outer loop
      vertex 8 -20.8723 10.8906
      vertex 8 -22.2246 10.5283
      vertex 8 -21.823 9.34537
    endloop
  endfacet
  facet normal 1 0 0
    outer loop
      vertex 8 -22.55 13
      vertex 8 -21.15 13
      vertex 8 -22.4683 14.2465
    endloop
  endfacet
  facet normal 1 0 0
    outer loop
      vertex 8 -21.0803 11.9362
      vertex 8 -22.4683 11.7535
      vertex 8 -22.2246 10.5283
    endloop
  endfacet
  facet normal 1 0 0
    outer loop
      vertex 8 -21.15 13
      vertex 8 -22.55 13
      vertex 8 -22.4683 11.7535
    endloop
  endfacet
  facet normal 0 -0.442276 0.896879
    outer loop
      vertex 1.4 -16.6546 21.823
      vertex 8 -17.775 21.2705
      vertex 8 -16.6546 21.823
    endloop
  endfacet
  facet normal 0 -0.442276 0.896879
    outer loop
      vertex 8 -17.775 21.2705
      vertex 1.4 -16.6546 21.823
      vertex 1.4 -17.775 21.2705
    endloop
  endfacet
  facet normal 0 -0.65932 0.751862
    outer loop
      vertex 1.4 -18.8137 20.5765
      vertex 8 -19.7529 19.7529
      vertex 8 -18.8137 20.5765
    endloop
  endfacet
  facet normal 0 -0.65932 0.751862
    outer loop
      vertex 8 -19.7529 19.7529
      vertex 1.4 -18.8137 20.5765
      vertex 1.4 -19.7529 19.7529
    endloop
  endfacet
  facet normal 0 -0.321482 0.946916
    outer loop
      vertex 1.4 -15.4717 22.2246
      vertex 8 -16.6546 21.823
      vertex 8 -15.4717 22.2246
    endloop
  endfacet
  facet normal 0 -0.321482 0.946916
    outer loop
      vertex 8 -16.6546 21.823
      vertex 1.4 -15.4717 22.2246
      vertex 1.4 -16.6546 21.823
    endloop
  endfacet
  facet normal 0 -0.946918 -0.321475
    outer loop
      vertex 1.4 -21.823 9.34537
      vertex 8 -22.2246 10.5283
      vertex 1.4 -22.2246 10.5283
    endloop
  endfacet
  facet normal 0 -0.946918 -0.321475
    outer loop
      vertex 8 -22.2246 10.5283
      vertex 1.4 -21.823 9.34537
      vertex 8 -21.823 9.34537
    endloop
  endfacet
  facet normal 0 -0.751862 -0.65932
    outer loop
      vertex 1.4 -19.7529 6.24713
      vertex 8 -20.5765 7.18633
      vertex 1.4 -20.5765 7.18633
    endloop
  endfacet
  facet normal 0 -0.751862 -0.65932
    outer loop
      vertex 8 -20.5765 7.18633
      vertex 1.4 -19.7529 6.24713
      vertex 8 -19.7529 6.24713
    endloop
  endfacet
  facet normal 0 -0.321439 -0.94693
    outer loop
      vertex 1.4 -16.6546 4.17695
      vertex 8 -15.4717 3.77541
      vertex 8 -16.6546 4.17695
    endloop
  endfacet
  facet normal -0 -0.321439 -0.94693
    outer loop
      vertex 8 -15.4717 3.77541
      vertex 1.4 -16.6546 4.17695
      vertex 1.4 -15.4717 3.77541
    endloop
  endfacet
  facet normal 0 -0.997859 0.0654032
    outer loop
      vertex 1.4 -22.55 13
      vertex 8 -22.4683 14.2465
      vertex 1.4 -22.4683 14.2465
    endloop
  endfacet
  facet normal 0 -0.997859 0.0654032
    outer loop
      vertex 8 -22.4683 14.2465
      vertex 1.4 -22.55 13
      vertex 8 -22.55 13
    endloop
  endfacet
  facet normal 0 -0.980786 0.195085
    outer loop
      vertex 1.4 -22.4683 14.2465
      vertex 8 -22.2246 15.4717
      vertex 1.4 -22.2246 15.4717
    endloop
  endfacet
  facet normal 0 -0.980786 0.195085
    outer loop
      vertex 8 -22.2246 15.4717
      vertex 1.4 -22.4683 14.2465
      vertex 8 -22.4683 14.2465
    endloop
  endfacet
  facet normal 0 -0.946916 0.321482
    outer loop
      vertex 1.4 -22.2246 15.4717
      vertex 8 -21.823 16.6546
      vertex 1.4 -21.823 16.6546
    endloop
  endfacet
  facet normal 0 -0.946916 0.321482
    outer loop
      vertex 8 -21.823 16.6546
      vertex 1.4 -22.2246 15.4717
      vertex 8 -22.2246 15.4717
    endloop
  endfacet
  facet normal 0 -0.55555 0.831483
    outer loop
      vertex 1.4 -17.775 21.2705
      vertex 8 -18.8137 20.5765
      vertex 8 -17.775 21.2705
    endloop
  endfacet
  facet normal 0 -0.55555 0.831483
    outer loop
      vertex 8 -18.8137 20.5765
      vertex 1.4 -17.775 21.2705
      vertex 1.4 -18.8137 20.5765
    endloop
  endfacet
  facet normal 0 -0.195085 0.980786
    outer loop
      vertex 1.4 -14.2465 22.4683
      vertex 8 -15.4717 22.2246
      vertex 8 -14.2465 22.4683
    endloop
  endfacet
  facet normal 0 -0.195085 0.980786
    outer loop
      vertex 8 -15.4717 22.2246
      vertex 1.4 -14.2465 22.4683
      vertex 1.4 -15.4717 22.2246
    endloop
  endfacet
  facet normal 0 -0.0654032 0.997859
    outer loop
      vertex 1.4 -13 22.55
      vertex 8 -14.2465 22.4683
      vertex 8 -13 22.55
    endloop
  endfacet
  facet normal 0 -0.0654032 0.997859
    outer loop
      vertex 8 -14.2465 22.4683
      vertex 1.4 -13 22.55
      vertex 1.4 -14.2465 22.4683
    endloop
  endfacet
  facet normal 0 -0.896879 0.442276
    outer loop
      vertex 1.4 -21.823 16.6546
      vertex 8 -21.2705 17.775
      vertex 1.4 -21.2705 17.775
    endloop
  endfacet
  facet normal 0 -0.896879 0.442276
    outer loop
      vertex 8 -21.2705 17.775
      vertex 1.4 -21.823 16.6546
      vertex 8 -21.823 16.6546
    endloop
  endfacet
  facet normal 0 -0.831483 0.55555
    outer loop
      vertex 1.4 -21.2705 17.775
      vertex 8 -20.5765 18.8137
      vertex 1.4 -20.5765 18.8137
    endloop
  endfacet
  facet normal 0 -0.831483 0.55555
    outer loop
      vertex 8 -20.5765 18.8137
      vertex 1.4 -21.2705 17.775
      vertex 8 -21.2705 17.775
    endloop
  endfacet
  facet normal 0 -0.751862 0.65932
    outer loop
      vertex 1.4 -20.5765 18.8137
      vertex 8 -19.7529 19.7529
      vertex 1.4 -19.7529 19.7529
    endloop
  endfacet
  facet normal 0 -0.751862 0.65932
    outer loop
      vertex 8 -19.7529 19.7529
      vertex 1.4 -20.5765 18.8137
      vertex 8 -20.5765 18.8137
    endloop
  endfacet
  facet normal 0 0.0654032 -0.997859
    outer loop
      vertex 1.4 13 3.45
      vertex 8 14.2465 3.5317
      vertex 8 13 3.45
    endloop
  endfacet
  facet normal 0 0.0654032 -0.997859
    outer loop
      vertex 8 14.2465 3.5317
      vertex 1.4 13 3.45
      vertex 1.4 14.2465 3.5317
    endloop
  endfacet
  facet normal 0 -0.0654032 0.997859
    outer loop
      vertex 1.4 13 22.55
      vertex 8 11.7535 22.4683
      vertex 8 13 22.55
    endloop
  endfacet
  facet normal 0 -0.0654032 0.997859
    outer loop
      vertex 8 11.7535 22.4683
      vertex 1.4 13 22.55
      vertex 1.4 11.7535 22.4683
    endloop
  endfacet
  facet normal 0 0.997859 0.0654032
    outer loop
      vertex 8 22.55 13
      vertex 1.4 22.4683 14.2465
      vertex 8 22.4683 14.2465
    endloop
  endfacet
  facet normal 0 0.997859 0.0654032
    outer loop
      vertex 1.4 22.4683 14.2465
      vertex 8 22.55 13
      vertex 1.4 22.55 13
    endloop
  endfacet
  facet normal 0 -0.997859 -0.0654032
    outer loop
      vertex 1.4 3.5317 11.7535
      vertex 8 3.45 13
      vertex 1.4 3.45 13
    endloop
  endfacet
  facet normal 0 -0.997859 -0.0654032
    outer loop
      vertex 8 3.45 13
      vertex 1.4 3.5317 11.7535
      vertex 8 3.5317 11.7535
    endloop
  endfacet
  facet normal 0 -0.751842 0.659343
    outer loop
      vertex 1.4 5.42348 18.8137
      vertex 8 6.24713 19.7529
      vertex 1.4 6.24713 19.7529
    endloop
  endfacet
  facet normal 0 -0.751842 0.659343
    outer loop
      vertex 8 6.24713 19.7529
      vertex 1.4 5.42348 18.8137
      vertex 8 5.42348 18.8137
    endloop
  endfacet
  facet normal -0 0.65932 0.751862
    outer loop
      vertex 1.4 19.7529 19.7529
      vertex 8 18.8137 20.5765
      vertex 8 19.7529 19.7529
    endloop
  endfacet
  facet normal 0 0.65932 0.751862
    outer loop
      vertex 8 18.8137 20.5765
      vertex 1.4 19.7529 19.7529
      vertex 1.4 18.8137 20.5765
    endloop
  endfacet
  facet normal 0 0.896879 0.442276
    outer loop
      vertex 8 21.823 16.6546
      vertex 1.4 21.2705 17.775
      vertex 8 21.2705 17.775
    endloop
  endfacet
  facet normal 0 0.896879 0.442276
    outer loop
      vertex 1.4 21.2705 17.775
      vertex 8 21.823 16.6546
      vertex 1.4 21.823 16.6546
    endloop
  endfacet
  facet normal 0 -0.321475 0.946918
    outer loop
      vertex 1.4 10.5283 22.2246
      vertex 8 9.34537 21.823
      vertex 8 10.5283 22.2246
    endloop
  endfacet
  facet normal 0 -0.321475 0.946918
    outer loop
      vertex 8 9.34537 21.823
      vertex 1.4 10.5283 22.2246
      vertex 1.4 9.34537 21.823
    endloop
  endfacet
  facet normal 0 0.195092 -0.980785
    outer loop
      vertex 1.4 14.2465 3.5317
      vertex 8 15.4717 3.77541
      vertex 8 14.2465 3.5317
    endloop
  endfacet
  facet normal 0 0.195092 -0.980785
    outer loop
      vertex 8 15.4717 3.77541
      vertex 1.4 14.2465 3.5317
      vertex 1.4 15.4717 3.77541
    endloop
  endfacet
  facet normal 0 0.980786 -0.195085
    outer loop
      vertex 8 22.2246 10.5283
      vertex 1.4 22.4683 11.7535
      vertex 8 22.4683 11.7535
    endloop
  endfacet
  facet normal 0 0.980786 -0.195085
    outer loop
      vertex 1.4 22.4683 11.7535
      vertex 8 22.2246 10.5283
      vertex 1.4 22.2246 10.5283
    endloop
  endfacet
  facet normal 0 0.946918 -0.321475
    outer loop
      vertex 8 21.823 9.34537
      vertex 1.4 22.2246 10.5283
      vertex 8 22.2246 10.5283
    endloop
  endfacet
  facet normal 0 0.946918 -0.321475
    outer loop
      vertex 1.4 22.2246 10.5283
      vertex 8 21.823 9.34537
      vertex 1.4 21.823 9.34537
    endloop
  endfacet
  facet normal 0 0.831476 -0.555561
    outer loop
      vertex 8 20.5765 7.18633
      vertex 1.4 21.2705 8.225
      vertex 8 21.2705 8.225
    endloop
  endfacet
  facet normal 0 0.831476 -0.555561
    outer loop
      vertex 1.4 21.2705 8.225
      vertex 8 20.5765 7.18633
      vertex 1.4 20.5765 7.18633
    endloop
  endfacet
  facet normal -0 0.442276 0.896879
    outer loop
      vertex 1.4 17.775 21.2705
      vertex 8 16.6546 21.823
      vertex 8 17.775 21.2705
    endloop
  endfacet
  facet normal 0 0.442276 0.896879
    outer loop
      vertex 8 16.6546 21.823
      vertex 1.4 17.775 21.2705
      vertex 1.4 16.6546 21.823
    endloop
  endfacet
  facet normal -0 0.55555 0.831483
    outer loop
      vertex 1.4 18.8137 20.5765
      vertex 8 17.775 21.2705
      vertex 8 18.8137 20.5765
    endloop
  endfacet
  facet normal 0 0.55555 0.831483
    outer loop
      vertex 8 17.775 21.2705
      vertex 1.4 18.8137 20.5765
      vertex 1.4 17.775 21.2705
    endloop
  endfacet
  facet normal -0 0.195085 0.980786
    outer loop
      vertex 1.4 15.4717 22.2246
      vertex 8 14.2465 22.4683
      vertex 8 15.4717 22.2246
    endloop
  endfacet
  facet normal 0 0.195085 0.980786
    outer loop
      vertex 8 14.2465 22.4683
      vertex 1.4 15.4717 22.2246
      vertex 1.4 14.2465 22.4683
    endloop
  endfacet
  facet normal 0 0.751862 0.65932
    outer loop
      vertex 8 20.5765 18.8137
      vertex 1.4 19.7529 19.7529
      vertex 8 19.7529 19.7529
    endloop
  endfacet
  facet normal 0 0.751862 0.65932
    outer loop
      vertex 1.4 19.7529 19.7529
      vertex 8 20.5765 18.8137
      vertex 1.4 20.5765 18.8137
    endloop
  endfacet
  facet normal 0 0.980786 0.195085
    outer loop
      vertex 8 22.4683 14.2465
      vertex 1.4 22.2246 15.4717
      vertex 8 22.2246 15.4717
    endloop
  endfacet
  facet normal 0 0.980786 0.195085
    outer loop
      vertex 1.4 22.2246 15.4717
      vertex 8 22.4683 14.2465
      vertex 1.4 22.4683 14.2465
    endloop
  endfacet
  facet normal 0 -0.442292 -0.896871
    outer loop
      vertex 1.4 8.225 4.72946
      vertex 8 9.34537 4.17695
      vertex 8 8.225 4.72946
    endloop
  endfacet
  facet normal -0 -0.442292 -0.896871
    outer loop
      vertex 8 9.34537 4.17695
      vertex 1.4 8.225 4.72946
      vertex 1.4 9.34537 4.17695
    endloop
  endfacet
  facet normal 0 -0.946933 -0.321432
    outer loop
      vertex 1.4 4.17695 9.34537
      vertex 8 3.77541 10.5283
      vertex 1.4 3.77541 10.5283
    endloop
  endfacet
  facet normal 0 -0.946933 -0.321432
    outer loop
      vertex 8 3.77541 10.5283
      vertex 1.4 4.17695 9.34537
      vertex 8 4.17695 9.34537
    endloop
  endfacet
  facet normal 0 -0.980785 -0.195092
    outer loop
      vertex 1.4 3.77541 10.5283
      vertex 8 3.5317 11.7535
      vertex 1.4 3.5317 11.7535
    endloop
  endfacet
  facet normal 0 -0.980785 -0.195092
    outer loop
      vertex 8 3.5317 11.7535
      vertex 1.4 3.77541 10.5283
      vertex 8 3.77541 10.5283
    endloop
  endfacet
  facet normal 0 -0.555572 -0.831469
    outer loop
      vertex 1.4 7.18633 5.42348
      vertex 8 8.225 4.72946
      vertex 8 7.18633 5.42348
    endloop
  endfacet
  facet normal -0 -0.555572 -0.831469
    outer loop
      vertex 8 8.225 4.72946
      vertex 1.4 7.18633 5.42348
      vertex 1.4 8.225 4.72946
    endloop
  endfacet
  facet normal 0 -0.195092 -0.980785
    outer loop
      vertex 1.4 10.5283 3.77541
      vertex 8 11.7535 3.5317
      vertex 8 10.5283 3.77541
    endloop
  endfacet
  facet normal -0 -0.195092 -0.980785
    outer loop
      vertex 8 11.7535 3.5317
      vertex 1.4 10.5283 3.77541
      vertex 1.4 11.7535 3.5317
    endloop
  endfacet
  facet normal 0 -0.94693 0.321439
    outer loop
      vertex 1.4 3.77541 15.4717
      vertex 8 4.17695 16.6546
      vertex 1.4 4.17695 16.6546
    endloop
  endfacet
  facet normal 0 -0.94693 0.321439
    outer loop
      vertex 8 4.17695 16.6546
      vertex 1.4 3.77541 15.4717
      vertex 8 3.77541 15.4717
    endloop
  endfacet
  facet normal 0 -0.831476 0.555561
    outer loop
      vertex 1.4 4.72946 17.775
      vertex 8 5.42348 18.8137
      vertex 1.4 5.42348 18.8137
    endloop
  endfacet
  facet normal 0 -0.831476 0.555561
    outer loop
      vertex 8 5.42348 18.8137
      vertex 1.4 4.72946 17.775
      vertex 8 4.72946 17.775
    endloop
  endfacet
  facet normal 0 -0.980785 0.195092
    outer loop
      vertex 1.4 3.5317 14.2465
      vertex 8 3.77541 15.4717
      vertex 1.4 3.77541 15.4717
    endloop
  endfacet
  facet normal 0 -0.980785 0.195092
    outer loop
      vertex 8 3.77541 15.4717
      vertex 1.4 3.5317 14.2465
      vertex 8 3.5317 14.2465
    endloop
  endfacet
  facet normal 0 -0.195085 0.980786
    outer loop
      vertex 1.4 11.7535 22.4683
      vertex 8 10.5283 22.2246
      vertex 8 11.7535 22.4683
    endloop
  endfacet
  facet normal 0 -0.195085 0.980786
    outer loop
      vertex 8 10.5283 22.2246
      vertex 1.4 11.7535 22.4683
      vertex 1.4 10.5283 22.2246
    endloop
  endfacet
  facet normal 0 0.321439 -0.94693
    outer loop
      vertex 1.4 15.4717 3.77541
      vertex 8 16.6546 4.17695
      vertex 8 15.4717 3.77541
    endloop
  endfacet
  facet normal 0 0.321439 -0.94693
    outer loop
      vertex 8 16.6546 4.17695
      vertex 1.4 15.4717 3.77541
      vertex 1.4 16.6546 4.17695
    endloop
  endfacet
  facet normal 0 0.659343 -0.751842
    outer loop
      vertex 1.4 18.8137 5.42348
      vertex 8 19.7529 6.24713
      vertex 8 18.8137 5.42348
    endloop
  endfacet
  facet normal 0 0.659343 -0.751842
    outer loop
      vertex 8 19.7529 6.24713
      vertex 1.4 18.8137 5.42348
      vertex 1.4 19.7529 6.24713
    endloop
  endfacet
  facet normal 0 0.751862 -0.65932
    outer loop
      vertex 8 19.7529 6.24713
      vertex 1.4 20.5765 7.18633
      vertex 8 20.5765 7.18633
    endloop
  endfacet
  facet normal 0 0.751862 -0.65932
    outer loop
      vertex 1.4 20.5765 7.18633
      vertex 8 19.7529 6.24713
      vertex 1.4 19.7529 6.24713
    endloop
  endfacet
  facet normal 0 0.555561 -0.831476
    outer loop
      vertex 1.4 17.775 4.72946
      vertex 8 18.8137 5.42348
      vertex 8 17.775 4.72946
    endloop
  endfacet
  facet normal 0 0.555561 -0.831476
    outer loop
      vertex 8 18.8137 5.42348
      vertex 1.4 17.775 4.72946
      vertex 1.4 18.8137 5.42348
    endloop
  endfacet
  facet normal 0 0.997859 -0.0654032
    outer loop
      vertex 8 22.4683 11.7535
      vertex 1.4 22.55 13
      vertex 8 22.55 13
    endloop
  endfacet
  facet normal 0 0.997859 -0.0654032
    outer loop
      vertex 1.4 22.55 13
      vertex 8 22.4683 11.7535
      vertex 1.4 22.4683 11.7535
    endloop
  endfacet
  facet normal 0 0.896874 -0.442285
    outer loop
      vertex 8 21.2705 8.225
      vertex 1.4 21.823 9.34537
      vertex 8 21.823 9.34537
    endloop
  endfacet
  facet normal 0 0.896874 -0.442285
    outer loop
      vertex 1.4 21.823 9.34537
      vertex 8 21.2705 8.225
      vertex 1.4 21.2705 8.225
    endloop
  endfacet
  facet normal -0 0.321482 0.946916
    outer loop
      vertex 1.4 16.6546 21.823
      vertex 8 15.4717 22.2246
      vertex 8 16.6546 21.823
    endloop
  endfacet
  facet normal 0 0.321482 0.946916
    outer loop
      vertex 8 15.4717 22.2246
      vertex 1.4 16.6546 21.823
      vertex 1.4 15.4717 22.2246
    endloop
  endfacet
  facet normal -0 0.0654032 0.997859
    outer loop
      vertex 1.4 14.2465 22.4683
      vertex 8 13 22.55
      vertex 8 14.2465 22.4683
    endloop
  endfacet
  facet normal 0 0.0654032 0.997859
    outer loop
      vertex 8 13 22.55
      vertex 1.4 14.2465 22.4683
      vertex 1.4 13 22.55
    endloop
  endfacet
  facet normal 0 -0.0654032 -0.997859
    outer loop
      vertex 1.4 11.7535 3.5317
      vertex 8 13 3.45
      vertex 8 11.7535 3.5317
    endloop
  endfacet
  facet normal -0 -0.0654032 -0.997859
    outer loop
      vertex 8 13 3.45
      vertex 1.4 11.7535 3.5317
      vertex 1.4 13 3.45
    endloop
  endfacet
  facet normal 0 -0.831469 -0.555572
    outer loop
      vertex 1.4 5.42348 7.18633
      vertex 8 4.72946 8.225
      vertex 1.4 4.72946 8.225
    endloop
  endfacet
  facet normal 0 -0.831469 -0.555572
    outer loop
      vertex 8 4.72946 8.225
      vertex 1.4 5.42348 7.18633
      vertex 8 5.42348 7.18633
    endloop
  endfacet
  facet normal 0 -0.659343 -0.751842
    outer loop
      vertex 1.4 6.24713 6.24713
      vertex 8 7.18633 5.42348
      vertex 8 6.24713 6.24713
    endloop
  endfacet
  facet normal -0 -0.659343 -0.751842
    outer loop
      vertex 8 7.18633 5.42348
      vertex 1.4 6.24713 6.24713
      vertex 1.4 7.18633 5.42348
    endloop
  endfacet
  facet normal 0 -0.751842 -0.659343
    outer loop
      vertex 1.4 6.24713 6.24713
      vertex 8 5.42348 7.18633
      vertex 1.4 5.42348 7.18633
    endloop
  endfacet
  facet normal 0 -0.751842 -0.659343
    outer loop
      vertex 8 5.42348 7.18633
      vertex 1.4 6.24713 6.24713
      vertex 8 6.24713 6.24713
    endloop
  endfacet
  facet normal 0 -0.896876 0.442282
    outer loop
      vertex 1.4 4.17695 16.6546
      vertex 8 4.72946 17.775
      vertex 1.4 4.72946 17.775
    endloop
  endfacet
  facet normal 0 -0.896876 0.442282
    outer loop
      vertex 8 4.72946 17.775
      vertex 1.4 4.17695 16.6546
      vertex 8 4.17695 16.6546
    endloop
  endfacet
  facet normal 0 -0.997859 0.0654032
    outer loop
      vertex 1.4 3.45 13
      vertex 8 3.5317 14.2465
      vertex 1.4 3.5317 14.2465
    endloop
  endfacet
  facet normal 0 -0.997859 0.0654032
    outer loop
      vertex 8 3.5317 14.2465
      vertex 1.4 3.45 13
      vertex 8 3.45 13
    endloop
  endfacet
  facet normal 1 0 0
    outer loop
      vertex 8 21.15 13
      vertex 8 22.55 13
      vertex 8 22.4683 14.2465
    endloop
  endfacet
  facet normal 1 0 0
    outer loop
      vertex 8 21.0803 14.0638
      vertex 8 22.4683 14.2465
      vertex 8 22.2246 15.4717
    endloop
  endfacet
  facet normal 1 0 0
    outer loop
      vertex 8 22.55 13
      vertex 8 21.15 13
      vertex 8 22.4683 11.7535
    endloop
  endfacet
  facet normal 1 0 0
    outer loop
      vertex 8 20.8723 15.1094
      vertex 8 22.2246 15.4717
      vertex 8 21.823 16.6546
    endloop
  endfacet
  facet normal 1 -0 0
    outer loop
      vertex 8 21.0803 11.9362
      vertex 8 22.4683 11.7535
      vertex 8 21.15 13
    endloop
  endfacet
  facet normal 1 0 0
    outer loop
      vertex 8 20.5296 16.1189
      vertex 8 21.823 16.6546
      vertex 8 21.2705 17.775
    endloop
  endfacet
  facet normal 1 0 0
    outer loop
      vertex 8 22.4683 11.7535
      vertex 8 21.0803 11.9362
      vertex 8 22.2246 10.5283
    endloop
  endfacet
  facet normal 1 -0 0
    outer loop
      vertex 8 20.8723 10.8906
      vertex 8 22.2246 10.5283
      vertex 8 21.0803 11.9362
    endloop
  endfacet
  facet normal 1 0 0
    outer loop
      vertex 8 22.4683 14.2465
      vertex 8 21.0803 14.0638
      vertex 8 21.15 13
    endloop
  endfacet
  facet normal 1 0 0
    outer loop
      vertex 8 22.2246 15.4717
      vertex 8 20.8723 15.1094
      vertex 8 21.0803 14.0638
    endloop
  endfacet
  facet normal 1 0 0
    outer loop
      vertex 8 20.0581 17.075
      vertex 8 21.2705 17.775
      vertex 8 20.5765 18.8137
    endloop
  endfacet
  facet normal 1 0 0
    outer loop
      vertex 8 21.823 16.6546
      vertex 8 20.5296 16.1189
      vertex 8 20.8723 15.1094
    endloop
  endfacet
  facet normal 1 0 0
    outer loop
      vertex 8 21.2705 17.775
      vertex 8 20.0581 17.075
      vertex 8 20.5296 16.1189
    endloop
  endfacet
  facet normal 1 0 0
    outer loop
      vertex 8 19.4658 17.9614
      vertex 8 20.5765 18.8137
      vertex 8 19.7529 19.7529
    endloop
  endfacet
  facet normal 1 0 0
    outer loop
      vertex 8 20.5765 18.8137
      vertex 8 19.4658 17.9614
      vertex 8 20.0581 17.075
    endloop
  endfacet
  facet normal 1 0 0
    outer loop
      vertex 8 18.7629 18.7629
      vertex 8 19.7529 19.7529
      vertex 8 18.8137 20.5765
    endloop
  endfacet
  facet normal 1 0 0
    outer loop
      vertex 8 19.7529 19.7529
      vertex 8 18.7629 18.7629
      vertex 8 19.4658 17.9614
    endloop
  endfacet
  facet normal 1 0 0
    outer loop
      vertex 8 18.8137 20.5765
      vertex 8 17.9614 19.4658
      vertex 8 18.7629 18.7629
    endloop
  endfacet
  facet normal 1 0 0
    outer loop
      vertex 8 17.775 21.2705
      vertex 8 17.9614 19.4658
      vertex 8 18.8137 20.5765
    endloop
  endfacet
  facet normal 1 0 0
    outer loop
      vertex 8 17.775 21.2705
      vertex 8 17.075 20.0581
      vertex 8 17.9614 19.4658
    endloop
  endfacet
  facet normal 1 0 0
    outer loop
      vertex 8 16.6546 21.823
      vertex 8 17.075 20.0581
      vertex 8 17.775 21.2705
    endloop
  endfacet
  facet normal 1 0 0
    outer loop
      vertex 8 16.6546 21.823
      vertex 8 16.1189 20.5296
      vertex 8 17.075 20.0581
    endloop
  endfacet
  facet normal 1 0 0
    outer loop
      vertex 8 15.4717 22.2246
      vertex 8 16.1189 20.5296
      vertex 8 16.6546 21.823
    endloop
  endfacet
  facet normal 1 0 0
    outer loop
      vertex 8 15.4717 22.2246
      vertex 8 15.1094 20.8723
      vertex 8 16.1189 20.5296
    endloop
  endfacet
  facet normal 1 0 0
    outer loop
      vertex 8 14.2465 22.4683
      vertex 8 15.1094 20.8723
      vertex 8 15.4717 22.2246
    endloop
  endfacet
  facet normal 1 0 0
    outer loop
      vertex 8 14.2465 22.4683
      vertex 8 14.0638 21.0803
      vertex 8 15.1094 20.8723
    endloop
  endfacet
  facet normal 1 0 0
    outer loop
      vertex 8 13 22.55
      vertex 8 14.0638 21.0803
      vertex 8 14.2465 22.4683
    endloop
  endfacet
  facet normal 1 0 0
    outer loop
      vertex 8 13 22.55
      vertex 8 13 21.15
      vertex 8 14.0638 21.0803
    endloop
  endfacet
  facet normal 1 0 0
    outer loop
      vertex 8 13 22.55
      vertex 8 11.9362 21.0803
      vertex 8 13 21.15
    endloop
  endfacet
  facet normal 1 -0 0
    outer loop
      vertex 8 11.7535 22.4683
      vertex 8 11.9362 21.0803
      vertex 8 13 22.55
    endloop
  endfacet
  facet normal 1 0 0
    outer loop
      vertex 8 11.7535 22.4683
      vertex 8 10.8906 20.8723
      vertex 8 11.9362 21.0803
    endloop
  endfacet
  facet normal 1 -0 0
    outer loop
      vertex 8 10.5283 22.2246
      vertex 8 10.8906 20.8723
      vertex 8 11.7535 22.4683
    endloop
  endfacet
  facet normal 1 0 0
    outer loop
      vertex 8 10.5283 22.2246
      vertex 8 9.88113 20.5296
      vertex 8 10.8906 20.8723
    endloop
  endfacet
  facet normal 1 -0 0
    outer loop
      vertex 8 9.34537 21.823
      vertex 8 9.88113 20.5296
      vertex 8 10.5283 22.2246
    endloop
  endfacet
  facet normal 1 0 0
    outer loop
      vertex 8 9.34537 21.823
      vertex 8 8.925 20.0581
      vertex 8 9.88113 20.5296
    endloop
  endfacet
  facet normal 1 -0 0
    outer loop
      vertex 8 8.225 21.2705
      vertex 8 8.925 20.0581
      vertex 8 9.34537 21.823
    endloop
  endfacet
  facet normal 1 0 0
    outer loop
      vertex 8 8.225 21.2705
      vertex 8 8.03859 19.4658
      vertex 8 8.925 20.0581
    endloop
  endfacet
  facet normal 1 -0 0
    outer loop
      vertex 8 7.18633 20.5765
      vertex 8 8.03859 19.4658
      vertex 8 8.225 21.2705
    endloop
  endfacet
  facet normal 1 0 0
    outer loop
      vertex 8 8.03859 19.4658
      vertex 8 7.18633 20.5765
      vertex 8 7.23708 18.7629
    endloop
  endfacet
  facet normal 1 -0 0
    outer loop
      vertex 8 6.24713 19.7529
      vertex 8 7.23708 18.7629
      vertex 8 7.18633 20.5765
    endloop
  endfacet
  facet normal 1 0 0
    outer loop
      vertex 8 7.23708 18.7629
      vertex 8 6.24713 19.7529
      vertex 8 6.53417 17.9614
    endloop
  endfacet
  facet normal 1 -0 0
    outer loop
      vertex 8 5.42348 18.8137
      vertex 8 6.53417 17.9614
      vertex 8 6.24713 19.7529
    endloop
  endfacet
  facet normal 1 0 0
    outer loop
      vertex 8 6.53417 17.9614
      vertex 8 5.42348 18.8137
      vertex 8 5.94189 17.075
    endloop
  endfacet
  facet normal 1 -0 0
    outer loop
      vertex 8 4.72946 17.775
      vertex 8 5.94189 17.075
      vertex 8 5.42348 18.8137
    endloop
  endfacet
  facet normal 1 0 0
    outer loop
      vertex 8 5.94189 17.075
      vertex 8 4.72946 17.775
      vertex 8 5.47038 16.1189
    endloop
  endfacet
  facet normal 1 -0 0
    outer loop
      vertex 8 4.17695 16.6546
      vertex 8 5.47038 16.1189
      vertex 8 4.72946 17.775
    endloop
  endfacet
  facet normal 1 -0 0
    outer loop
      vertex 8 3.77541 15.4717
      vertex 8 5.1277 15.1094
      vertex 8 4.17695 16.6546
    endloop
  endfacet
  facet normal 1 0 0
    outer loop
      vertex 8 5.47038 16.1189
      vertex 8 4.17695 16.6546
      vertex 8 5.1277 15.1094
    endloop
  endfacet
  facet normal 1 0 0
    outer loop
      vertex 8 22.2246 10.5283
      vertex 8 20.8723 10.8906
      vertex 8 21.823 9.34537
    endloop
  endfacet
  facet normal 1 -0 0
    outer loop
      vertex 8 20.5296 9.88113
      vertex 8 21.823 9.34537
      vertex 8 20.8723 10.8906
    endloop
  endfacet
  facet normal 1 0 0
    outer loop
      vertex 8 21.823 9.34537
      vertex 8 20.5296 9.88113
      vertex 8 21.2705 8.225
    endloop
  endfacet
  facet normal 1 -0 0
    outer loop
      vertex 8 20.0581 8.925
      vertex 8 21.2705 8.225
      vertex 8 20.5296 9.88113
    endloop
  endfacet
  facet normal 1 0 0
    outer loop
      vertex 8 21.2705 8.225
      vertex 8 20.0581 8.925
      vertex 8 20.5765 7.18633
    endloop
  endfacet
  facet normal 1 -0 0
    outer loop
      vertex 8 19.4658 8.03859
      vertex 8 20.5765 7.18633
      vertex 8 20.0581 8.925
    endloop
  endfacet
  facet normal 1 0 0
    outer loop
      vertex 8 20.5765 7.18633
      vertex 8 19.4658 8.03859
      vertex 8 19.7529 6.24713
    endloop
  endfacet
  facet normal 1 -0 0
    outer loop
      vertex 8 18.7629 7.23708
      vertex 8 19.7529 6.24713
      vertex 8 19.4658 8.03859
    endloop
  endfacet
  facet normal 1 0 0
    outer loop
      vertex 8 19.7529 6.24713
      vertex 8 18.7629 7.23708
      vertex 8 18.8137 5.42348
    endloop
  endfacet
  facet normal 1 -0 0
    outer loop
      vertex 8 17.9614 6.53417
      vertex 8 18.8137 5.42348
      vertex 8 18.7629 7.23708
    endloop
  endfacet
  facet normal 1 0 0
    outer loop
      vertex 8 17.9614 6.53417
      vertex 8 17.775 4.72946
      vertex 8 18.8137 5.42348
    endloop
  endfacet
  facet normal 1 -0 0
    outer loop
      vertex 8 17.075 5.94189
      vertex 8 17.775 4.72946
      vertex 8 17.9614 6.53417
    endloop
  endfacet
  facet normal 1 0 0
    outer loop
      vertex 8 17.075 5.94189
      vertex 8 16.6546 4.17695
      vertex 8 17.775 4.72946
    endloop
  endfacet
  facet normal 1 -0 0
    outer loop
      vertex 8 16.1189 5.47038
      vertex 8 16.6546 4.17695
      vertex 8 17.075 5.94189
    endloop
  endfacet
  facet normal 1 0 0
    outer loop
      vertex 8 16.1189 5.47038
      vertex 8 15.4717 3.77541
      vertex 8 16.6546 4.17695
    endloop
  endfacet
  facet normal 1 -0 0
    outer loop
      vertex 8 15.1094 5.1277
      vertex 8 15.4717 3.77541
      vertex 8 16.1189 5.47038
    endloop
  endfacet
  facet normal 1 0 0
    outer loop
      vertex 8 15.1094 5.1277
      vertex 8 14.2465 3.5317
      vertex 8 15.4717 3.77541
    endloop
  endfacet
  facet normal 1 -0 0
    outer loop
      vertex 8 14.0638 4.91972
      vertex 8 14.2465 3.5317
      vertex 8 15.1094 5.1277
    endloop
  endfacet
  facet normal 1 -0 0
    outer loop
      vertex 8 13 4.85
      vertex 8 14.2465 3.5317
      vertex 8 14.0638 4.91972
    endloop
  endfacet
  facet normal 1 0 0
    outer loop
      vertex 8 13 4.85
      vertex 8 13 3.45
      vertex 8 14.2465 3.5317
    endloop
  endfacet
  facet normal 1 0 0
    outer loop
      vertex 8 11.9362 4.91972
      vertex 8 13 3.45
      vertex 8 13 4.85
    endloop
  endfacet
  facet normal 1 0 0
    outer loop
      vertex 8 11.9362 4.91972
      vertex 8 11.7535 3.5317
      vertex 8 13 3.45
    endloop
  endfacet
  facet normal 1 0 0
    outer loop
      vertex 8 10.8906 5.1277
      vertex 8 11.7535 3.5317
      vertex 8 11.9362 4.91972
    endloop
  endfacet
  facet normal 1 0 0
    outer loop
      vertex 8 10.8906 5.1277
      vertex 8 10.5283 3.77541
      vertex 8 11.7535 3.5317
    endloop
  endfacet
  facet normal 1 0 0
    outer loop
      vertex 8 9.88113 5.47038
      vertex 8 10.5283 3.77541
      vertex 8 10.8906 5.1277
    endloop
  endfacet
  facet normal 1 0 0
    outer loop
      vertex 8 9.88113 5.47038
      vertex 8 9.34537 4.17695
      vertex 8 10.5283 3.77541
    endloop
  endfacet
  facet normal 1 0 0
    outer loop
      vertex 8 8.925 5.94189
      vertex 8 9.34537 4.17695
      vertex 8 9.88113 5.47038
    endloop
  endfacet
  facet normal 1 0 0
    outer loop
      vertex 8 8.925 5.94189
      vertex 8 8.225 4.72946
      vertex 8 9.34537 4.17695
    endloop
  endfacet
  facet normal 1 0 0
    outer loop
      vertex 8 8.03859 6.53417
      vertex 8 8.225 4.72946
      vertex 8 8.925 5.94189
    endloop
  endfacet
  facet normal 1 0 0
    outer loop
      vertex 8 7.18633 5.42348
      vertex 8 8.03859 6.53417
      vertex 8 7.23708 7.23708
    endloop
  endfacet
  facet normal 1 0 0
    outer loop
      vertex 8 8.03859 6.53417
      vertex 8 7.18633 5.42348
      vertex 8 8.225 4.72946
    endloop
  endfacet
  facet normal 1 0 0
    outer loop
      vertex 8 6.24713 6.24713
      vertex 8 7.23708 7.23708
      vertex 8 6.53417 8.03859
    endloop
  endfacet
  facet normal 1 0 0
    outer loop
      vertex 8 7.23708 7.23708
      vertex 8 6.24713 6.24713
      vertex 8 7.18633 5.42348
    endloop
  endfacet
  facet normal 1 0 0
    outer loop
      vertex 8 5.42348 7.18633
      vertex 8 6.53417 8.03859
      vertex 8 5.94189 8.925
    endloop
  endfacet
  facet normal 1 0 0
    outer loop
      vertex 8 4.72946 8.225
      vertex 8 5.94189 8.925
      vertex 8 5.47038 9.88113
    endloop
  endfacet
  facet normal 1 0 0
    outer loop
      vertex 8 6.53417 8.03859
      vertex 8 5.42348 7.18633
      vertex 8 6.24713 6.24713
    endloop
  endfacet
  facet normal 1 0 0
    outer loop
      vertex 8 4.17695 9.34537
      vertex 8 5.47038 9.88113
      vertex 8 5.1277 10.8906
    endloop
  endfacet
  facet normal 1 0 0
    outer loop
      vertex 8 3.77541 10.5283
      vertex 8 5.1277 10.8906
      vertex 8 4.91972 11.9362
    endloop
  endfacet
  facet normal 1 0 0
    outer loop
      vertex 8 5.94189 8.925
      vertex 8 4.72946 8.225
      vertex 8 5.42348 7.18633
    endloop
  endfacet
  facet normal 1 0 0
    outer loop
      vertex 8 3.5317 11.7535
      vertex 8 4.91972 11.9362
      vertex 8 4.85 13
    endloop
  endfacet
  facet normal 1 0 0
    outer loop
      vertex 8 5.1277 15.1094
      vertex 8 3.77541 15.4717
      vertex 8 4.91972 14.0638
    endloop
  endfacet
  facet normal 1 -0 0
    outer loop
      vertex 8 3.5317 14.2465
      vertex 8 4.91972 14.0638
      vertex 8 3.77541 15.4717
    endloop
  endfacet
  facet normal 1 0 0
    outer loop
      vertex 8 5.47038 9.88113
      vertex 8 4.17695 9.34537
      vertex 8 4.72946 8.225
    endloop
  endfacet
  facet normal 1 0 0
    outer loop
      vertex 8 4.91972 14.0638
      vertex 8 3.5317 14.2465
      vertex 8 4.85 13
    endloop
  endfacet
  facet normal 1 0 0
    outer loop
      vertex 8 5.1277 10.8906
      vertex 8 3.77541 10.5283
      vertex 8 4.17695 9.34537
    endloop
  endfacet
  facet normal 1 0 0
    outer loop
      vertex 8 3.45 13
      vertex 8 4.85 13
      vertex 8 3.5317 14.2465
    endloop
  endfacet
  facet normal 1 0 0
    outer loop
      vertex 8 4.91972 11.9362
      vertex 8 3.5317 11.7535
      vertex 8 3.77541 10.5283
    endloop
  endfacet
  facet normal 1 0 0
    outer loop
      vertex 8 4.85 13
      vertex 8 3.45 13
      vertex 8 3.5317 11.7535
    endloop
  endfacet
  facet normal 0 -0.555561 0.831476
    outer loop
      vertex 1.4 8.225 21.2705
      vertex 8 7.18633 20.5765
      vertex 8 8.225 21.2705
    endloop
  endfacet
  facet normal 0 -0.555561 0.831476
    outer loop
      vertex 8 7.18633 20.5765
      vertex 1.4 8.225 21.2705
      vertex 1.4 7.18633 20.5765
    endloop
  endfacet
  facet normal 0 -0.65932 0.751862
    outer loop
      vertex 1.4 7.18633 20.5765
      vertex 8 6.24713 19.7529
      vertex 8 7.18633 20.5765
    endloop
  endfacet
  facet normal 0 -0.65932 0.751862
    outer loop
      vertex 8 6.24713 19.7529
      vertex 1.4 7.18633 20.5765
      vertex 1.4 6.24713 19.7529
    endloop
  endfacet
  facet normal 0 -0.442285 0.896874
    outer loop
      vertex 1.4 9.34537 21.823
      vertex 8 8.225 21.2705
      vertex 8 9.34537 21.823
    endloop
  endfacet
  facet normal 0 -0.442285 0.896874
    outer loop
      vertex 8 8.225 21.2705
      vertex 1.4 9.34537 21.823
      vertex 1.4 8.225 21.2705
    endloop
  endfacet
  facet normal 0 0.442282 -0.896876
    outer loop
      vertex 1.4 16.6546 4.17695
      vertex 8 17.775 4.72946
      vertex 8 16.6546 4.17695
    endloop
  endfacet
  facet normal 0 0.442282 -0.896876
    outer loop
      vertex 8 17.775 4.72946
      vertex 1.4 16.6546 4.17695
      vertex 1.4 17.775 4.72946
    endloop
  endfacet
  facet normal 0 0.831483 0.55555
    outer loop
      vertex 8 21.2705 17.775
      vertex 1.4 20.5765 18.8137
      vertex 8 20.5765 18.8137
    endloop
  endfacet
  facet normal 0 0.831483 0.55555
    outer loop
      vertex 1.4 20.5765 18.8137
      vertex 8 21.2705 17.775
      vertex 1.4 21.2705 17.775
    endloop
  endfacet
  facet normal 0 0.946916 0.321482
    outer loop
      vertex 8 22.2246 15.4717
      vertex 1.4 21.823 16.6546
      vertex 8 21.823 16.6546
    endloop
  endfacet
  facet normal 0 0.946916 0.321482
    outer loop
      vertex 1.4 21.823 16.6546
      vertex 8 22.2246 15.4717
      vertex 1.4 22.2246 15.4717
    endloop
  endfacet
  facet normal 0 -0.896871 -0.442292
    outer loop
      vertex 1.4 4.72946 8.225
      vertex 8 4.17695 9.34537
      vertex 1.4 4.17695 9.34537
    endloop
  endfacet
  facet normal 0 -0.896871 -0.442292
    outer loop
      vertex 8 4.17695 9.34537
      vertex 1.4 4.72946 8.225
      vertex 8 4.72946 8.225
    endloop
  endfacet
  facet normal 0 -0.321432 -0.946933
    outer loop
      vertex 1.4 9.34537 4.17695
      vertex 8 10.5283 3.77541
      vertex 8 9.34537 4.17695
    endloop
  endfacet
  facet normal -0 -0.321432 -0.946933
    outer loop
      vertex 8 10.5283 3.77541
      vertex 1.4 9.34537 4.17695
      vertex 1.4 10.5283 3.77541
    endloop
  endfacet
  facet normal -1 0 0
    outer loop
      vertex -10 -8 -6
      vertex -10 8 0
      vertex -10 8 -6
    endloop
  endfacet
  facet normal -1 -0 0
    outer loop
      vertex -10 8 0
      vertex -10 -8 -6
      vertex -10 -8 0
    endloop
  endfacet
  facet normal 0 0 -1
    outer loop
      vertex -1.4 -25 0
      vertex 1.4 -8 0
      vertex 1.4 -25 0
    endloop
  endfacet
  facet normal -0 0 -1
    outer loop
      vertex 1.4 -8 0
      vertex -1.4 -25 0
      vertex -1.4 -8 0
    endloop
  endfacet
  facet normal 0 0 -1
    outer loop
      vertex -1.4 8 0
      vertex 1.4 25 0
      vertex 1.4 8 0
    endloop
  endfacet
  facet normal -0 0 -1
    outer loop
      vertex 1.4 25 0
      vertex -1.4 8 0
      vertex -1.4 25 0
    endloop
  endfacet
  facet normal -0 0 1
    outer loop
      vertex 1.4 8 0
      vertex 2 -8 0
      vertex 2 8 0
    endloop
  endfacet
  facet normal 0 0 1
    outer loop
      vertex 2 -8 0
      vertex 1.4 8 0
      vertex 1.4 -8 0
    endloop
  endfacet
  facet normal 0 0 1
    outer loop
      vertex -1.4 8 0
      vertex -2.8 0 0
      vertex -1.4 -8 0
    endloop
  endfacet
  facet normal 0 0 1
    outer loop
      vertex -1.4 8 0
      vertex -2.81027 0.156631 0
      vertex -2.8 0 0
    endloop
  endfacet
  facet normal 0 0 1
    outer loop
      vertex -1.4 8 0
      vertex -2.84089 0.310582 0
      vertex -2.81027 0.156631 0
    endloop
  endfacet
  facet normal 0 0 1
    outer loop
      vertex -1.4 8 0
      vertex -2.89135 0.45922 0
      vertex -2.84089 0.310582 0
    endloop
  endfacet
  facet normal 0 0 1
    outer loop
      vertex -1.4 8 0
      vertex -2.96077 0.599999 0
      vertex -2.89135 0.45922 0
    endloop
  endfacet
  facet normal 0 0 1
    outer loop
      vertex -1.4 8 0
      vertex -3.04798 0.730514 0
      vertex -2.96077 0.599999 0
    endloop
  endfacet
  facet normal 0 0 1
    outer loop
      vertex -1.4 8 0
      vertex -3.15147 0.848528 0
      vertex -3.04798 0.730514 0
    endloop
  endfacet
  facet normal 0 0 1
    outer loop
      vertex -1.4 8 0
      vertex -3.26949 0.952024 0
      vertex -3.15147 0.848528 0
    endloop
  endfacet
  facet normal 0 0 1
    outer loop
      vertex -1.4 8 0
      vertex -3.4 1.03923 0
      vertex -3.26949 0.952024 0
    endloop
  endfacet
  facet normal 0 0 1
    outer loop
      vertex -1.4 8 0
      vertex -3.54078 1.10865 0
      vertex -3.4 1.03923 0
    endloop
  endfacet
  facet normal 0 0 1
    outer loop
      vertex -1.4 8 0
      vertex -3.68942 1.15911 0
      vertex -3.54078 1.10865 0
    endloop
  endfacet
  facet normal 0 0 1
    outer loop
      vertex -1.4 8 0
      vertex -3.84337 1.18973 0
      vertex -3.68942 1.15911 0
    endloop
  endfacet
  facet normal 0 0 1
    outer loop
      vertex -1.4 8 0
      vertex -4 1.2 0
      vertex -3.84337 1.18973 0
    endloop
  endfacet
  facet normal 0 0 1
    outer loop
      vertex -1.4 8 0
      vertex -4.15663 1.18973 0
      vertex -4 1.2 0
    endloop
  endfacet
  facet normal 0 0 1
    outer loop
      vertex -1.4 8 0
      vertex -4.31058 1.15911 0
      vertex -4.15663 1.18973 0
    endloop
  endfacet
  facet normal -0 0 1
    outer loop
      vertex -10 8 0
      vertex -4.31058 1.15911 0
      vertex -1.4 8 0
    endloop
  endfacet
  facet normal 0 0 1
    outer loop
      vertex -4.31058 1.15911 0
      vertex -10 8 0
      vertex -4.45922 1.10865 0
    endloop
  endfacet
  facet normal 0 0 1
    outer loop
      vertex -4.45922 1.10865 0
      vertex -10 8 0
      vertex -4.6 1.03923 0
    endloop
  endfacet
  facet normal 0 0 1
    outer loop
      vertex -4.6 1.03923 0
      vertex -10 8 0
      vertex -4.73051 0.952024 0
    endloop
  endfacet
  facet normal 0 0 1
    outer loop
      vertex -4.73051 0.952024 0
      vertex -10 8 0
      vertex -4.84853 0.848528 0
    endloop
  endfacet
  facet normal 0 0 1
    outer loop
      vertex -4.84853 0.848528 0
      vertex -10 8 0
      vertex -4.95202 0.730514 0
    endloop
  endfacet
  facet normal 0 0 1
    outer loop
      vertex -4.95202 0.730514 0
      vertex -10 8 0
      vertex -5.03923 0.599999 0
    endloop
  endfacet
  facet normal 0 0 1
    outer loop
      vertex -5.18973 0.156631 0
      vertex -10 8 0
      vertex -5.2 0 0
    endloop
  endfacet
  facet normal 0 0 1
    outer loop
      vertex -5.15911 0.310582 0
      vertex -10 8 0
      vertex -5.18973 0.156631 0
    endloop
  endfacet
  facet normal 0 0 1
    outer loop
      vertex -5.10865 0.45922 0
      vertex -10 8 0
      vertex -5.15911 0.310582 0
    endloop
  endfacet
  facet normal 0 0 1
    outer loop
      vertex -5.03923 0.599999 0
      vertex -10 8 0
      vertex -5.10865 0.45922 0
    endloop
  endfacet
  facet normal -0 0 1
    outer loop
      vertex -2.81027 -0.156631 0
      vertex -1.4 -8 0
      vertex -2.8 0 0
    endloop
  endfacet
  facet normal -0 0 1
    outer loop
      vertex -2.84089 -0.310582 0
      vertex -1.4 -8 0
      vertex -2.81027 -0.156631 0
    endloop
  endfacet
  facet normal -0 0 1
    outer loop
      vertex -2.89135 -0.45922 0
      vertex -1.4 -8 0
      vertex -2.84089 -0.310582 0
    endloop
  endfacet
  facet normal -0 0 1
    outer loop
      vertex -2.96077 -0.599999 0
      vertex -1.4 -8 0
      vertex -2.89135 -0.45922 0
    endloop
  endfacet
  facet normal -0 0 1
    outer loop
      vertex -3.04798 -0.730514 0
      vertex -1.4 -8 0
      vertex -2.96077 -0.599999 0
    endloop
  endfacet
  facet normal -0 0 1
    outer loop
      vertex -3.15147 -0.848528 0
      vertex -1.4 -8 0
      vertex -3.04798 -0.730514 0
    endloop
  endfacet
  facet normal -0 0 1
    outer loop
      vertex -3.26949 -0.952024 0
      vertex -1.4 -8 0
      vertex -3.15147 -0.848528 0
    endloop
  endfacet
  facet normal -0 0 1
    outer loop
      vertex -3.4 -1.03923 0
      vertex -1.4 -8 0
      vertex -3.26949 -0.952024 0
    endloop
  endfacet
  facet normal -0 0 1
    outer loop
      vertex -3.54078 -1.10865 0
      vertex -1.4 -8 0
      vertex -3.4 -1.03923 0
    endloop
  endfacet
  facet normal -0 0 1
    outer loop
      vertex -3.68942 -1.15911 0
      vertex -1.4 -8 0
      vertex -3.54078 -1.10865 0
    endloop
  endfacet
  facet normal -0 0 1
    outer loop
      vertex -3.84337 -1.18973 0
      vertex -1.4 -8 0
      vertex -3.68942 -1.15911 0
    endloop
  endfacet
  facet normal -0 0 1
    outer loop
      vertex -4 -1.2 0
      vertex -1.4 -8 0
      vertex -3.84337 -1.18973 0
    endloop
  endfacet
  facet normal 0 0 1
    outer loop
      vertex -4.15663 -1.18973 0
      vertex -1.4 -8 0
      vertex -4 -1.2 0
    endloop
  endfacet
  facet normal 0 0 1
    outer loop
      vertex -4.31058 -1.15911 0
      vertex -1.4 -8 0
      vertex -4.15663 -1.18973 0
    endloop
  endfacet
  facet normal 0 0 1
    outer loop
      vertex -10 -8 0
      vertex -4.31058 -1.15911 0
      vertex -4.45922 -1.10865 0
    endloop
  endfacet
  facet normal 0 0 1
    outer loop
      vertex -10 -8 0
      vertex -4.45922 -1.10865 0
      vertex -4.6 -1.03923 0
    endloop
  endfacet
  facet normal 0 0 1
    outer loop
      vertex -10 -8 0
      vertex -4.6 -1.03923 0
      vertex -4.73051 -0.952024 0
    endloop
  endfacet
  facet normal 0 0 1
    outer loop
      vertex -10 -8 0
      vertex -4.73051 -0.952024 0
      vertex -4.84853 -0.848528 0
    endloop
  endfacet
  facet normal 0 0 1
    outer loop
      vertex -10 -8 0
      vertex -4.84853 -0.848528 0
      vertex -4.95202 -0.730514 0
    endloop
  endfacet
  facet normal 0 0 1
    outer loop
      vertex -10 -8 0
      vertex -4.95202 -0.730514 0
      vertex -5.03923 -0.599999 0
    endloop
  endfacet
  facet normal 0 0 1
    outer loop
      vertex -10 -8 0
      vertex -5.03923 -0.599999 0
      vertex -5.10865 -0.45922 0
    endloop
  endfacet
  facet normal 0 0 1
    outer loop
      vertex -10 -8 0
      vertex -5.2 0 0
      vertex -10 8 0
    endloop
  endfacet
  facet normal 0 0 1
    outer loop
      vertex -5.2 0 0
      vertex -10 -8 0
      vertex -5.18973 -0.156631 0
    endloop
  endfacet
  facet normal 0 0 1
    outer loop
      vertex -5.18973 -0.156631 0
      vertex -10 -8 0
      vertex -5.15911 -0.310582 0
    endloop
  endfacet
  facet normal 0 0 1
    outer loop
      vertex -5.15911 -0.310582 0
      vertex -10 -8 0
      vertex -5.10865 -0.45922 0
    endloop
  endfacet
  facet normal 0 0 1
    outer loop
      vertex -4.31058 -1.15911 0
      vertex -10 -8 0
      vertex -1.4 -8 0
    endloop
  endfacet
  facet normal 1 -0 0
    outer loop
      vertex 2 -8 0
      vertex 2 8 -6
      vertex 2 8 0
    endloop
  endfacet
  facet normal 1 0 0
    outer loop
      vertex 2 8 -6
      vertex 2 -8 0
      vertex 2 -8 -6
    endloop
  endfacet
  facet normal 0 1 -0
    outer loop
      vertex 2 8 -6
      vertex 1.4 8 0
      vertex 2 8 0
    endloop
  endfacet
  facet normal 0 1 0
    outer loop
      vertex 1.4 8 0
      vertex 2 8 -6
      vertex -1.4 8 0
    endloop
  endfacet
  facet normal 0 1 0
    outer loop
      vertex -10 8 -6
      vertex -1.4 8 0
      vertex 2 8 -6
    endloop
  endfacet
  facet normal 0 1 0
    outer loop
      vertex -1.4 8 0
      vertex -10 8 -6
      vertex -10 8 0
    endloop
  endfacet
  facet normal 0 0 -1
    outer loop
      vertex 2 -8 -6
      vertex -2.8 0 -6
      vertex 2 8 -6
    endloop
  endfacet
  facet normal 0 0 -1
    outer loop
      vertex 2 -8 -6
      vertex -2.81027 -0.156631 -6
      vertex -2.8 0 -6
    endloop
  endfacet
  facet normal 0 0 -1
    outer loop
      vertex 2 -8 -6
      vertex -2.84089 -0.310582 -6
      vertex -2.81027 -0.156631 -6
    endloop
  endfacet
  facet normal 0 0 -1
    outer loop
      vertex 2 -8 -6
      vertex -2.89135 -0.45922 -6
      vertex -2.84089 -0.310582 -6
    endloop
  endfacet
  facet normal 0 0 -1
    outer loop
      vertex 2 -8 -6
      vertex -2.96077 -0.599999 -6
      vertex -2.89135 -0.45922 -6
    endloop
  endfacet
  facet normal 0 0 -1
    outer loop
      vertex 2 -8 -6
      vertex -3.04798 -0.730514 -6
      vertex -2.96077 -0.599999 -6
    endloop
  endfacet
  facet normal 0 0 -1
    outer loop
      vertex 2 -8 -6
      vertex -3.15147 -0.848528 -6
      vertex -3.04798 -0.730514 -6
    endloop
  endfacet
  facet normal 0 0 -1
    outer loop
      vertex 2 -8 -6
      vertex -3.26949 -0.952024 -6
      vertex -3.15147 -0.848528 -6
    endloop
  endfacet
  facet normal 0 0 -1
    outer loop
      vertex 2 -8 -6
      vertex -3.4 -1.03923 -6
      vertex -3.26949 -0.952024 -6
    endloop
  endfacet
  facet normal 0 0 -1
    outer loop
      vertex 2 -8 -6
      vertex -3.54078 -1.10865 -6
      vertex -3.4 -1.03923 -6
    endloop
  endfacet
  facet normal 0 0 -1
    outer loop
      vertex 2 -8 -6
      vertex -3.68942 -1.15911 -6
      vertex -3.54078 -1.10865 -6
    endloop
  endfacet
  facet normal 0 0 -1
    outer loop
      vertex 2 -8 -6
      vertex -3.84337 -1.18973 -6
      vertex -3.68942 -1.15911 -6
    endloop
  endfacet
  facet normal 0 0 -1
    outer loop
      vertex 2 -8 -6
      vertex -4 -1.2 -6
      vertex -3.84337 -1.18973 -6
    endloop
  endfacet
  facet normal 0 0 -1
    outer loop
      vertex -10 -8 -6
      vertex -4 -1.2 -6
      vertex 2 -8 -6
    endloop
  endfacet
  facet normal -0 0 -1
    outer loop
      vertex -4 -1.2 -6
      vertex -10 -8 -6
      vertex -4.15663 -1.18973 -6
    endloop
  endfacet
  facet normal -0 0 -1
    outer loop
      vertex -4.15663 -1.18973 -6
      vertex -10 -8 -6
      vertex -4.31058 -1.15911 -6
    endloop
  endfacet
  facet normal -0 0 -1
    outer loop
      vertex -4.31058 -1.15911 -6
      vertex -10 -8 -6
      vertex -4.45922 -1.10865 -6
    endloop
  endfacet
  facet normal -0 0 -1
    outer loop
      vertex -4.45922 -1.10865 -6
      vertex -10 -8 -6
      vertex -4.6 -1.03923 -6
    endloop
  endfacet
  facet normal -0 0 -1
    outer loop
      vertex -4.6 -1.03923 -6
      vertex -10 -8 -6
      vertex -4.73051 -0.952024 -6
    endloop
  endfacet
  facet normal -0 0 -1
    outer loop
      vertex -5.18973 -0.156631 -6
      vertex -10 -8 -6
      vertex -5.2 0 -6
    endloop
  endfacet
  facet normal -0 0 -1
    outer loop
      vertex -5.15911 -0.310582 -6
      vertex -10 -8 -6
      vertex -5.18973 -0.156631 -6
    endloop
  endfacet
  facet normal -0 0 -1
    outer loop
      vertex -5.10865 -0.45922 -6
      vertex -10 -8 -6
      vertex -5.15911 -0.310582 -6
    endloop
  endfacet
  facet normal -0 0 -1
    outer loop
      vertex -5.03923 -0.599999 -6
      vertex -10 -8 -6
      vertex -5.10865 -0.45922 -6
    endloop
  endfacet
  facet normal -0 0 -1
    outer loop
      vertex -4.95202 -0.730514 -6
      vertex -10 -8 -6
      vertex -5.03923 -0.599999 -6
    endloop
  endfacet
  facet normal -0 0 -1
    outer loop
      vertex -4.84853 -0.848528 -6
      vertex -10 -8 -6
      vertex -4.95202 -0.730514 -6
    endloop
  endfacet
  facet normal -0 0 -1
    outer loop
      vertex -4.73051 -0.952024 -6
      vertex -10 -8 -6
      vertex -4.84853 -0.848528 -6
    endloop
  endfacet
  facet normal 0 0 -1
    outer loop
      vertex -2.81027 0.156631 -6
      vertex 2 8 -6
      vertex -2.8 0 -6
    endloop
  endfacet
  facet normal 0 0 -1
    outer loop
      vertex -2.84089 0.310582 -6
      vertex 2 8 -6
      vertex -2.81027 0.156631 -6
    endloop
  endfacet
  facet normal 0 0 -1
    outer loop
      vertex -2.89135 0.45922 -6
      vertex 2 8 -6
      vertex -2.84089 0.310582 -6
    endloop
  endfacet
  facet normal 0 0 -1
    outer loop
      vertex -2.96077 0.599999 -6
      vertex 2 8 -6
      vertex -2.89135 0.45922 -6
    endloop
  endfacet
  facet normal 0 0 -1
    outer loop
      vertex -3.04798 0.730514 -6
      vertex 2 8 -6
      vertex -2.96077 0.599999 -6
    endloop
  endfacet
  facet normal 0 0 -1
    outer loop
      vertex -3.15147 0.848528 -6
      vertex 2 8 -6
      vertex -3.04798 0.730514 -6
    endloop
  endfacet
  facet normal 0 0 -1
    outer loop
      vertex -3.26949 0.952024 -6
      vertex 2 8 -6
      vertex -3.15147 0.848528 -6
    endloop
  endfacet
  facet normal 0 0 -1
    outer loop
      vertex -3.4 1.03923 -6
      vertex 2 8 -6
      vertex -3.26949 0.952024 -6
    endloop
  endfacet
  facet normal 0 0 -1
    outer loop
      vertex -3.54078 1.10865 -6
      vertex 2 8 -6
      vertex -3.4 1.03923 -6
    endloop
  endfacet
  facet normal 0 0 -1
    outer loop
      vertex -3.68942 1.15911 -6
      vertex 2 8 -6
      vertex -3.54078 1.10865 -6
    endloop
  endfacet
  facet normal 0 0 -1
    outer loop
      vertex -3.84337 1.18973 -6
      vertex 2 8 -6
      vertex -3.68942 1.15911 -6
    endloop
  endfacet
  facet normal 0 0 -1
    outer loop
      vertex -4 1.2 -6
      vertex 2 8 -6
      vertex -3.84337 1.18973 -6
    endloop
  endfacet
  facet normal 0 0 -1
    outer loop
      vertex -10 8 -6
      vertex -4 1.2 -6
      vertex -4.15663 1.18973 -6
    endloop
  endfacet
  facet normal 0 0 -1
    outer loop
      vertex -10 8 -6
      vertex -4.15663 1.18973 -6
      vertex -4.31058 1.15911 -6
    endloop
  endfacet
  facet normal 0 0 -1
    outer loop
      vertex -10 8 -6
      vertex -4.31058 1.15911 -6
      vertex -4.45922 1.10865 -6
    endloop
  endfacet
  facet normal 0 0 -1
    outer loop
      vertex -10 8 -6
      vertex -4.45922 1.10865 -6
      vertex -4.6 1.03923 -6
    endloop
  endfacet
  facet normal 0 0 -1
    outer loop
      vertex -10 8 -6
      vertex -4.6 1.03923 -6
      vertex -4.73051 0.952024 -6
    endloop
  endfacet
  facet normal 0 0 -1
    outer loop
      vertex -10 8 -6
      vertex -4.73051 0.952024 -6
      vertex -4.84853 0.848528 -6
    endloop
  endfacet
  facet normal 0 0 -1
    outer loop
      vertex -10 8 -6
      vertex -5.2 0 -6
      vertex -10 -8 -6
    endloop
  endfacet
  facet normal 0 0 -1
    outer loop
      vertex -5.2 0 -6
      vertex -10 8 -6
      vertex -5.18973 0.156631 -6
    endloop
  endfacet
  facet normal 0 0 -1
    outer loop
      vertex -5.18973 0.156631 -6
      vertex -10 8 -6
      vertex -5.15911 0.310582 -6
    endloop
  endfacet
  facet normal 0 0 -1
    outer loop
      vertex -5.15911 0.310582 -6
      vertex -10 8 -6
      vertex -5.10865 0.45922 -6
    endloop
  endfacet
  facet normal 0 0 -1
    outer loop
      vertex -4 1.2 -6
      vertex -10 8 -6
      vertex 2 8 -6
    endloop
  endfacet
  facet normal 0 0 -1
    outer loop
      vertex -4.95202 0.730514 -6
      vertex -10 8 -6
      vertex -4.84853 0.848528 -6
    endloop
  endfacet
  facet normal 0 0 -1
    outer loop
      vertex -5.03923 0.599999 -6
      vertex -10 8 -6
      vertex -4.95202 0.730514 -6
    endloop
  endfacet
  facet normal 0 0 -1
    outer loop
      vertex -5.10865 0.45922 -6
      vertex -10 8 -6
      vertex -5.03923 0.599999 -6
    endloop
  endfacet
  facet normal 0 -1 0
    outer loop
      vertex -10 -8 -6
      vertex -1.4 -8 0
      vertex -10 -8 0
    endloop
  endfacet
  facet normal 0 -1 0
    outer loop
      vertex 2 -8 -6
      vertex -1.4 -8 0
      vertex -10 -8 -6
    endloop
  endfacet
  facet normal 0 -1 0
    outer loop
      vertex -1.4 -8 0
      vertex 2 -8 -6
      vertex 1.4 -8 0
    endloop
  endfacet
  facet normal 0 -1 0
    outer loop
      vertex 1.4 -8 0
      vertex 2 -8 -6
      vertex 2 -8 0
    endloop
  endfacet
  facet normal -0.997857 -0.0654276 0
    outer loop
      vertex -2.8 0 -0.55
      vertex -2.81027 0.156631 0
      vertex -2.81027 0.156631 -0.55
    endloop
  endfacet
  facet normal -0.997857 -0.0654276 0
    outer loop
      vertex -2.81027 0.156631 0
      vertex -2.8 0 -0.55
      vertex -2.8 0 0
    endloop
  endfacet
  facet normal -0.997857 -0.0654276 0
    outer loop
      vertex -2.8 0 -6
      vertex -2.81027 0.156631 -3.05
      vertex -2.81027 0.156631 -6
    endloop
  endfacet
  facet normal -0.997857 -0.0654276 0
    outer loop
      vertex -2.81027 0.156631 -3.05
      vertex -2.8 0 -6
      vertex -2.8 0 -3.05
    endloop
  endfacet
  facet normal 0.997857 -0.0654276 0
    outer loop
      vertex -5.2 0 0
      vertex -5.18973 0.156631 -0.55
      vertex -5.18973 0.156631 0
    endloop
  endfacet
  facet normal 0.997857 -0.0654276 0
    outer loop
      vertex -5.18973 0.156631 -0.55
      vertex -5.2 0 0
      vertex -5.2 0 -0.55
    endloop
  endfacet
  facet normal 0.997857 -0.0654276 0
    outer loop
      vertex -5.2 0 -3.05
      vertex -5.18973 0.156631 -6
      vertex -5.18973 0.156631 -3.05
    endloop
  endfacet
  facet normal 0.997857 -0.0654276 0
    outer loop
      vertex -5.18973 0.156631 -6
      vertex -5.2 0 -3.05
      vertex -5.2 0 -6
    endloop
  endfacet
  facet normal -0.065428 -0.997857 0
    outer loop
      vertex -4 1.2 -0.55
      vertex -3.84337 1.18973 0
      vertex -4 1.2 0
    endloop
  endfacet
  facet normal -0.065428 -0.997857 -0
    outer loop
      vertex -3.84337 1.18973 0
      vertex -4 1.2 -0.55
      vertex -3.84337 1.18973 -0.55
    endloop
  endfacet
  facet normal -0.065428 -0.997857 0
    outer loop
      vertex -4 1.2 -6
      vertex -3.84337 1.18973 -3.05
      vertex -4 1.2 -3.05
    endloop
  endfacet
  facet normal -0.065428 -0.997857 -0
    outer loop
      vertex -3.84337 1.18973 -3.05
      vertex -4 1.2 -6
      vertex -3.84337 1.18973 -6
    endloop
  endfacet
  facet normal -0.751857 -0.659326 0
    outer loop
      vertex -3.04798 0.730514 -0.55
      vertex -3.15147 0.848528 0
      vertex -3.15147 0.848528 -0.55
    endloop
  endfacet
  facet normal -0.751857 -0.659326 0
    outer loop
      vertex -3.15147 0.848528 0
      vertex -3.04798 0.730514 -0.55
      vertex -3.04798 0.730514 0
    endloop
  endfacet
  facet normal -0.751857 -0.659326 0
    outer loop
      vertex -3.04798 0.730514 -6
      vertex -3.15147 0.848528 -3.05
      vertex -3.15147 0.848528 -6
    endloop
  endfacet
  facet normal -0.751857 -0.659326 0
    outer loop
      vertex -3.15147 0.848528 -3.05
      vertex -3.04798 0.730514 -6
      vertex -3.04798 0.730514 -3.05
    endloop
  endfacet
  facet normal 0.659329 -0.751855 0
    outer loop
      vertex -4.84853 0.848528 -0.55
      vertex -4.73051 0.952024 0
      vertex -4.84853 0.848528 0
    endloop
  endfacet
  facet normal 0.659329 -0.751855 0
    outer loop
      vertex -4.73051 0.952024 0
      vertex -4.84853 0.848528 -0.55
      vertex -4.73051 0.952024 -0.55
    endloop
  endfacet
  facet normal 0.659329 -0.751855 0
    outer loop
      vertex -4.84853 0.848528 -6
      vertex -4.73051 0.952024 -3.05
      vertex -4.84853 0.848528 -3.05
    endloop
  endfacet
  facet normal 0.659329 -0.751855 0
    outer loop
      vertex -4.73051 0.952024 -3.05
      vertex -4.84853 0.848528 -6
      vertex -4.73051 0.952024 -6
    endloop
  endfacet
  facet normal 0.32146 -0.946923 0
    outer loop
      vertex -4.45922 1.10865 -0.55
      vertex -4.31058 1.15911 0
      vertex -4.45922 1.10865 0
    endloop
  endfacet
  facet normal 0.32146 -0.946923 0
    outer loop
      vertex -4.31058 1.15911 0
      vertex -4.45922 1.10865 -0.55
      vertex -4.31058 1.15911 -0.55
    endloop
  endfacet
  facet normal 0.32146 -0.946923 0
    outer loop
      vertex -4.45922 1.10865 -6
      vertex -4.31058 1.15911 -3.05
      vertex -4.45922 1.10865 -3.05
    endloop
  endfacet
  facet normal 0.32146 -0.946923 0
    outer loop
      vertex -4.31058 1.15911 -3.05
      vertex -4.45922 1.10865 -6
      vertex -4.31058 1.15911 -6
    endloop
  endfacet
  facet normal 0.980789 0.195073 0
    outer loop
      vertex -5.15911 -0.310582 0
      vertex -5.18973 -0.156631 -0.55
      vertex -5.18973 -0.156631 0
    endloop
  endfacet
  facet normal 0.980789 0.195073 0
    outer loop
      vertex -5.18973 -0.156631 -0.55
      vertex -5.15911 -0.310582 0
      vertex -5.15911 -0.310582 -0.55
    endloop
  endfacet
  facet normal 0.980789 0.195073 0
    outer loop
      vertex -5.15911 -0.310582 -3.05
      vertex -5.18973 -0.156631 -6
      vertex -5.18973 -0.156631 -3.05
    endloop
  endfacet
  facet normal 0.980789 0.195073 0
    outer loop
      vertex -5.18973 -0.156631 -6
      vertex -5.15911 -0.310582 -3.05
      vertex -5.15911 -0.310582 -6
    endloop
  endfacet
  facet normal -0.896884 -0.442266 0
    outer loop
      vertex -2.89135 0.45922 -0.55
      vertex -2.96077 0.599999 0
      vertex -2.96077 0.599999 -0.55
    endloop
  endfacet
  facet normal -0.896884 -0.442266 0
    outer loop
      vertex -2.96077 0.599999 0
      vertex -2.89135 0.45922 -0.55
      vertex -2.89135 0.45922 0
    endloop
  endfacet
  facet normal -0.896884 -0.442266 0
    outer loop
      vertex -2.89135 0.45922 -6
      vertex -2.96077 0.599999 -3.05
      vertex -2.96077 0.599999 -6
    endloop
  endfacet
  facet normal -0.896884 -0.442266 0
    outer loop
      vertex -2.96077 0.599999 -3.05
      vertex -2.89135 0.45922 -6
      vertex -2.89135 0.45922 -3.05
    endloop
  endfacet
  facet normal -0.831462 -0.555582 0
    outer loop
      vertex -2.96077 0.599999 -0.55
      vertex -3.04798 0.730514 0
      vertex -3.04798 0.730514 -0.55
    endloop
  endfacet
  facet normal -0.831462 -0.555582 0
    outer loop
      vertex -3.04798 0.730514 0
      vertex -2.96077 0.599999 -0.55
      vertex -2.96077 0.599999 0
    endloop
  endfacet
  facet normal -0.831462 -0.555582 0
    outer loop
      vertex -2.96077 0.599999 -6
      vertex -3.04798 0.730514 -3.05
      vertex -3.04798 0.730514 -6
    endloop
  endfacet
  facet normal -0.831462 -0.555582 0
    outer loop
      vertex -3.04798 0.730514 -3.05
      vertex -2.96077 0.599999 -6
      vertex -2.96077 0.599999 -3.05
    endloop
  endfacet
  facet normal -0.442263 -0.896885 0
    outer loop
      vertex -3.54078 1.10865 -0.55
      vertex -3.4 1.03923 0
      vertex -3.54078 1.10865 0
    endloop
  endfacet
  facet normal -0.442263 -0.896885 -0
    outer loop
      vertex -3.4 1.03923 0
      vertex -3.54078 1.10865 -0.55
      vertex -3.4 1.03923 -0.55
    endloop
  endfacet
  facet normal -0.442263 -0.896885 0
    outer loop
      vertex -3.54078 1.10865 -6
      vertex -3.4 1.03923 -3.05
      vertex -3.54078 1.10865 -3.05
    endloop
  endfacet
  facet normal -0.442263 -0.896885 -0
    outer loop
      vertex -3.4 1.03923 -3.05
      vertex -3.54078 1.10865 -6
      vertex -3.4 1.03923 -6
    endloop
  endfacet
  facet normal -0.555579 -0.831464 0
    outer loop
      vertex -3.4 1.03923 -0.55
      vertex -3.26949 0.952024 0
      vertex -3.4 1.03923 0
    endloop
  endfacet
  facet normal -0.555579 -0.831464 -0
    outer loop
      vertex -3.26949 0.952024 0
      vertex -3.4 1.03923 -0.55
      vertex -3.26949 0.952024 -0.55
    endloop
  endfacet
  facet normal -0.555579 -0.831464 0
    outer loop
      vertex -3.4 1.03923 -6
      vertex -3.26949 0.952024 -3.05
      vertex -3.4 1.03923 -3.05
    endloop
  endfacet
  facet normal -0.555579 -0.831464 -0
    outer loop
      vertex -3.26949 0.952024 -3.05
      vertex -3.4 1.03923 -6
      vertex -3.26949 0.952024 -6
    endloop
  endfacet
  facet normal 0.896884 -0.442266 0
    outer loop
      vertex -5.10865 0.45922 0
      vertex -5.03923 0.599999 -0.55
      vertex -5.03923 0.599999 0
    endloop
  endfacet
  facet normal 0.896884 -0.442266 0
    outer loop
      vertex -5.03923 0.599999 -0.55
      vertex -5.10865 0.45922 0
      vertex -5.10865 0.45922 -0.55
    endloop
  endfacet
  facet normal 0.896884 -0.442266 0
    outer loop
      vertex -5.10865 0.45922 -3.05
      vertex -5.03923 0.599999 -6
      vertex -5.03923 0.599999 -3.05
    endloop
  endfacet
  facet normal 0.896884 -0.442266 0
    outer loop
      vertex -5.03923 0.599999 -6
      vertex -5.10865 0.45922 -3.05
      vertex -5.10865 0.45922 -6
    endloop
  endfacet
  facet normal 0.831462 -0.555582 0
    outer loop
      vertex -5.03923 0.599999 0
      vertex -4.95202 0.730514 -0.55
      vertex -4.95202 0.730514 0
    endloop
  endfacet
  facet normal 0.831462 -0.555582 0
    outer loop
      vertex -4.95202 0.730514 -0.55
      vertex -5.03923 0.599999 0
      vertex -5.03923 0.599999 -0.55
    endloop
  endfacet
  facet normal 0.831462 -0.555582 0
    outer loop
      vertex -5.03923 0.599999 -3.05
      vertex -4.95202 0.730514 -6
      vertex -4.95202 0.730514 -3.05
    endloop
  endfacet
  facet normal 0.831462 -0.555582 0
    outer loop
      vertex -4.95202 0.730514 -6
      vertex -5.03923 0.599999 -3.05
      vertex -5.03923 0.599999 -6
    endloop
  endfacet
  facet normal 0.442263 -0.896885 0
    outer loop
      vertex -4.6 1.03923 -0.55
      vertex -4.45922 1.10865 0
      vertex -4.6 1.03923 0
    endloop
  endfacet
  facet normal 0.442263 -0.896885 0
    outer loop
      vertex -4.45922 1.10865 0
      vertex -4.6 1.03923 -0.55
      vertex -4.45922 1.10865 -0.55
    endloop
  endfacet
  facet normal 0.442263 -0.896885 0
    outer loop
      vertex -4.6 1.03923 -6
      vertex -4.45922 1.10865 -3.05
      vertex -4.6 1.03923 -3.05
    endloop
  endfacet
  facet normal 0.442263 -0.896885 0
    outer loop
      vertex -4.45922 1.10865 -3.05
      vertex -4.6 1.03923 -6
      vertex -4.45922 1.10865 -6
    endloop
  endfacet
  facet normal 0.065428 -0.997857 0
    outer loop
      vertex -4.15663 1.18973 -0.55
      vertex -4 1.2 0
      vertex -4.15663 1.18973 0
    endloop
  endfacet
  facet normal 0.065428 -0.997857 0
    outer loop
      vertex -4 1.2 0
      vertex -4.15663 1.18973 -0.55
      vertex -4 1.2 -0.55
    endloop
  endfacet
  facet normal 0.065428 -0.997857 0
    outer loop
      vertex -4.15663 1.18973 -6
      vertex -4 1.2 -3.05
      vertex -4.15663 1.18973 -3.05
    endloop
  endfacet
  facet normal 0.065428 -0.997857 0
    outer loop
      vertex -4 1.2 -3.05
      vertex -4.15663 1.18973 -6
      vertex -4 1.2 -6
    endloop
  endfacet
  facet normal -0.195075 0.980788 0
    outer loop
      vertex -3.68942 -1.15911 -0.55
      vertex -3.84337 -1.18973 0
      vertex -3.68942 -1.15911 0
    endloop
  endfacet
  facet normal -0.195075 0.980788 0
    outer loop
      vertex -3.84337 -1.18973 0
      vertex -3.68942 -1.15911 -0.55
      vertex -3.84337 -1.18973 -0.55
    endloop
  endfacet
  facet normal -0.195075 0.980788 0
    outer loop
      vertex -3.68942 -1.15911 -6
      vertex -3.84337 -1.18973 -3.05
      vertex -3.68942 -1.15911 -3.05
    endloop
  endfacet
  facet normal -0.195075 0.980788 0
    outer loop
      vertex -3.84337 -1.18973 -3.05
      vertex -3.68942 -1.15911 -6
      vertex -3.84337 -1.18973 -6
    endloop
  endfacet
  facet normal -0.065428 0.997857 0
    outer loop
      vertex -3.84337 -1.18973 -0.55
      vertex -4 -1.2 0
      vertex -3.84337 -1.18973 0
    endloop
  endfacet
  facet normal -0.065428 0.997857 0
    outer loop
      vertex -4 -1.2 0
      vertex -3.84337 -1.18973 -0.55
      vertex -4 -1.2 -0.55
    endloop
  endfacet
  facet normal -0.065428 0.997857 0
    outer loop
      vertex -3.84337 -1.18973 -6
      vertex -4 -1.2 -3.05
      vertex -3.84337 -1.18973 -3.05
    endloop
  endfacet
  facet normal -0.065428 0.997857 0
    outer loop
      vertex -4 -1.2 -3.05
      vertex -3.84337 -1.18973 -6
      vertex -4 -1.2 -6
    endloop
  endfacet
  facet normal -0.659329 0.751855 0
    outer loop
      vertex -3.15147 -0.848528 -0.55
      vertex -3.26949 -0.952024 0
      vertex -3.15147 -0.848528 0
    endloop
  endfacet
  facet normal -0.659329 0.751855 0
    outer loop
      vertex -3.26949 -0.952024 0
      vertex -3.15147 -0.848528 -0.55
      vertex -3.26949 -0.952024 -0.55
    endloop
  endfacet
  facet normal -0.659329 0.751855 0
    outer loop
      vertex -3.15147 -0.848528 -6
      vertex -3.26949 -0.952024 -3.05
      vertex -3.15147 -0.848528 -3.05
    endloop
  endfacet
  facet normal -0.659329 0.751855 0
    outer loop
      vertex -3.26949 -0.952024 -3.05
      vertex -3.15147 -0.848528 -6
      vertex -3.26949 -0.952024 -6
    endloop
  endfacet
  facet normal -0.442263 0.896885 0
    outer loop
      vertex -3.4 -1.03923 -0.55
      vertex -3.54078 -1.10865 0
      vertex -3.4 -1.03923 0
    endloop
  endfacet
  facet normal -0.442263 0.896885 0
    outer loop
      vertex -3.54078 -1.10865 0
      vertex -3.4 -1.03923 -0.55
      vertex -3.54078 -1.10865 -0.55
    endloop
  endfacet
  facet normal -0.442263 0.896885 0
    outer loop
      vertex -3.4 -1.03923 -6
      vertex -3.54078 -1.10865 -3.05
      vertex -3.4 -1.03923 -3.05
    endloop
  endfacet
  facet normal -0.442263 0.896885 0
    outer loop
      vertex -3.54078 -1.10865 -3.05
      vertex -3.4 -1.03923 -6
      vertex -3.54078 -1.10865 -6
    endloop
  endfacet
  facet normal -0.946922 0.321463 0
    outer loop
      vertex -2.89135 -0.45922 -0.55
      vertex -2.84089 -0.310582 0
      vertex -2.84089 -0.310582 -0.55
    endloop
  endfacet
  facet normal -0.946922 0.321463 0
    outer loop
      vertex -2.84089 -0.310582 0
      vertex -2.89135 -0.45922 -0.55
      vertex -2.89135 -0.45922 0
    endloop
  endfacet
  facet normal -0.946922 0.321463 0
    outer loop
      vertex -2.89135 -0.45922 -6
      vertex -2.84089 -0.310582 -3.05
      vertex -2.84089 -0.310582 -6
    endloop
  endfacet
  facet normal -0.946922 0.321463 0
    outer loop
      vertex -2.84089 -0.310582 -3.05
      vertex -2.89135 -0.45922 -6
      vertex -2.89135 -0.45922 -3.05
    endloop
  endfacet
  facet normal 0.442263 0.896885 -0
    outer loop
      vertex -4.45922 -1.10865 -0.55
      vertex -4.6 -1.03923 0
      vertex -4.45922 -1.10865 0
    endloop
  endfacet
  facet normal 0.442263 0.896885 0
    outer loop
      vertex -4.6 -1.03923 0
      vertex -4.45922 -1.10865 -0.55
      vertex -4.6 -1.03923 -0.55
    endloop
  endfacet
  facet normal 0.442263 0.896885 -0
    outer loop
      vertex -4.45922 -1.10865 -6
      vertex -4.6 -1.03923 -3.05
      vertex -4.45922 -1.10865 -3.05
    endloop
  endfacet
  facet normal 0.442263 0.896885 0
    outer loop
      vertex -4.6 -1.03923 -3.05
      vertex -4.45922 -1.10865 -6
      vertex -4.6 -1.03923 -6
    endloop
  endfacet
  facet normal 0.32146 0.946923 -0
    outer loop
      vertex -4.31058 -1.15911 -0.55
      vertex -4.45922 -1.10865 0
      vertex -4.31058 -1.15911 0
    endloop
  endfacet
  facet normal 0.32146 0.946923 0
    outer loop
      vertex -4.45922 -1.10865 0
      vertex -4.31058 -1.15911 -0.55
      vertex -4.45922 -1.10865 -0.55
    endloop
  endfacet
  facet normal 0.32146 0.946923 -0
    outer loop
      vertex -4.31058 -1.15911 -6
      vertex -4.45922 -1.10865 -3.05
      vertex -4.31058 -1.15911 -3.05
    endloop
  endfacet
  facet normal 0.32146 0.946923 0
    outer loop
      vertex -4.45922 -1.10865 -3.05
      vertex -4.31058 -1.15911 -6
      vertex -4.45922 -1.10865 -6
    endloop
  endfacet
  facet normal 0.896884 0.442266 0
    outer loop
      vertex -5.03923 -0.599999 0
      vertex -5.10865 -0.45922 -0.55
      vertex -5.10865 -0.45922 0
    endloop
  endfacet
  facet normal 0.896884 0.442266 0
    outer loop
      vertex -5.10865 -0.45922 -0.55
      vertex -5.03923 -0.599999 0
      vertex -5.03923 -0.599999 -0.55
    endloop
  endfacet
  facet normal 0.896884 0.442266 0
    outer loop
      vertex -5.03923 -0.599999 -3.05
      vertex -5.10865 -0.45922 -6
      vertex -5.10865 -0.45922 -3.05
    endloop
  endfacet
  facet normal 0.896884 0.442266 0
    outer loop
      vertex -5.10865 -0.45922 -6
      vertex -5.03923 -0.599999 -3.05
      vertex -5.03923 -0.599999 -6
    endloop
  endfacet
  facet normal 0.831462 0.555582 0
    outer loop
      vertex -4.95202 -0.730514 0
      vertex -5.03923 -0.599999 -0.55
      vertex -5.03923 -0.599999 0
    endloop
  endfacet
  facet normal 0.831462 0.555582 0
    outer loop
      vertex -5.03923 -0.599999 -0.55
      vertex -4.95202 -0.730514 0
      vertex -4.95202 -0.730514 -0.55
    endloop
  endfacet
  facet normal 0.831462 0.555582 0
    outer loop
      vertex -4.95202 -0.730514 -3.05
      vertex -5.03923 -0.599999 -6
      vertex -5.03923 -0.599999 -3.05
    endloop
  endfacet
  facet normal 0.831462 0.555582 0
    outer loop
      vertex -5.03923 -0.599999 -6
      vertex -4.95202 -0.730514 -3.05
      vertex -4.95202 -0.730514 -6
    endloop
  endfacet
  facet normal 0.997857 0.0654276 0
    outer loop
      vertex -5.18973 -0.156631 0
      vertex -5.2 0 -0.55
      vertex -5.2 0 0
    endloop
  endfacet
  facet normal 0.997857 0.0654276 0
    outer loop
      vertex -5.2 0 -0.55
      vertex -5.18973 -0.156631 0
      vertex -5.18973 -0.156631 -0.55
    endloop
  endfacet
  facet normal 0.997857 0.0654276 0
    outer loop
      vertex -5.18973 -0.156631 -3.05
      vertex -5.2 0 -6
      vertex -5.2 0 -3.05
    endloop
  endfacet
  facet normal 0.997857 0.0654276 0
    outer loop
      vertex -5.2 0 -6
      vertex -5.18973 -0.156631 -3.05
      vertex -5.18973 -0.156631 -6
    endloop
  endfacet
  facet normal -0.946922 -0.321463 0
    outer loop
      vertex -2.84089 0.310582 -0.55
      vertex -2.89135 0.45922 0
      vertex -2.89135 0.45922 -0.55
    endloop
  endfacet
  facet normal -0.946922 -0.321463 0
    outer loop
      vertex -2.89135 0.45922 0
      vertex -2.84089 0.310582 -0.55
      vertex -2.84089 0.310582 0
    endloop
  endfacet
  facet normal -0.946922 -0.321463 0
    outer loop
      vertex -2.84089 0.310582 -6
      vertex -2.89135 0.45922 -3.05
      vertex -2.89135 0.45922 -6
    endloop
  endfacet
  facet normal -0.946922 -0.321463 0
    outer loop
      vertex -2.89135 0.45922 -3.05
      vertex -2.84089 0.310582 -6
      vertex -2.84089 0.310582 -3.05
    endloop
  endfacet
  facet normal -0.980789 -0.195073 0
    outer loop
      vertex -2.81027 0.156631 -0.55
      vertex -2.84089 0.310582 0
      vertex -2.84089 0.310582 -0.55
    endloop
  endfacet
  facet normal -0.980789 -0.195073 0
    outer loop
      vertex -2.84089 0.310582 0
      vertex -2.81027 0.156631 -0.55
      vertex -2.81027 0.156631 0
    endloop
  endfacet
  facet normal -0.980789 -0.195073 0
    outer loop
      vertex -2.81027 0.156631 -6
      vertex -2.84089 0.310582 -3.05
      vertex -2.84089 0.310582 -6
    endloop
  endfacet
  facet normal -0.980789 -0.195073 0
    outer loop
      vertex -2.84089 0.310582 -3.05
      vertex -2.81027 0.156631 -6
      vertex -2.81027 0.156631 -3.05
    endloop
  endfacet
  facet normal -0.32146 -0.946923 0
    outer loop
      vertex -3.68942 1.15911 -0.55
      vertex -3.54078 1.10865 0
      vertex -3.68942 1.15911 0
    endloop
  endfacet
  facet normal -0.32146 -0.946923 -0
    outer loop
      vertex -3.54078 1.10865 0
      vertex -3.68942 1.15911 -0.55
      vertex -3.54078 1.10865 -0.55
    endloop
  endfacet
  facet normal -0.32146 -0.946923 0
    outer loop
      vertex -3.68942 1.15911 -6
      vertex -3.54078 1.10865 -3.05
      vertex -3.68942 1.15911 -3.05
    endloop
  endfacet
  facet normal -0.32146 -0.946923 -0
    outer loop
      vertex -3.54078 1.10865 -3.05
      vertex -3.68942 1.15911 -6
      vertex -3.54078 1.10865 -6
    endloop
  endfacet
  facet normal -0.195075 -0.980788 0
    outer loop
      vertex -3.84337 1.18973 -0.55
      vertex -3.68942 1.15911 0
      vertex -3.84337 1.18973 0
    endloop
  endfacet
  facet normal -0.195075 -0.980788 -0
    outer loop
      vertex -3.68942 1.15911 0
      vertex -3.84337 1.18973 -0.55
      vertex -3.68942 1.15911 -0.55
    endloop
  endfacet
  facet normal -0.195075 -0.980788 0
    outer loop
      vertex -3.84337 1.18973 -6
      vertex -3.68942 1.15911 -3.05
      vertex -3.84337 1.18973 -3.05
    endloop
  endfacet
  facet normal -0.195075 -0.980788 -0
    outer loop
      vertex -3.68942 1.15911 -3.05
      vertex -3.84337 1.18973 -6
      vertex -3.68942 1.15911 -6
    endloop
  endfacet
  facet normal -0.659329 -0.751855 0
    outer loop
      vertex -3.26949 0.952024 -0.55
      vertex -3.15147 0.848528 0
      vertex -3.26949 0.952024 0
    endloop
  endfacet
  facet normal -0.659329 -0.751855 -0
    outer loop
      vertex -3.15147 0.848528 0
      vertex -3.26949 0.952024 -0.55
      vertex -3.15147 0.848528 -0.55
    endloop
  endfacet
  facet normal -0.659329 -0.751855 0
    outer loop
      vertex -3.26949 0.952024 -6
      vertex -3.15147 0.848528 -3.05
      vertex -3.26949 0.952024 -3.05
    endloop
  endfacet
  facet normal -0.659329 -0.751855 -0
    outer loop
      vertex -3.15147 0.848528 -3.05
      vertex -3.26949 0.952024 -6
      vertex -3.15147 0.848528 -6
    endloop
  endfacet
  facet normal 0.751857 -0.659326 0
    outer loop
      vertex -4.95202 0.730514 0
      vertex -4.84853 0.848528 -0.55
      vertex -4.84853 0.848528 0
    endloop
  endfacet
  facet normal 0.751857 -0.659326 0
    outer loop
      vertex -4.84853 0.848528 -0.55
      vertex -4.95202 0.730514 0
      vertex -4.95202 0.730514 -0.55
    endloop
  endfacet
  facet normal 0.751857 -0.659326 0
    outer loop
      vertex -4.95202 0.730514 -3.05
      vertex -4.84853 0.848528 -6
      vertex -4.84853 0.848528 -3.05
    endloop
  endfacet
  facet normal 0.751857 -0.659326 0
    outer loop
      vertex -4.84853 0.848528 -6
      vertex -4.95202 0.730514 -3.05
      vertex -4.95202 0.730514 -6
    endloop
  endfacet
  facet normal 0.980789 -0.195073 0
    outer loop
      vertex -5.18973 0.156631 0
      vertex -5.15911 0.310582 -0.55
      vertex -5.15911 0.310582 0
    endloop
  endfacet
  facet normal 0.980789 -0.195073 0
    outer loop
      vertex -5.15911 0.310582 -0.55
      vertex -5.18973 0.156631 0
      vertex -5.18973 0.156631 -0.55
    endloop
  endfacet
  facet normal 0.980789 -0.195073 0
    outer loop
      vertex -5.18973 0.156631 -3.05
      vertex -5.15911 0.310582 -6
      vertex -5.15911 0.310582 -3.05
    endloop
  endfacet
  facet normal 0.980789 -0.195073 0
    outer loop
      vertex -5.15911 0.310582 -6
      vertex -5.18973 0.156631 -3.05
      vertex -5.18973 0.156631 -6
    endloop
  endfacet
  facet normal 0.555579 -0.831464 0
    outer loop
      vertex -4.73051 0.952024 -0.55
      vertex -4.6 1.03923 0
      vertex -4.73051 0.952024 0
    endloop
  endfacet
  facet normal 0.555579 -0.831464 0
    outer loop
      vertex -4.6 1.03923 0
      vertex -4.73051 0.952024 -0.55
      vertex -4.6 1.03923 -0.55
    endloop
  endfacet
  facet normal 0.555579 -0.831464 0
    outer loop
      vertex -4.73051 0.952024 -6
      vertex -4.6 1.03923 -3.05
      vertex -4.73051 0.952024 -3.05
    endloop
  endfacet
  facet normal 0.555579 -0.831464 0
    outer loop
      vertex -4.6 1.03923 -3.05
      vertex -4.73051 0.952024 -6
      vertex -4.6 1.03923 -6
    endloop
  endfacet
  facet normal 0.195075 -0.980788 0
    outer loop
      vertex -4.31058 1.15911 -0.55
      vertex -4.15663 1.18973 0
      vertex -4.31058 1.15911 0
    endloop
  endfacet
  facet normal 0.195075 -0.980788 0
    outer loop
      vertex -4.15663 1.18973 0
      vertex -4.31058 1.15911 -0.55
      vertex -4.15663 1.18973 -0.55
    endloop
  endfacet
  facet normal 0.195075 -0.980788 0
    outer loop
      vertex -4.31058 1.15911 -6
      vertex -4.15663 1.18973 -3.05
      vertex -4.31058 1.15911 -3.05
    endloop
  endfacet
  facet normal 0.195075 -0.980788 0
    outer loop
      vertex -4.15663 1.18973 -3.05
      vertex -4.31058 1.15911 -6
      vertex -4.15663 1.18973 -6
    endloop
  endfacet
  facet normal -0.555579 0.831464 0
    outer loop
      vertex -3.26949 -0.952024 -0.55
      vertex -3.4 -1.03923 0
      vertex -3.26949 -0.952024 0
    endloop
  endfacet
  facet normal -0.555579 0.831464 0
    outer loop
      vertex -3.4 -1.03923 0
      vertex -3.26949 -0.952024 -0.55
      vertex -3.4 -1.03923 -0.55
    endloop
  endfacet
  facet normal -0.555579 0.831464 0
    outer loop
      vertex -3.26949 -0.952024 -6
      vertex -3.4 -1.03923 -3.05
      vertex -3.26949 -0.952024 -3.05
    endloop
  endfacet
  facet normal -0.555579 0.831464 0
    outer loop
      vertex -3.4 -1.03923 -3.05
      vertex -3.26949 -0.952024 -6
      vertex -3.4 -1.03923 -6
    endloop
  endfacet
  facet normal -0.896884 0.442266 0
    outer loop
      vertex -2.96077 -0.599999 -0.55
      vertex -2.89135 -0.45922 0
      vertex -2.89135 -0.45922 -0.55
    endloop
  endfacet
  facet normal -0.896884 0.442266 0
    outer loop
      vertex -2.89135 -0.45922 0
      vertex -2.96077 -0.599999 -0.55
      vertex -2.96077 -0.599999 0
    endloop
  endfacet
  facet normal -0.896884 0.442266 0
    outer loop
      vertex -2.96077 -0.599999 -6
      vertex -2.89135 -0.45922 -3.05
      vertex -2.89135 -0.45922 -6
    endloop
  endfacet
  facet normal -0.896884 0.442266 0
    outer loop
      vertex -2.89135 -0.45922 -3.05
      vertex -2.96077 -0.599999 -6
      vertex -2.96077 -0.599999 -3.05
    endloop
  endfacet
  facet normal -0.751857 0.659326 0
    outer loop
      vertex -3.15147 -0.848528 -0.55
      vertex -3.04798 -0.730514 0
      vertex -3.04798 -0.730514 -0.55
    endloop
  endfacet
  facet normal -0.751857 0.659326 0
    outer loop
      vertex -3.04798 -0.730514 0
      vertex -3.15147 -0.848528 -0.55
      vertex -3.15147 -0.848528 0
    endloop
  endfacet
  facet normal -0.751857 0.659326 0
    outer loop
      vertex -3.15147 -0.848528 -6
      vertex -3.04798 -0.730514 -3.05
      vertex -3.04798 -0.730514 -6
    endloop
  endfacet
  facet normal -0.751857 0.659326 0
    outer loop
      vertex -3.04798 -0.730514 -3.05
      vertex -3.15147 -0.848528 -6
      vertex -3.15147 -0.848528 -3.05
    endloop
  endfacet
  facet normal -0.831462 0.555582 0
    outer loop
      vertex -3.04798 -0.730514 -0.55
      vertex -2.96077 -0.599999 0
      vertex -2.96077 -0.599999 -0.55
    endloop
  endfacet
  facet normal -0.831462 0.555582 0
    outer loop
      vertex -2.96077 -0.599999 0
      vertex -3.04798 -0.730514 -0.55
      vertex -3.04798 -0.730514 0
    endloop
  endfacet
  facet normal -0.831462 0.555582 0
    outer loop
      vertex -3.04798 -0.730514 -6
      vertex -2.96077 -0.599999 -3.05
      vertex -2.96077 -0.599999 -6
    endloop
  endfacet
  facet normal -0.831462 0.555582 0
    outer loop
      vertex -2.96077 -0.599999 -3.05
      vertex -3.04798 -0.730514 -6
      vertex -3.04798 -0.730514 -3.05
    endloop
  endfacet
  facet normal 0.659329 0.751855 -0
    outer loop
      vertex -4.73051 -0.952024 -0.55
      vertex -4.84853 -0.848528 0
      vertex -4.73051 -0.952024 0
    endloop
  endfacet
  facet normal 0.659329 0.751855 0
    outer loop
      vertex -4.84853 -0.848528 0
      vertex -4.73051 -0.952024 -0.55
      vertex -4.84853 -0.848528 -0.55
    endloop
  endfacet
  facet normal 0.659329 0.751855 -0
    outer loop
      vertex -4.73051 -0.952024 -6
      vertex -4.84853 -0.848528 -3.05
      vertex -4.73051 -0.952024 -3.05
    endloop
  endfacet
  facet normal 0.659329 0.751855 0
    outer loop
      vertex -4.84853 -0.848528 -3.05
      vertex -4.73051 -0.952024 -6
      vertex -4.84853 -0.848528 -6
    endloop
  endfacet
  facet normal 0.555579 0.831464 -0
    outer loop
      vertex -4.6 -1.03923 -0.55
      vertex -4.73051 -0.952024 0
      vertex -4.6 -1.03923 0
    endloop
  endfacet
  facet normal 0.555579 0.831464 0
    outer loop
      vertex -4.73051 -0.952024 0
      vertex -4.6 -1.03923 -0.55
      vertex -4.73051 -0.952024 -0.55
    endloop
  endfacet
  facet normal 0.555579 0.831464 -0
    outer loop
      vertex -4.6 -1.03923 -6
      vertex -4.73051 -0.952024 -3.05
      vertex -4.6 -1.03923 -3.05
    endloop
  endfacet
  facet normal 0.555579 0.831464 0
    outer loop
      vertex -4.73051 -0.952024 -3.05
      vertex -4.6 -1.03923 -6
      vertex -4.73051 -0.952024 -6
    endloop
  endfacet
  facet normal 0.065428 0.997857 -0
    outer loop
      vertex -4 -1.2 -0.55
      vertex -4.15663 -1.18973 0
      vertex -4 -1.2 0
    endloop
  endfacet
  facet normal 0.065428 0.997857 0
    outer loop
      vertex -4.15663 -1.18973 0
      vertex -4 -1.2 -0.55
      vertex -4.15663 -1.18973 -0.55
    endloop
  endfacet
  facet normal 0.065428 0.997857 -0
    outer loop
      vertex -4 -1.2 -6
      vertex -4.15663 -1.18973 -3.05
      vertex -4 -1.2 -3.05
    endloop
  endfacet
  facet normal 0.065428 0.997857 0
    outer loop
      vertex -4.15663 -1.18973 -3.05
      vertex -4 -1.2 -6
      vertex -4.15663 -1.18973 -6
    endloop
  endfacet
  facet normal 0.751857 0.659326 0
    outer loop
      vertex -4.84853 -0.848528 0
      vertex -4.95202 -0.730514 -0.55
      vertex -4.95202 -0.730514 0
    endloop
  endfacet
  facet normal 0.751857 0.659326 0
    outer loop
      vertex -4.95202 -0.730514 -0.55
      vertex -4.84853 -0.848528 0
      vertex -4.84853 -0.848528 -0.55
    endloop
  endfacet
  facet normal 0.751857 0.659326 0
    outer loop
      vertex -4.84853 -0.848528 -3.05
      vertex -4.95202 -0.730514 -6
      vertex -4.95202 -0.730514 -3.05
    endloop
  endfacet
  facet normal 0.751857 0.659326 0
    outer loop
      vertex -4.95202 -0.730514 -6
      vertex -4.84853 -0.848528 -3.05
      vertex -4.84853 -0.848528 -6
    endloop
  endfacet
  facet normal 0.946922 0.321463 0
    outer loop
      vertex -5.10865 -0.45922 0
      vertex -5.15911 -0.310582 -0.55
      vertex -5.15911 -0.310582 0
    endloop
  endfacet
  facet normal 0.946922 0.321463 0
    outer loop
      vertex -5.15911 -0.310582 -0.55
      vertex -5.10865 -0.45922 0
      vertex -5.10865 -0.45922 -0.55
    endloop
  endfacet
  facet normal 0.946922 0.321463 0
    outer loop
      vertex -5.10865 -0.45922 -3.05
      vertex -5.15911 -0.310582 -6
      vertex -5.15911 -0.310582 -3.05
    endloop
  endfacet
  facet normal 0.946922 0.321463 0
    outer loop
      vertex -5.15911 -0.310582 -6
      vertex -5.10865 -0.45922 -3.05
      vertex -5.10865 -0.45922 -6
    endloop
  endfacet
  facet normal 0.946922 -0.321463 0
    outer loop
      vertex -5.15911 0.310582 0
      vertex -5.10865 0.45922 -0.55
      vertex -5.10865 0.45922 0
    endloop
  endfacet
  facet normal 0.946922 -0.321463 0
    outer loop
      vertex -5.10865 0.45922 -0.55
      vertex -5.15911 0.310582 0
      vertex -5.15911 0.310582 -0.55
    endloop
  endfacet
  facet normal 0.946922 -0.321463 0
    outer loop
      vertex -5.15911 0.310582 -3.05
      vertex -5.10865 0.45922 -6
      vertex -5.10865 0.45922 -3.05
    endloop
  endfacet
  facet normal 0.946922 -0.321463 0
    outer loop
      vertex -5.10865 0.45922 -6
      vertex -5.15911 0.310582 -3.05
      vertex -5.15911 0.310582 -6
    endloop
  endfacet
  facet normal -0.32146 0.946923 0
    outer loop
      vertex -3.54078 -1.10865 -0.55
      vertex -3.68942 -1.15911 0
      vertex -3.54078 -1.10865 0
    endloop
  endfacet
  facet normal -0.32146 0.946923 0
    outer loop
      vertex -3.68942 -1.15911 0
      vertex -3.54078 -1.10865 -0.55
      vertex -3.68942 -1.15911 -0.55
    endloop
  endfacet
  facet normal -0.32146 0.946923 0
    outer loop
      vertex -3.54078 -1.10865 -6
      vertex -3.68942 -1.15911 -3.05
      vertex -3.54078 -1.10865 -3.05
    endloop
  endfacet
  facet normal -0.32146 0.946923 0
    outer loop
      vertex -3.68942 -1.15911 -3.05
      vertex -3.54078 -1.10865 -6
      vertex -3.68942 -1.15911 -6
    endloop
  endfacet
  facet normal -0.980789 0.195073 0
    outer loop
      vertex -2.84089 -0.310582 -0.55
      vertex -2.81027 -0.156631 0
      vertex -2.81027 -0.156631 -0.55
    endloop
  endfacet
  facet normal -0.980789 0.195073 0
    outer loop
      vertex -2.81027 -0.156631 0
      vertex -2.84089 -0.310582 -0.55
      vertex -2.84089 -0.310582 0
    endloop
  endfacet
  facet normal -0.980789 0.195073 0
    outer loop
      vertex -2.84089 -0.310582 -6
      vertex -2.81027 -0.156631 -3.05
      vertex -2.81027 -0.156631 -6
    endloop
  endfacet
  facet normal -0.980789 0.195073 0
    outer loop
      vertex -2.81027 -0.156631 -3.05
      vertex -2.84089 -0.310582 -6
      vertex -2.84089 -0.310582 -3.05
    endloop
  endfacet
  facet normal -0.997857 0.0654276 0
    outer loop
      vertex -2.81027 -0.156631 -0.55
      vertex -2.8 0 0
      vertex -2.8 0 -0.55
    endloop
  endfacet
  facet normal -0.997857 0.0654276 0
    outer loop
      vertex -2.8 0 0
      vertex -2.81027 -0.156631 -0.55
      vertex -2.81027 -0.156631 0
    endloop
  endfacet
  facet normal -0.997857 0.0654276 0
    outer loop
      vertex -2.81027 -0.156631 -6
      vertex -2.8 0 -3.05
      vertex -2.8 0 -6
    endloop
  endfacet
  facet normal -0.997857 0.0654276 0
    outer loop
      vertex -2.8 0 -3.05
      vertex -2.81027 -0.156631 -6
      vertex -2.81027 -0.156631 -3.05
    endloop
  endfacet
  facet normal 0.195075 0.980788 -0
    outer loop
      vertex -4.15663 -1.18973 -0.55
      vertex -4.31058 -1.15911 0
      vertex -4.15663 -1.18973 0
    endloop
  endfacet
  facet normal 0.195075 0.980788 0
    outer loop
      vertex -4.31058 -1.15911 0
      vertex -4.15663 -1.18973 -0.55
      vertex -4.31058 -1.15911 -0.55
    endloop
  endfacet
  facet normal 0.195075 0.980788 -0
    outer loop
      vertex -4.15663 -1.18973 -6
      vertex -4.31058 -1.15911 -3.05
      vertex -4.15663 -1.18973 -3.05
    endloop
  endfacet
  facet normal 0.195075 0.980788 0
    outer loop
      vertex -4.31058 -1.15911 -3.05
      vertex -4.15663 -1.18973 -6
      vertex -4.31058 -1.15911 -6
    endloop
  endfacet
  facet normal 1 -0 0
    outer loop
      vertex -8.25 -7.5 -0.55
      vertex -8.25 7.5 -3.05
      vertex -8.25 7.5 -0.55
    endloop
  endfacet
  facet normal 1 0 0
    outer loop
      vertex -8.25 7.5 -3.05
      vertex -8.25 -7.5 -0.55
      vertex -8.25 -7.5 -3.05
    endloop
  endfacet
  facet normal 0 0 -1
    outer loop
      vertex 0.25 -7.5 -0.55
      vertex -2.8 0 -0.55
      vertex 0.25 7.5 -0.55
    endloop
  endfacet
  facet normal 0 0 -1
    outer loop
      vertex 0.25 -7.5 -0.55
      vertex -2.81027 -0.156631 -0.55
      vertex -2.8 0 -0.55
    endloop
  endfacet
  facet normal 0 0 -1
    outer loop
      vertex 0.25 -7.5 -0.55
      vertex -2.84089 -0.310582 -0.55
      vertex -2.81027 -0.156631 -0.55
    endloop
  endfacet
  facet normal 0 0 -1
    outer loop
      vertex 0.25 -7.5 -0.55
      vertex -2.89135 -0.45922 -0.55
      vertex -2.84089 -0.310582 -0.55
    endloop
  endfacet
  facet normal 0 0 -1
    outer loop
      vertex 0.25 -7.5 -0.55
      vertex -2.96077 -0.599999 -0.55
      vertex -2.89135 -0.45922 -0.55
    endloop
  endfacet
  facet normal 0 0 -1
    outer loop
      vertex 0.25 -7.5 -0.55
      vertex -3.04798 -0.730514 -0.55
      vertex -2.96077 -0.599999 -0.55
    endloop
  endfacet
  facet normal 0 0 -1
    outer loop
      vertex 0.25 -7.5 -0.55
      vertex -3.15147 -0.848528 -0.55
      vertex -3.04798 -0.730514 -0.55
    endloop
  endfacet
  facet normal 0 0 -1
    outer loop
      vertex 0.25 -7.5 -0.55
      vertex -3.26949 -0.952024 -0.55
      vertex -3.15147 -0.848528 -0.55
    endloop
  endfacet
  facet normal 0 0 -1
    outer loop
      vertex 0.25 -7.5 -0.55
      vertex -3.4 -1.03923 -0.55
      vertex -3.26949 -0.952024 -0.55
    endloop
  endfacet
  facet normal 0 0 -1
    outer loop
      vertex 0.25 -7.5 -0.55
      vertex -3.54078 -1.10865 -0.55
      vertex -3.4 -1.03923 -0.55
    endloop
  endfacet
  facet normal 0 0 -1
    outer loop
      vertex 0.25 -7.5 -0.55
      vertex -3.68942 -1.15911 -0.55
      vertex -3.54078 -1.10865 -0.55
    endloop
  endfacet
  facet normal 0 0 -1
    outer loop
      vertex 0.25 -7.5 -0.55
      vertex -3.84337 -1.18973 -0.55
      vertex -3.68942 -1.15911 -0.55
    endloop
  endfacet
  facet normal 0 0 -1
    outer loop
      vertex 0.25 -7.5 -0.55
      vertex -4 -1.2 -0.55
      vertex -3.84337 -1.18973 -0.55
    endloop
  endfacet
  facet normal 0 0 -1
    outer loop
      vertex -8.25 -7.5 -0.55
      vertex -4 -1.2 -0.55
      vertex 0.25 -7.5 -0.55
    endloop
  endfacet
  facet normal -0 0 -1
    outer loop
      vertex -4 -1.2 -0.55
      vertex -8.25 -7.5 -0.55
      vertex -4.15663 -1.18973 -0.55
    endloop
  endfacet
  facet normal -0 0 -1
    outer loop
      vertex -4.15663 -1.18973 -0.55
      vertex -8.25 -7.5 -0.55
      vertex -4.31058 -1.15911 -0.55
    endloop
  endfacet
  facet normal -0 0 -1
    outer loop
      vertex -4.31058 -1.15911 -0.55
      vertex -8.25 -7.5 -0.55
      vertex -4.45922 -1.10865 -0.55
    endloop
  endfacet
  facet normal -0 0 -1
    outer loop
      vertex -4.45922 -1.10865 -0.55
      vertex -8.25 -7.5 -0.55
      vertex -4.6 -1.03923 -0.55
    endloop
  endfacet
  facet normal -0 0 -1
    outer loop
      vertex -4.6 -1.03923 -0.55
      vertex -8.25 -7.5 -0.55
      vertex -4.73051 -0.952024 -0.55
    endloop
  endfacet
  facet normal -0 0 -1
    outer loop
      vertex -4.73051 -0.952024 -0.55
      vertex -8.25 -7.5 -0.55
      vertex -4.84853 -0.848528 -0.55
    endloop
  endfacet
  facet normal -0 0 -1
    outer loop
      vertex -5.18973 -0.156631 -0.55
      vertex -8.25 -7.5 -0.55
      vertex -5.2 0 -0.55
    endloop
  endfacet
  facet normal -0 0 -1
    outer loop
      vertex -5.15911 -0.310582 -0.55
      vertex -8.25 -7.5 -0.55
      vertex -5.18973 -0.156631 -0.55
    endloop
  endfacet
  facet normal -0 0 -1
    outer loop
      vertex -5.10865 -0.45922 -0.55
      vertex -8.25 -7.5 -0.55
      vertex -5.15911 -0.310582 -0.55
    endloop
  endfacet
  facet normal -0 0 -1
    outer loop
      vertex -5.03923 -0.599999 -0.55
      vertex -8.25 -7.5 -0.55
      vertex -5.10865 -0.45922 -0.55
    endloop
  endfacet
  facet normal -0 0 -1
    outer loop
      vertex -4.95202 -0.730514 -0.55
      vertex -8.25 -7.5 -0.55
      vertex -5.03923 -0.599999 -0.55
    endloop
  endfacet
  facet normal -0 0 -1
    outer loop
      vertex -4.84853 -0.848528 -0.55
      vertex -8.25 -7.5 -0.55
      vertex -4.95202 -0.730514 -0.55
    endloop
  endfacet
  facet normal 0 0 -1
    outer loop
      vertex -2.81027 0.156631 -0.55
      vertex 0.25 7.5 -0.55
      vertex -2.8 0 -0.55
    endloop
  endfacet
  facet normal 0 0 -1
    outer loop
      vertex -2.84089 0.310582 -0.55
      vertex 0.25 7.5 -0.55
      vertex -2.81027 0.156631 -0.55
    endloop
  endfacet
  facet normal 0 0 -1
    outer loop
      vertex -2.89135 0.45922 -0.55
      vertex 0.25 7.5 -0.55
      vertex -2.84089 0.310582 -0.55
    endloop
  endfacet
  facet normal 0 0 -1
    outer loop
      vertex -2.96077 0.599999 -0.55
      vertex 0.25 7.5 -0.55
      vertex -2.89135 0.45922 -0.55
    endloop
  endfacet
  facet normal 0 0 -1
    outer loop
      vertex -3.04798 0.730514 -0.55
      vertex 0.25 7.5 -0.55
      vertex -2.96077 0.599999 -0.55
    endloop
  endfacet
  facet normal 0 0 -1
    outer loop
      vertex -3.15147 0.848528 -0.55
      vertex 0.25 7.5 -0.55
      vertex -3.04798 0.730514 -0.55
    endloop
  endfacet
  facet normal 0 0 -1
    outer loop
      vertex -3.26949 0.952024 -0.55
      vertex 0.25 7.5 -0.55
      vertex -3.15147 0.848528 -0.55
    endloop
  endfacet
  facet normal 0 0 -1
    outer loop
      vertex -3.4 1.03923 -0.55
      vertex 0.25 7.5 -0.55
      vertex -3.26949 0.952024 -0.55
    endloop
  endfacet
  facet normal 0 0 -1
    outer loop
      vertex -3.54078 1.10865 -0.55
      vertex 0.25 7.5 -0.55
      vertex -3.4 1.03923 -0.55
    endloop
  endfacet
  facet normal 0 0 -1
    outer loop
      vertex -3.68942 1.15911 -0.55
      vertex 0.25 7.5 -0.55
      vertex -3.54078 1.10865 -0.55
    endloop
  endfacet
  facet normal 0 0 -1
    outer loop
      vertex -3.84337 1.18973 -0.55
      vertex 0.25 7.5 -0.55
      vertex -3.68942 1.15911 -0.55
    endloop
  endfacet
  facet normal 0 0 -1
    outer loop
      vertex -4 1.2 -0.55
      vertex 0.25 7.5 -0.55
      vertex -3.84337 1.18973 -0.55
    endloop
  endfacet
  facet normal 0 0 -1
    outer loop
      vertex -8.25 7.5 -0.55
      vertex -4 1.2 -0.55
      vertex -4.15663 1.18973 -0.55
    endloop
  endfacet
  facet normal 0 0 -1
    outer loop
      vertex -8.25 7.5 -0.55
      vertex -4.15663 1.18973 -0.55
      vertex -4.31058 1.15911 -0.55
    endloop
  endfacet
  facet normal 0 0 -1
    outer loop
      vertex -8.25 7.5 -0.55
      vertex -4.31058 1.15911 -0.55
      vertex -4.45922 1.10865 -0.55
    endloop
  endfacet
  facet normal 0 0 -1
    outer loop
      vertex -8.25 7.5 -0.55
      vertex -4.45922 1.10865 -0.55
      vertex -4.6 1.03923 -0.55
    endloop
  endfacet
  facet normal 0 0 -1
    outer loop
      vertex -8.25 7.5 -0.55
      vertex -4.6 1.03923 -0.55
      vertex -4.73051 0.952024 -0.55
    endloop
  endfacet
  facet normal 0 0 -1
    outer loop
      vertex -8.25 7.5 -0.55
      vertex -4.73051 0.952024 -0.55
      vertex -4.84853 0.848528 -0.55
    endloop
  endfacet
  facet normal 0 0 -1
    outer loop
      vertex -8.25 7.5 -0.55
      vertex -4.84853 0.848528 -0.55
      vertex -4.95202 0.730514 -0.55
    endloop
  endfacet
  facet normal 0 0 -1
    outer loop
      vertex -8.25 7.5 -0.55
      vertex -5.2 0 -0.55
      vertex -8.25 -7.5 -0.55
    endloop
  endfacet
  facet normal 0 0 -1
    outer loop
      vertex -5.2 0 -0.55
      vertex -8.25 7.5 -0.55
      vertex -5.18973 0.156631 -0.55
    endloop
  endfacet
  facet normal 0 0 -1
    outer loop
      vertex -5.18973 0.156631 -0.55
      vertex -8.25 7.5 -0.55
      vertex -5.15911 0.310582 -0.55
    endloop
  endfacet
  facet normal 0 0 -1
    outer loop
      vertex -4 1.2 -0.55
      vertex -8.25 7.5 -0.55
      vertex 0.25 7.5 -0.55
    endloop
  endfacet
  facet normal 0 0 -1
    outer loop
      vertex -5.03923 0.599999 -0.55
      vertex -8.25 7.5 -0.55
      vertex -4.95202 0.730514 -0.55
    endloop
  endfacet
  facet normal 0 0 -1
    outer loop
      vertex -5.10865 0.45922 -0.55
      vertex -8.25 7.5 -0.55
      vertex -5.03923 0.599999 -0.55
    endloop
  endfacet
  facet normal 0 0 -1
    outer loop
      vertex -5.15911 0.310582 -0.55
      vertex -8.25 7.5 -0.55
      vertex -5.10865 0.45922 -0.55
    endloop
  endfacet
  facet normal -1 0 0
    outer loop
      vertex 0.25 -7.5 -3.05
      vertex 0.25 7.5 -0.55
      vertex 0.25 7.5 -3.05
    endloop
  endfacet
  facet normal -1 -0 0
    outer loop
      vertex 0.25 7.5 -0.55
      vertex 0.25 -7.5 -3.05
      vertex 0.25 -7.5 -0.55
    endloop
  endfacet
  facet normal 0 0 1
    outer loop
      vertex 0.25 7.5 -3.05
      vertex -2.8 0 -3.05
      vertex 0.25 -7.5 -3.05
    endloop
  endfacet
  facet normal 0 0 1
    outer loop
      vertex 0.25 7.5 -3.05
      vertex -2.81027 0.156631 -3.05
      vertex -2.8 0 -3.05
    endloop
  endfacet
  facet normal 0 0 1
    outer loop
      vertex 0.25 7.5 -3.05
      vertex -2.84089 0.310582 -3.05
      vertex -2.81027 0.156631 -3.05
    endloop
  endfacet
  facet normal 0 0 1
    outer loop
      vertex 0.25 7.5 -3.05
      vertex -2.89135 0.45922 -3.05
      vertex -2.84089 0.310582 -3.05
    endloop
  endfacet
  facet normal 0 0 1
    outer loop
      vertex 0.25 7.5 -3.05
      vertex -2.96077 0.599999 -3.05
      vertex -2.89135 0.45922 -3.05
    endloop
  endfacet
  facet normal 0 0 1
    outer loop
      vertex 0.25 7.5 -3.05
      vertex -3.04798 0.730514 -3.05
      vertex -2.96077 0.599999 -3.05
    endloop
  endfacet
  facet normal 0 0 1
    outer loop
      vertex 0.25 7.5 -3.05
      vertex -3.15147 0.848528 -3.05
      vertex -3.04798 0.730514 -3.05
    endloop
  endfacet
  facet normal 0 0 1
    outer loop
      vertex 0.25 7.5 -3.05
      vertex -3.26949 0.952024 -3.05
      vertex -3.15147 0.848528 -3.05
    endloop
  endfacet
  facet normal 0 0 1
    outer loop
      vertex 0.25 7.5 -3.05
      vertex -3.4 1.03923 -3.05
      vertex -3.26949 0.952024 -3.05
    endloop
  endfacet
  facet normal 0 0 1
    outer loop
      vertex 0.25 7.5 -3.05
      vertex -3.54078 1.10865 -3.05
      vertex -3.4 1.03923 -3.05
    endloop
  endfacet
  facet normal 0 0 1
    outer loop
      vertex 0.25 7.5 -3.05
      vertex -3.68942 1.15911 -3.05
      vertex -3.54078 1.10865 -3.05
    endloop
  endfacet
  facet normal 0 0 1
    outer loop
      vertex 0.25 7.5 -3.05
      vertex -3.84337 1.18973 -3.05
      vertex -3.68942 1.15911 -3.05
    endloop
  endfacet
  facet normal 0 0 1
    outer loop
      vertex 0.25 7.5 -3.05
      vertex -4 1.2 -3.05
      vertex -3.84337 1.18973 -3.05
    endloop
  endfacet
  facet normal -0 0 1
    outer loop
      vertex -8.25 7.5 -3.05
      vertex -4 1.2 -3.05
      vertex 0.25 7.5 -3.05
    endloop
  endfacet
  facet normal 0 0 1
    outer loop
      vertex -4 1.2 -3.05
      vertex -8.25 7.5 -3.05
      vertex -4.15663 1.18973 -3.05
    endloop
  endfacet
  facet normal 0 0 1
    outer loop
      vertex -4.15663 1.18973 -3.05
      vertex -8.25 7.5 -3.05
      vertex -4.31058 1.15911 -3.05
    endloop
  endfacet
  facet normal 0 0 1
    outer loop
      vertex -4.31058 1.15911 -3.05
      vertex -8.25 7.5 -3.05
      vertex -4.45922 1.10865 -3.05
    endloop
  endfacet
  facet normal 0 0 1
    outer loop
      vertex -4.45922 1.10865 -3.05
      vertex -8.25 7.5 -3.05
      vertex -4.6 1.03923 -3.05
    endloop
  endfacet
  facet normal 0 0 1
    outer loop
      vertex -4.6 1.03923 -3.05
      vertex -8.25 7.5 -3.05
      vertex -4.73051 0.952024 -3.05
    endloop
  endfacet
  facet normal 0 0 1
    outer loop
      vertex -4.73051 0.952024 -3.05
      vertex -8.25 7.5 -3.05
      vertex -4.84853 0.848528 -3.05
    endloop
  endfacet
  facet normal 0 0 1
    outer loop
      vertex -5.18973 0.156631 -3.05
      vertex -8.25 7.5 -3.05
      vertex -5.2 0 -3.05
    endloop
  endfacet
  facet normal 0 0 1
    outer loop
      vertex -5.15911 0.310582 -3.05
      vertex -8.25 7.5 -3.05
      vertex -5.18973 0.156631 -3.05
    endloop
  endfacet
  facet normal 0 0 1
    outer loop
      vertex -5.10865 0.45922 -3.05
      vertex -8.25 7.5 -3.05
      vertex -5.15911 0.310582 -3.05
    endloop
  endfacet
  facet normal 0 0 1
    outer loop
      vertex -5.03923 0.599999 -3.05
      vertex -8.25 7.5 -3.05
      vertex -5.10865 0.45922 -3.05
    endloop
  endfacet
  facet normal 0 0 1
    outer loop
      vertex -4.95202 0.730514 -3.05
      vertex -8.25 7.5 -3.05
      vertex -5.03923 0.599999 -3.05
    endloop
  endfacet
  facet normal 0 0 1
    outer loop
      vertex -4.84853 0.848528 -3.05
      vertex -8.25 7.5 -3.05
      vertex -4.95202 0.730514 -3.05
    endloop
  endfacet
  facet normal -0 0 1
    outer loop
      vertex -2.81027 -0.156631 -3.05
      vertex 0.25 -7.5 -3.05
      vertex -2.8 0 -3.05
    endloop
  endfacet
  facet normal -0 0 1
    outer loop
      vertex -2.84089 -0.310582 -3.05
      vertex 0.25 -7.5 -3.05
      vertex -2.81027 -0.156631 -3.05
    endloop
  endfacet
  facet normal -0 0 1
    outer loop
      vertex -2.89135 -0.45922 -3.05
      vertex 0.25 -7.5 -3.05
      vertex -2.84089 -0.310582 -3.05
    endloop
  endfacet
  facet normal -0 0 1
    outer loop
      vertex -2.96077 -0.599999 -3.05
      vertex 0.25 -7.5 -3.05
      vertex -2.89135 -0.45922 -3.05
    endloop
  endfacet
  facet normal -0 0 1
    outer loop
      vertex -3.04798 -0.730514 -3.05
      vertex 0.25 -7.5 -3.05
      vertex -2.96077 -0.599999 -3.05
    endloop
  endfacet
  facet normal -0 0 1
    outer loop
      vertex -3.15147 -0.848528 -3.05
      vertex 0.25 -7.5 -3.05
      vertex -3.04798 -0.730514 -3.05
    endloop
  endfacet
  facet normal -0 0 1
    outer loop
      vertex -3.26949 -0.952024 -3.05
      vertex 0.25 -7.5 -3.05
      vertex -3.15147 -0.848528 -3.05
    endloop
  endfacet
  facet normal -0 0 1
    outer loop
      vertex -3.4 -1.03923 -3.05
      vertex 0.25 -7.5 -3.05
      vertex -3.26949 -0.952024 -3.05
    endloop
  endfacet
  facet normal -0 0 1
    outer loop
      vertex -3.54078 -1.10865 -3.05
      vertex 0.25 -7.5 -3.05
      vertex -3.4 -1.03923 -3.05
    endloop
  endfacet
  facet normal -0 0 1
    outer loop
      vertex -3.68942 -1.15911 -3.05
      vertex 0.25 -7.5 -3.05
      vertex -3.54078 -1.10865 -3.05
    endloop
  endfacet
  facet normal -0 0 1
    outer loop
      vertex -3.84337 -1.18973 -3.05
      vertex 0.25 -7.5 -3.05
      vertex -3.68942 -1.15911 -3.05
    endloop
  endfacet
  facet normal -0 0 1
    outer loop
      vertex -4 -1.2 -3.05
      vertex 0.25 -7.5 -3.05
      vertex -3.84337 -1.18973 -3.05
    endloop
  endfacet
  facet normal 0 0 1
    outer loop
      vertex -8.25 -7.5 -3.05
      vertex -4 -1.2 -3.05
      vertex -4.15663 -1.18973 -3.05
    endloop
  endfacet
  facet normal 0 0 1
    outer loop
      vertex -8.25 -7.5 -3.05
      vertex -4.15663 -1.18973 -3.05
      vertex -4.31058 -1.15911 -3.05
    endloop
  endfacet
  facet normal 0 0 1
    outer loop
      vertex -8.25 -7.5 -3.05
      vertex -4.31058 -1.15911 -3.05
      vertex -4.45922 -1.10865 -3.05
    endloop
  endfacet
  facet normal 0 0 1
    outer loop
      vertex -8.25 -7.5 -3.05
      vertex -4.45922 -1.10865 -3.05
      vertex -4.6 -1.03923 -3.05
    endloop
  endfacet
  facet normal 0 0 1
    outer loop
      vertex -8.25 -7.5 -3.05
      vertex -4.6 -1.03923 -3.05
      vertex -4.73051 -0.952024 -3.05
    endloop
  endfacet
  facet normal 0 0 1
    outer loop
      vertex -8.25 -7.5 -3.05
      vertex -4.73051 -0.952024 -3.05
      vertex -4.84853 -0.848528 -3.05
    endloop
  endfacet
  facet normal 0 0 1
    outer loop
      vertex -8.25 -7.5 -3.05
      vertex -4.84853 -0.848528 -3.05
      vertex -4.95202 -0.730514 -3.05
    endloop
  endfacet
  facet normal 0 0 1
    outer loop
      vertex -8.25 -7.5 -3.05
      vertex -5.2 0 -3.05
      vertex -8.25 7.5 -3.05
    endloop
  endfacet
  facet normal 0 0 1
    outer loop
      vertex -5.2 0 -3.05
      vertex -8.25 -7.5 -3.05
      vertex -5.18973 -0.156631 -3.05
    endloop
  endfacet
  facet normal 0 0 1
    outer loop
      vertex -5.18973 -0.156631 -3.05
      vertex -8.25 -7.5 -3.05
      vertex -5.15911 -0.310582 -3.05
    endloop
  endfacet
  facet normal 0 0 1
    outer loop
      vertex -4 -1.2 -3.05
      vertex -8.25 -7.5 -3.05
      vertex 0.25 -7.5 -3.05
    endloop
  endfacet
  facet normal 0 0 1
    outer loop
      vertex -5.03923 -0.599999 -3.05
      vertex -8.25 -7.5 -3.05
      vertex -4.95202 -0.730514 -3.05
    endloop
  endfacet
  facet normal 0 0 1
    outer loop
      vertex -5.10865 -0.45922 -3.05
      vertex -8.25 -7.5 -3.05
      vertex -5.03923 -0.599999 -3.05
    endloop
  endfacet
  facet normal 0 0 1
    outer loop
      vertex -5.15911 -0.310582 -3.05
      vertex -8.25 -7.5 -3.05
      vertex -5.10865 -0.45922 -3.05
    endloop
  endfacet
  facet normal 0 1 -0
    outer loop
      vertex 0.25 -7.5 -3.05
      vertex -8.25 -7.5 -0.55
      vertex 0.25 -7.5 -0.55
    endloop
  endfacet
  facet normal 0 1 0
    outer loop
      vertex -8.25 -7.5 -0.55
      vertex 0.25 -7.5 -3.05
      vertex -8.25 -7.5 -3.05
    endloop
  endfacet
  facet normal 0 -1 0
    outer loop
      vertex -8.25 7.5 -3.05
      vertex 0.25 7.5 -0.55
      vertex -8.25 7.5 -0.55
    endloop
  endfacet
  facet normal 0 -1 -0
    outer loop
      vertex 0.25 7.5 -0.55
      vertex -8.25 7.5 -3.05
      vertex 0.25 7.5 -3.05
    endloop
  endfacet
  facet normal -1 0 0
    outer loop
      vertex -1.4 4.91554 12
      vertex -1.4 -4.85 13
      vertex -1.4 4.85 13
    endloop
  endfacet
  facet normal -1 0 -0
    outer loop
      vertex -1.4 -4.85 13
      vertex -1.4 4.91554 12
      vertex -1.4 -4.91554 12
    endloop
  endfacet
  facet normal -1 0 0
    outer loop
      vertex -1.4 25 0
      vertex -1.4 21.15 13
      vertex -1.4 25 26
    endloop
  endfacet
  facet normal -1 0 0
    outer loop
      vertex -1.4 25 0
      vertex -1.4 21.0803 11.9362
      vertex -1.4 21.15 13
    endloop
  endfacet
  facet normal -1 0 0
    outer loop
      vertex -1.4 25 0
      vertex -1.4 20.8723 10.8906
      vertex -1.4 21.0803 11.9362
    endloop
  endfacet
  facet normal -1 0 0
    outer loop
      vertex -1.4 25 0
      vertex -1.4 20.5296 9.88113
      vertex -1.4 20.8723 10.8906
    endloop
  endfacet
  facet normal -1 0 0
    outer loop
      vertex -1.4 25 0
      vertex -1.4 20.0581 8.925
      vertex -1.4 20.5296 9.88113
    endloop
  endfacet
  facet normal -1 0 0
    outer loop
      vertex -1.4 25 0
      vertex -1.4 19.4658 8.03859
      vertex -1.4 20.0581 8.925
    endloop
  endfacet
  facet normal -1 0 0
    outer loop
      vertex -1.4 25 0
      vertex -1.4 18.7629 7.23708
      vertex -1.4 19.4658 8.03859
    endloop
  endfacet
  facet normal -1 0 0
    outer loop
      vertex -1.4 25 0
      vertex -1.4 17.9614 6.53417
      vertex -1.4 18.7629 7.23708
    endloop
  endfacet
  facet normal -1 0 0
    outer loop
      vertex -1.4 25 0
      vertex -1.4 17.075 5.94189
      vertex -1.4 17.9614 6.53417
    endloop
  endfacet
  facet normal -1 0 0
    outer loop
      vertex -1.4 25 0
      vertex -1.4 16.1189 5.47038
      vertex -1.4 17.075 5.94189
    endloop
  endfacet
  facet normal -1 0 0
    outer loop
      vertex -1.4 25 0
      vertex -1.4 15.1094 5.1277
      vertex -1.4 16.1189 5.47038
    endloop
  endfacet
  facet normal -1 0 0
    outer loop
      vertex -1.4 25 0
      vertex -1.4 14.0638 4.91972
      vertex -1.4 15.1094 5.1277
    endloop
  endfacet
  facet normal -1 0 0
    outer loop
      vertex -1.4 8 0
      vertex -1.4 14.0638 4.91972
      vertex -1.4 25 0
    endloop
  endfacet
  facet normal -1 0 0
    outer loop
      vertex -1.4 14.0638 4.91972
      vertex -1.4 8 0
      vertex -1.4 13 4.85
    endloop
  endfacet
  facet normal -1 -0 0
    outer loop
      vertex -1.4 13 4.85
      vertex -1.4 8 0
      vertex -1.4 11.9362 4.91972
    endloop
  endfacet
  facet normal -1 -0 0
    outer loop
      vertex -1.4 11.9362 4.91972
      vertex -1.4 8 0
      vertex -1.4 10.8906 5.1277
    endloop
  endfacet
  facet normal -1 -0 0
    outer loop
      vertex -1.4 10.8906 5.1277
      vertex -1.4 8 0
      vertex -1.4 9.88113 5.47038
    endloop
  endfacet
  facet normal -1 0 0
    outer loop
      vertex -1.4 8 0
      vertex -1.4 8.925 5.94189
      vertex -1.4 9.88113 5.47038
    endloop
  endfacet
  facet normal -1 0 0
    outer loop
      vertex -1.4 6 6
      vertex -1.4 8.925 5.94189
      vertex -1.4 8 0
    endloop
  endfacet
  facet normal -1 0 0
    outer loop
      vertex -1.4 8.925 5.94189
      vertex -1.4 6 6
      vertex -1.4 8.03859 6.53417
    endloop
  endfacet
  facet normal -1 -0 0
    outer loop
      vertex -1.4 8.03859 6.53417
      vertex -1.4 6 6
      vertex -1.4 7.23708 7.23708
    endloop
  endfacet
  facet normal -1 -0 0
    outer loop
      vertex -1.4 7.23708 7.23708
      vertex -1.4 6 6
      vertex -1.4 6.53417 8.03859
    endloop
  endfacet
  facet normal -1 0 0
    outer loop
      vertex -1.4 8 0
      vertex -1.4 -6 6
      vertex -1.4 6 6
    endloop
  endfacet
  facet normal -1 0 0
    outer loop
      vertex -1.4 -6 6
      vertex -1.4 -6.53417 8.03859
      vertex -1.4 -6 8.83804
    endloop
  endfacet
  facet normal -1 0 0
    outer loop
      vertex -1.4 -6 6
      vertex -1.4 -7.23708 7.23708
      vertex -1.4 -6.53417 8.03859
    endloop
  endfacet
  facet normal -1 0 0
    outer loop
      vertex -1.4 -8 0
      vertex -1.4 -6 6
      vertex -1.4 8 0
    endloop
  endfacet
  facet normal -1 0 0
    outer loop
      vertex -1.4 -8.925 5.94189
      vertex -1.4 -6 6
      vertex -1.4 -8 0
    endloop
  endfacet
  facet normal -1 0 0
    outer loop
      vertex -1.4 -6 6
      vertex -1.4 -8.03859 6.53417
      vertex -1.4 -7.23708 7.23708
    endloop
  endfacet
  facet normal -1 -0 0
    outer loop
      vertex -1.4 -6 6
      vertex -1.4 -8.925 5.94189
      vertex -1.4 -8.03859 6.53417
    endloop
  endfacet
  facet normal -1 0 0
    outer loop
      vertex -1.4 -8 0
      vertex -1.4 -9.88113 5.47038
      vertex -1.4 -8.925 5.94189
    endloop
  endfacet
  facet normal -1 0 0
    outer loop
      vertex -1.4 -8 0
      vertex -1.4 -10.8906 5.1277
      vertex -1.4 -9.88113 5.47038
    endloop
  endfacet
  facet normal -1 0 0
    outer loop
      vertex -1.4 -8 0
      vertex -1.4 -11.9362 4.91972
      vertex -1.4 -10.8906 5.1277
    endloop
  endfacet
  facet normal -1 0 0
    outer loop
      vertex -1.4 -8 0
      vertex -1.4 -13 4.85
      vertex -1.4 -11.9362 4.91972
    endloop
  endfacet
  facet normal -1 0 0
    outer loop
      vertex -1.4 -8 0
      vertex -1.4 -14.0638 4.91972
      vertex -1.4 -13 4.85
    endloop
  endfacet
  facet normal -1 0 0
    outer loop
      vertex -1.4 -8 0
      vertex -1.4 -15.1094 5.1277
      vertex -1.4 -14.0638 4.91972
    endloop
  endfacet
  facet normal -1 0 0
    outer loop
      vertex -1.4 -25 0
      vertex -1.4 -15.1094 5.1277
      vertex -1.4 -8 0
    endloop
  endfacet
  facet normal -1 -0 0
    outer loop
      vertex -1.4 -15.1094 5.1277
      vertex -1.4 -25 0
      vertex -1.4 -16.1189 5.47038
    endloop
  endfacet
  facet normal -1 -0 0
    outer loop
      vertex -1.4 -21.0803 11.9362
      vertex -1.4 -25 0
      vertex -1.4 -21.15 13
    endloop
  endfacet
  facet normal -1 -0 0
    outer loop
      vertex -1.4 -20.8723 10.8906
      vertex -1.4 -25 0
      vertex -1.4 -21.0803 11.9362
    endloop
  endfacet
  facet normal -1 -0 0
    outer loop
      vertex -1.4 -20.5296 9.88113
      vertex -1.4 -25 0
      vertex -1.4 -20.8723 10.8906
    endloop
  endfacet
  facet normal -1 -0 0
    outer loop
      vertex -1.4 -20.0581 8.925
      vertex -1.4 -25 0
      vertex -1.4 -20.5296 9.88113
    endloop
  endfacet
  facet normal -1 -0 0
    outer loop
      vertex -1.4 -19.4658 8.03859
      vertex -1.4 -25 0
      vertex -1.4 -20.0581 8.925
    endloop
  endfacet
  facet normal -1 -0 0
    outer loop
      vertex -1.4 -18.7629 7.23708
      vertex -1.4 -25 0
      vertex -1.4 -19.4658 8.03859
    endloop
  endfacet
  facet normal -1 -0 0
    outer loop
      vertex -1.4 -17.9614 6.53417
      vertex -1.4 -25 0
      vertex -1.4 -18.7629 7.23708
    endloop
  endfacet
  facet normal -1 -0 0
    outer loop
      vertex -1.4 -17.075 5.94189
      vertex -1.4 -25 0
      vertex -1.4 -17.9614 6.53417
    endloop
  endfacet
  facet normal -1 -0 0
    outer loop
      vertex -1.4 -16.1189 5.47038
      vertex -1.4 -25 0
      vertex -1.4 -17.075 5.94189
    endloop
  endfacet
  facet normal -1 0 0
    outer loop
      vertex -1.4 21.0803 14.0638
      vertex -1.4 25 26
      vertex -1.4 21.15 13
    endloop
  endfacet
  facet normal -1 0 0
    outer loop
      vertex -1.4 20.8723 15.1094
      vertex -1.4 25 26
      vertex -1.4 21.0803 14.0638
    endloop
  endfacet
  facet normal -1 0 0
    outer loop
      vertex -1.4 20.5296 16.1189
      vertex -1.4 25 26
      vertex -1.4 20.8723 15.1094
    endloop
  endfacet
  facet normal -1 0 0
    outer loop
      vertex -1.4 20.0581 17.075
      vertex -1.4 25 26
      vertex -1.4 20.5296 16.1189
    endloop
  endfacet
  facet normal -1 0 0
    outer loop
      vertex -1.4 19.4658 17.9614
      vertex -1.4 25 26
      vertex -1.4 20.0581 17.075
    endloop
  endfacet
  facet normal -1 0 0
    outer loop
      vertex -1.4 18.7629 18.7629
      vertex -1.4 25 26
      vertex -1.4 19.4658 17.9614
    endloop
  endfacet
  facet normal -1 0 0
    outer loop
      vertex -1.4 17.9614 19.4658
      vertex -1.4 25 26
      vertex -1.4 18.7629 18.7629
    endloop
  endfacet
  facet normal -1 0 0
    outer loop
      vertex -1.4 17.075 20.0581
      vertex -1.4 25 26
      vertex -1.4 17.9614 19.4658
    endloop
  endfacet
  facet normal -1 0 0
    outer loop
      vertex -1.4 16.1189 20.5296
      vertex -1.4 25 26
      vertex -1.4 17.075 20.0581
    endloop
  endfacet
  facet normal -1 0 0
    outer loop
      vertex -1.4 15.1094 20.8723
      vertex -1.4 25 26
      vertex -1.4 16.1189 20.5296
    endloop
  endfacet
  facet normal -1 0 0
    outer loop
      vertex -1.4 14.0638 21.0803
      vertex -1.4 25 26
      vertex -1.4 15.1094 20.8723
    endloop
  endfacet
  facet normal -1 0 0
    outer loop
      vertex -1.4 13 21.15
      vertex -1.4 25 26
      vertex -1.4 14.0638 21.0803
    endloop
  endfacet
  facet normal -1 0 0
    outer loop
      vertex -1.4 11.9362 21.0803
      vertex -1.4 25 26
      vertex -1.4 13 21.15
    endloop
  endfacet
  facet normal -1 0 0
    outer loop
      vertex -1.4 10.8906 20.8723
      vertex -1.4 25 26
      vertex -1.4 11.9362 21.0803
    endloop
  endfacet
  facet normal -1 0 0
    outer loop
      vertex -1.4 -10.8906 20.8723
      vertex -1.4 10.8906 20.8723
      vertex -1.4 9.88113 20.5296
    endloop
  endfacet
  facet normal -1 0 0
    outer loop
      vertex -1.4 -4.85 13
      vertex -1.4 4.91972 14.0638
      vertex -1.4 4.85 13
    endloop
  endfacet
  facet normal -1 0 0
    outer loop
      vertex -1.4 -4.91972 14.0638
      vertex -1.4 4.91972 14.0638
      vertex -1.4 -4.85 13
    endloop
  endfacet
  facet normal -1 0 0
    outer loop
      vertex -1.4 4.91972 14.0638
      vertex -1.4 -4.91972 14.0638
      vertex -1.4 5.1277 15.1094
    endloop
  endfacet
  facet normal -1 0 0
    outer loop
      vertex -1.4 -5.1277 15.1094
      vertex -1.4 5.1277 15.1094
      vertex -1.4 -4.91972 14.0638
    endloop
  endfacet
  facet normal -1 0 0
    outer loop
      vertex -1.4 5.1277 15.1094
      vertex -1.4 -5.1277 15.1094
      vertex -1.4 5.47038 16.1189
    endloop
  endfacet
  facet normal -1 0 0
    outer loop
      vertex -1.4 -5.47038 16.1189
      vertex -1.4 5.47038 16.1189
      vertex -1.4 -5.1277 15.1094
    endloop
  endfacet
  facet normal -1 0 0
    outer loop
      vertex -1.4 5.47038 16.1189
      vertex -1.4 -5.47038 16.1189
      vertex -1.4 5.94189 17.075
    endloop
  endfacet
  facet normal -1 0 0
    outer loop
      vertex -1.4 -5.94189 17.075
      vertex -1.4 5.94189 17.075
      vertex -1.4 -5.47038 16.1189
    endloop
  endfacet
  facet normal -1 0 0
    outer loop
      vertex -1.4 5.94189 17.075
      vertex -1.4 -5.94189 17.075
      vertex -1.4 6.53417 17.9614
    endloop
  endfacet
  facet normal -1 0 0
    outer loop
      vertex -1.4 -6.53417 17.9614
      vertex -1.4 6.53417 17.9614
      vertex -1.4 -5.94189 17.075
    endloop
  endfacet
  facet normal -1 0 0
    outer loop
      vertex -1.4 6.53417 17.9614
      vertex -1.4 -6.53417 17.9614
      vertex -1.4 7.23708 18.7629
    endloop
  endfacet
  facet normal -1 0 0
    outer loop
      vertex -1.4 -7.23708 18.7629
      vertex -1.4 7.23708 18.7629
      vertex -1.4 -6.53417 17.9614
    endloop
  endfacet
  facet normal -1 0 0
    outer loop
      vertex -1.4 7.23708 18.7629
      vertex -1.4 -7.23708 18.7629
      vertex -1.4 8.03859 19.4658
    endloop
  endfacet
  facet normal -1 0 0
    outer loop
      vertex -1.4 -8.03859 19.4658
      vertex -1.4 8.03859 19.4658
      vertex -1.4 -7.23708 18.7629
    endloop
  endfacet
  facet normal -1 0 0
    outer loop
      vertex -1.4 8.03859 19.4658
      vertex -1.4 -8.03859 19.4658
      vertex -1.4 8.925 20.0581
    endloop
  endfacet
  facet normal -1 0 0
    outer loop
      vertex -1.4 -8.925 20.0581
      vertex -1.4 8.925 20.0581
      vertex -1.4 -8.03859 19.4658
    endloop
  endfacet
  facet normal -1 0 0
    outer loop
      vertex -1.4 8.925 20.0581
      vertex -1.4 -8.925 20.0581
      vertex -1.4 9.88113 20.5296
    endloop
  endfacet
  facet normal -1 0 0
    outer loop
      vertex -1.4 -9.88113 20.5296
      vertex -1.4 9.88113 20.5296
      vertex -1.4 -8.925 20.0581
    endloop
  endfacet
  facet normal -1 0 0
    outer loop
      vertex -1.4 -10.8906 20.8723
      vertex -1.4 9.88113 20.5296
      vertex -1.4 -9.88113 20.5296
    endloop
  endfacet
  facet normal -1 0 0
    outer loop
      vertex -1.4 10.8906 20.8723
      vertex -1.4 -10.8906 20.8723
      vertex -1.4 25 26
    endloop
  endfacet
  facet normal -1 0 0
    outer loop
      vertex -1.4 -25 26
      vertex -1.4 -10.8906 20.8723
      vertex -1.4 -11.9362 21.0803
    endloop
  endfacet
  facet normal -1 0 0
    outer loop
      vertex -1.4 -25 26
      vertex -1.4 -11.9362 21.0803
      vertex -1.4 -13 21.15
    endloop
  endfacet
  facet normal -1 0 0
    outer loop
      vertex -1.4 -25 26
      vertex -1.4 -13 21.15
      vertex -1.4 -14.0638 21.0803
    endloop
  endfacet
  facet normal -1 0 0
    outer loop
      vertex -1.4 -25 26
      vertex -1.4 -21.15 13
      vertex -1.4 -25 0
    endloop
  endfacet
  facet normal -1 0 0
    outer loop
      vertex -1.4 -21.15 13
      vertex -1.4 -25 26
      vertex -1.4 -21.0803 14.0638
    endloop
  endfacet
  facet normal -1 0 0
    outer loop
      vertex -1.4 -10.8906 20.8723
      vertex -1.4 -25 26
      vertex -1.4 25 26
    endloop
  endfacet
  facet normal -1 0 0
    outer loop
      vertex -1.4 -15.1094 20.8723
      vertex -1.4 -25 26
      vertex -1.4 -14.0638 21.0803
    endloop
  endfacet
  facet normal -1 0 0
    outer loop
      vertex -1.4 -16.1189 20.5296
      vertex -1.4 -25 26
      vertex -1.4 -15.1094 20.8723
    endloop
  endfacet
  facet normal -1 0 0
    outer loop
      vertex -1.4 -17.075 20.0581
      vertex -1.4 -25 26
      vertex -1.4 -16.1189 20.5296
    endloop
  endfacet
  facet normal -1 0 0
    outer loop
      vertex -1.4 -17.9614 19.4658
      vertex -1.4 -25 26
      vertex -1.4 -17.075 20.0581
    endloop
  endfacet
  facet normal -1 0 0
    outer loop
      vertex -1.4 -18.7629 18.7629
      vertex -1.4 -25 26
      vertex -1.4 -17.9614 19.4658
    endloop
  endfacet
  facet normal -1 0 0
    outer loop
      vertex -1.4 -19.4658 17.9614
      vertex -1.4 -25 26
      vertex -1.4 -18.7629 18.7629
    endloop
  endfacet
  facet normal -1 0 0
    outer loop
      vertex -1.4 -20.0581 17.075
      vertex -1.4 -25 26
      vertex -1.4 -19.4658 17.9614
    endloop
  endfacet
  facet normal -1 0 0
    outer loop
      vertex -1.4 -20.5296 16.1189
      vertex -1.4 -25 26
      vertex -1.4 -20.0581 17.075
    endloop
  endfacet
  facet normal -1 0 0
    outer loop
      vertex -1.4 -20.8723 15.1094
      vertex -1.4 -25 26
      vertex -1.4 -20.5296 16.1189
    endloop
  endfacet
  facet normal -1 0 0
    outer loop
      vertex -1.4 -21.0803 14.0638
      vertex -1.4 -25 26
      vertex -1.4 -20.8723 15.1094
    endloop
  endfacet
  facet normal -1 -0 0
    outer loop
      vertex -1.4 6.53417 8.03859
      vertex -1.4 6 6
      vertex -1.4 6 8.83804
    endloop
  endfacet
  facet normal -0 0 1
    outer loop
      vertex -1.4 25 26
      vertex 1.4 -25 26
      vertex 1.4 25 26
    endloop
  endfacet
  facet normal 0 0 1
    outer loop
      vertex 1.4 -25 26
      vertex -1.4 25 26
      vertex -1.4 -25 26
    endloop
  endfacet
  facet normal 1 0 0
    outer loop
      vertex 1.4 25 26
      vertex 1.4 22.55 13
      vertex 1.4 25 0
    endloop
  endfacet
  facet normal 1 0 0
    outer loop
      vertex 1.4 25 26
      vertex 1.4 22.4683 14.2465
      vertex 1.4 22.55 13
    endloop
  endfacet
  facet normal 1 0 0
    outer loop
      vertex 1.4 25 26
      vertex 1.4 22.2246 15.4717
      vertex 1.4 22.4683 14.2465
    endloop
  endfacet
  facet normal 1 0 0
    outer loop
      vertex 1.4 25 26
      vertex 1.4 21.823 16.6546
      vertex 1.4 22.2246 15.4717
    endloop
  endfacet
  facet normal 1 0 0
    outer loop
      vertex 1.4 25 26
      vertex 1.4 21.2705 17.775
      vertex 1.4 21.823 16.6546
    endloop
  endfacet
  facet normal 1 0 0
    outer loop
      vertex 1.4 25 26
      vertex 1.4 20.5765 18.8137
      vertex 1.4 21.2705 17.775
    endloop
  endfacet
  facet normal 1 0 0
    outer loop
      vertex 1.4 25 26
      vertex 1.4 19.7529 19.7529
      vertex 1.4 20.5765 18.8137
    endloop
  endfacet
  facet normal 1 0 0
    outer loop
      vertex 1.4 25 26
      vertex 1.4 18.8137 20.5765
      vertex 1.4 19.7529 19.7529
    endloop
  endfacet
  facet normal 1 0 0
    outer loop
      vertex 1.4 25 26
      vertex 1.4 17.775 21.2705
      vertex 1.4 18.8137 20.5765
    endloop
  endfacet
  facet normal 1 0 0
    outer loop
      vertex 1.4 25 26
      vertex 1.4 16.6546 21.823
      vertex 1.4 17.775 21.2705
    endloop
  endfacet
  facet normal 1 0 0
    outer loop
      vertex 1.4 25 26
      vertex 1.4 15.4717 22.2246
      vertex 1.4 16.6546 21.823
    endloop
  endfacet
  facet normal 1 0 0
    outer loop
      vertex 1.4 25 26
      vertex 1.4 14.2465 22.4683
      vertex 1.4 15.4717 22.2246
    endloop
  endfacet
  facet normal 1 0 0
    outer loop
      vertex 1.4 25 26
      vertex 1.4 13 22.55
      vertex 1.4 14.2465 22.4683
    endloop
  endfacet
  facet normal 1 0 0
    outer loop
      vertex 1.4 25 26
      vertex 1.4 11.7535 22.4683
      vertex 1.4 13 22.55
    endloop
  endfacet
  facet normal 1 0 0
    outer loop
      vertex 1.4 -11.7535 22.4683
      vertex 1.4 11.7535 22.4683
      vertex 1.4 25 26
    endloop
  endfacet
  facet normal 1 0 0
    outer loop
      vertex 1.4 3.5317 14.2465
      vertex 1.4 -3.45 13
      vertex 1.4 3.45 13
    endloop
  endfacet
  facet normal 1 0 0
    outer loop
      vertex 1.4 -3.5317 14.2465
      vertex 1.4 3.5317 14.2465
      vertex 1.4 3.77541 15.4717
    endloop
  endfacet
  facet normal 1 0 0
    outer loop
      vertex 1.4 -3.77541 15.4717
      vertex 1.4 3.77541 15.4717
      vertex 1.4 4.17695 16.6546
    endloop
  endfacet
  facet normal 1 0 0
    outer loop
      vertex 1.4 -4.17695 16.6546
      vertex 1.4 4.17695 16.6546
      vertex 1.4 4.72946 17.775
    endloop
  endfacet
  facet normal 1 0 0
    outer loop
      vertex 1.4 -4.72946 17.775
      vertex 1.4 4.72946 17.775
      vertex 1.4 5.42348 18.8137
    endloop
  endfacet
  facet normal 1 0 0
    outer loop
      vertex 1.4 -5.42348 18.8137
      vertex 1.4 5.42348 18.8137
      vertex 1.4 6.24713 19.7529
    endloop
  endfacet
  facet normal 1 0 0
    outer loop
      vertex 1.4 -6.24713 19.7529
      vertex 1.4 6.24713 19.7529
      vertex 1.4 7.18633 20.5765
    endloop
  endfacet
  facet normal 1 0 0
    outer loop
      vertex 1.4 3.5317 14.2465
      vertex 1.4 -3.5317 14.2465
      vertex 1.4 -3.45 13
    endloop
  endfacet
  facet normal 1 0 0
    outer loop
      vertex 1.4 -7.18633 20.5765
      vertex 1.4 7.18633 20.5765
      vertex 1.4 8.225 21.2705
    endloop
  endfacet
  facet normal 1 0 0
    outer loop
      vertex 1.4 3.77541 15.4717
      vertex 1.4 -3.77541 15.4717
      vertex 1.4 -3.5317 14.2465
    endloop
  endfacet
  facet normal 1 0 0
    outer loop
      vertex 1.4 -8.225 21.2705
      vertex 1.4 8.225 21.2705
      vertex 1.4 9.34537 21.823
    endloop
  endfacet
  facet normal 1 0 0
    outer loop
      vertex 1.4 4.17695 16.6546
      vertex 1.4 -4.17695 16.6546
      vertex 1.4 -3.77541 15.4717
    endloop
  endfacet
  facet normal 1 0 0
    outer loop
      vertex 1.4 4.72946 17.775
      vertex 1.4 -4.72946 17.775
      vertex 1.4 -4.17695 16.6546
    endloop
  endfacet
  facet normal 1 0 0
    outer loop
      vertex 1.4 -9.34537 21.823
      vertex 1.4 9.34537 21.823
      vertex 1.4 10.5283 22.2246
    endloop
  endfacet
  facet normal 1 0 0
    outer loop
      vertex 1.4 5.42348 18.8137
      vertex 1.4 -5.42348 18.8137
      vertex 1.4 -4.72946 17.775
    endloop
  endfacet
  facet normal 1 0 0
    outer loop
      vertex 1.4 11.7535 22.4683
      vertex 1.4 -11.7535 22.4683
      vertex 1.4 10.5283 22.2246
    endloop
  endfacet
  facet normal 1 0 0
    outer loop
      vertex 1.4 6.24713 19.7529
      vertex 1.4 -6.24713 19.7529
      vertex 1.4 -5.42348 18.8137
    endloop
  endfacet
  facet normal 1 0 0
    outer loop
      vertex 1.4 7.18633 20.5765
      vertex 1.4 -7.18633 20.5765
      vertex 1.4 -6.24713 19.7529
    endloop
  endfacet
  facet normal 1 0 0
    outer loop
      vertex 1.4 8.225 21.2705
      vertex 1.4 -8.225 21.2705
      vertex 1.4 -7.18633 20.5765
    endloop
  endfacet
  facet normal 1 0 0
    outer loop
      vertex 1.4 9.34537 21.823
      vertex 1.4 -9.34537 21.823
      vertex 1.4 -8.225 21.2705
    endloop
  endfacet
  facet normal 1 0 0
    outer loop
      vertex 1.4 10.5283 22.2246
      vertex 1.4 -10.5283 22.2246
      vertex 1.4 -9.34537 21.823
    endloop
  endfacet
  facet normal 1 0 0
    outer loop
      vertex 1.4 10.5283 22.2246
      vertex 1.4 -11.7535 22.4683
      vertex 1.4 -10.5283 22.2246
    endloop
  endfacet
  facet normal 1 -0 0
    outer loop
      vertex 1.4 -25 26
      vertex 1.4 -11.7535 22.4683
      vertex 1.4 25 26
    endloop
  endfacet
  facet normal 1 0 0
    outer loop
      vertex 1.4 -11.7535 22.4683
      vertex 1.4 -25 26
      vertex 1.4 -13 22.55
    endloop
  endfacet
  facet normal 1 0 0
    outer loop
      vertex 1.4 -22.4683 14.2465
      vertex 1.4 -25 26
      vertex 1.4 -22.55 13
    endloop
  endfacet
  facet normal 1 0 0
    outer loop
      vertex 1.4 -22.2246 15.4717
      vertex 1.4 -25 26
      vertex 1.4 -22.4683 14.2465
    endloop
  endfacet
  facet normal 1 0 0
    outer loop
      vertex 1.4 -21.823 16.6546
      vertex 1.4 -25 26
      vertex 1.4 -22.2246 15.4717
    endloop
  endfacet
  facet normal 1 0 0
    outer loop
      vertex 1.4 -21.2705 17.775
      vertex 1.4 -25 26
      vertex 1.4 -21.823 16.6546
    endloop
  endfacet
  facet normal 1 0 0
    outer loop
      vertex 1.4 -20.5765 18.8137
      vertex 1.4 -25 26
      vertex 1.4 -21.2705 17.775
    endloop
  endfacet
  facet normal 1 0 0
    outer loop
      vertex 1.4 -19.7529 19.7529
      vertex 1.4 -25 26
      vertex 1.4 -20.5765 18.8137
    endloop
  endfacet
  facet normal 1 0 0
    outer loop
      vertex 1.4 -18.8137 20.5765
      vertex 1.4 -25 26
      vertex 1.4 -19.7529 19.7529
    endloop
  endfacet
  facet normal 1 0 0
    outer loop
      vertex 1.4 -17.775 21.2705
      vertex 1.4 -25 26
      vertex 1.4 -18.8137 20.5765
    endloop
  endfacet
  facet normal 1 0 0
    outer loop
      vertex 1.4 -16.6546 21.823
      vertex 1.4 -25 26
      vertex 1.4 -17.775 21.2705
    endloop
  endfacet
  facet normal 1 0 0
    outer loop
      vertex 1.4 -15.4717 22.2246
      vertex 1.4 -25 26
      vertex 1.4 -16.6546 21.823
    endloop
  endfacet
  facet normal 1 0 0
    outer loop
      vertex 1.4 -14.2465 22.4683
      vertex 1.4 -25 26
      vertex 1.4 -15.4717 22.2246
    endloop
  endfacet
  facet normal 1 0 0
    outer loop
      vertex 1.4 -13 22.55
      vertex 1.4 -25 26
      vertex 1.4 -14.2465 22.4683
    endloop
  endfacet
  facet normal 1 -0 0
    outer loop
      vertex 1.4 22.4683 11.7535
      vertex 1.4 25 0
      vertex 1.4 22.55 13
    endloop
  endfacet
  facet normal 1 -0 0
    outer loop
      vertex 1.4 22.2246 10.5283
      vertex 1.4 25 0
      vertex 1.4 22.4683 11.7535
    endloop
  endfacet
  facet normal 1 -0 0
    outer loop
      vertex 1.4 21.823 9.34537
      vertex 1.4 25 0
      vertex 1.4 22.2246 10.5283
    endloop
  endfacet
  facet normal 1 -0 0
    outer loop
      vertex 1.4 21.2705 8.225
      vertex 1.4 25 0
      vertex 1.4 21.823 9.34537
    endloop
  endfacet
  facet normal 1 -0 0
    outer loop
      vertex 1.4 20.5765 7.18633
      vertex 1.4 25 0
      vertex 1.4 21.2705 8.225
    endloop
  endfacet
  facet normal 1 -0 0
    outer loop
      vertex 1.4 19.7529 6.24713
      vertex 1.4 25 0
      vertex 1.4 20.5765 7.18633
    endloop
  endfacet
  facet normal 1 -0 0
    outer loop
      vertex 1.4 18.8137 5.42348
      vertex 1.4 25 0
      vertex 1.4 19.7529 6.24713
    endloop
  endfacet
  facet normal 1 -0 0
    outer loop
      vertex 1.4 17.775 4.72946
      vertex 1.4 25 0
      vertex 1.4 18.8137 5.42348
    endloop
  endfacet
  facet normal 1 -0 0
    outer loop
      vertex 1.4 16.6546 4.17695
      vertex 1.4 25 0
      vertex 1.4 17.775 4.72946
    endloop
  endfacet
  facet normal 1 -0 0
    outer loop
      vertex 1.4 15.4717 3.77541
      vertex 1.4 25 0
      vertex 1.4 16.6546 4.17695
    endloop
  endfacet
  facet normal 1 -0 0
    outer loop
      vertex 1.4 14.2465 3.5317
      vertex 1.4 25 0
      vertex 1.4 15.4717 3.77541
    endloop
  endfacet
  facet normal 1 0 0
    outer loop
      vertex 1.4 8 0
      vertex 1.4 14.2465 3.5317
      vertex 1.4 13 3.45
    endloop
  endfacet
  facet normal 1 0 0
    outer loop
      vertex 1.4 8 0
      vertex 1.4 13 3.45
      vertex 1.4 11.7535 3.5317
    endloop
  endfacet
  facet normal 1 0 0
    outer loop
      vertex 1.4 8 0
      vertex 1.4 11.7535 3.5317
      vertex 1.4 10.5283 3.77541
    endloop
  endfacet
  facet normal 1 0 0
    outer loop
      vertex 1.4 14.2465 3.5317
      vertex 1.4 8 0
      vertex 1.4 25 0
    endloop
  endfacet
  facet normal 1 0 0
    outer loop
      vertex 1.4 9.34537 4.17695
      vertex 1.4 8 0
      vertex 1.4 10.5283 3.77541
    endloop
  endfacet
  facet normal 1 0 0
    outer loop
      vertex 1.4 8.225 4.72946
      vertex 1.4 8 0
      vertex 1.4 9.34537 4.17695
    endloop
  endfacet
  facet normal 1 0 0
    outer loop
      vertex 1.4 7.18633 5.42348
      vertex 1.4 8 0
      vertex 1.4 8.225 4.72946
    endloop
  endfacet
  facet normal 1 0 0
    outer loop
      vertex 1.4 6.24713 6.24713
      vertex 1.4 8 0
      vertex 1.4 7.18633 5.42348
    endloop
  endfacet
  facet normal 1 0 0
    outer loop
      vertex 1.4 -6.24713 6.24713
      vertex 1.4 6.24713 6.24713
      vertex 1.4 5.42348 7.18633
    endloop
  endfacet
  facet normal 1 0 0
    outer loop
      vertex 1.4 -5.42348 7.18633
      vertex 1.4 5.42348 7.18633
      vertex 1.4 4.72946 8.225
    endloop
  endfacet
  facet normal 1 0 0
    outer loop
      vertex 1.4 -4.72946 8.225
      vertex 1.4 4.72946 8.225
      vertex 1.4 4.17695 9.34537
    endloop
  endfacet
  facet normal 1 -0 0
    outer loop
      vertex 1.4 -3.45 13
      vertex 1.4 3.5317 11.7535
      vertex 1.4 3.45 13
    endloop
  endfacet
  facet normal 1 0 0
    outer loop
      vertex 1.4 -3.5317 11.7535
      vertex 1.4 3.5317 11.7535
      vertex 1.4 -3.45 13
    endloop
  endfacet
  facet normal 1 0 0
    outer loop
      vertex 1.4 3.5317 11.7535
      vertex 1.4 -3.5317 11.7535
      vertex 1.4 3.77541 10.5283
    endloop
  endfacet
  facet normal 1 0 0
    outer loop
      vertex 1.4 -3.77541 10.5283
      vertex 1.4 3.77541 10.5283
      vertex 1.4 -3.5317 11.7535
    endloop
  endfacet
  facet normal 1 0 0
    outer loop
      vertex 1.4 3.77541 10.5283
      vertex 1.4 -3.77541 10.5283
      vertex 1.4 4.17695 9.34537
    endloop
  endfacet
  facet normal 1 0 0
    outer loop
      vertex 1.4 -4.17695 9.34537
      vertex 1.4 4.17695 9.34537
      vertex 1.4 -3.77541 10.5283
    endloop
  endfacet
  facet normal 1 0 0
    outer loop
      vertex 1.4 -4.72946 8.225
      vertex 1.4 4.17695 9.34537
      vertex 1.4 -4.17695 9.34537
    endloop
  endfacet
  facet normal 1 0 0
    outer loop
      vertex 1.4 4.72946 8.225
      vertex 1.4 -4.72946 8.225
      vertex 1.4 -5.42348 7.18633
    endloop
  endfacet
  facet normal 1 0 0
    outer loop
      vertex 1.4 -6.24713 6.24713
      vertex 1.4 5.42348 7.18633
      vertex 1.4 -5.42348 7.18633
    endloop
  endfacet
  facet normal 1 0 0
    outer loop
      vertex 1.4 6.24713 6.24713
      vertex 1.4 -6.24713 6.24713
      vertex 1.4 8 0
    endloop
  endfacet
  facet normal 1 0 0
    outer loop
      vertex 1.4 -8 0
      vertex 1.4 -6.24713 6.24713
      vertex 1.4 -7.18633 5.42348
    endloop
  endfacet
  facet normal 1 0 0
    outer loop
      vertex 1.4 -6.24713 6.24713
      vertex 1.4 -8 0
      vertex 1.4 8 0
    endloop
  endfacet
  facet normal 1 -0 0
    outer loop
      vertex 1.4 -8.225 4.72946
      vertex 1.4 -8 0
      vertex 1.4 -7.18633 5.42348
    endloop
  endfacet
  facet normal 1 -0 0
    outer loop
      vertex 1.4 -9.34537 4.17695
      vertex 1.4 -8 0
      vertex 1.4 -8.225 4.72946
    endloop
  endfacet
  facet normal 1 -0 0
    outer loop
      vertex 1.4 -10.5283 3.77541
      vertex 1.4 -8 0
      vertex 1.4 -9.34537 4.17695
    endloop
  endfacet
  facet normal 1 -0 0
    outer loop
      vertex 1.4 -11.7535 3.5317
      vertex 1.4 -8 0
      vertex 1.4 -10.5283 3.77541
    endloop
  endfacet
  facet normal 1 -0 0
    outer loop
      vertex 1.4 -13 3.45
      vertex 1.4 -8 0
      vertex 1.4 -11.7535 3.5317
    endloop
  endfacet
  facet normal 1 0 0
    outer loop
      vertex 1.4 -14.2465 3.5317
      vertex 1.4 -8 0
      vertex 1.4 -13 3.45
    endloop
  endfacet
  facet normal 1 0 0
    outer loop
      vertex 1.4 -25 0
      vertex 1.4 -14.2465 3.5317
      vertex 1.4 -15.4717 3.77541
    endloop
  endfacet
  facet normal 1 0 0
    outer loop
      vertex 1.4 -25 0
      vertex 1.4 -15.4717 3.77541
      vertex 1.4 -16.6546 4.17695
    endloop
  endfacet
  facet normal 1 0 0
    outer loop
      vertex 1.4 -25 0
      vertex 1.4 -22.55 13
      vertex 1.4 -25 26
    endloop
  endfacet
  facet normal 1 0 0
    outer loop
      vertex 1.4 -14.2465 3.5317
      vertex 1.4 -25 0
      vertex 1.4 -8 0
    endloop
  endfacet
  facet normal 1 0 0
    outer loop
      vertex 1.4 -17.775 4.72946
      vertex 1.4 -25 0
      vertex 1.4 -16.6546 4.17695
    endloop
  endfacet
  facet normal 1 0 0
    outer loop
      vertex 1.4 -18.8137 5.42348
      vertex 1.4 -25 0
      vertex 1.4 -17.775 4.72946
    endloop
  endfacet
  facet normal 1 0 0
    outer loop
      vertex 1.4 -19.7529 6.24713
      vertex 1.4 -25 0
      vertex 1.4 -18.8137 5.42348
    endloop
  endfacet
  facet normal 1 0 0
    outer loop
      vertex 1.4 -20.5765 7.18633
      vertex 1.4 -25 0
      vertex 1.4 -19.7529 6.24713
    endloop
  endfacet
  facet normal 1 0 0
    outer loop
      vertex 1.4 -21.2705 8.225
      vertex 1.4 -25 0
      vertex 1.4 -20.5765 7.18633
    endloop
  endfacet
  facet normal 1 0 0
    outer loop
      vertex 1.4 -21.823 9.34537
      vertex 1.4 -25 0
      vertex 1.4 -21.2705 8.225
    endloop
  endfacet
  facet normal 1 0 0
    outer loop
      vertex 1.4 -22.2246 10.5283
      vertex 1.4 -25 0
      vertex 1.4 -21.823 9.34537
    endloop
  endfacet
  facet normal 1 0 0
    outer loop
      vertex 1.4 -22.4683 11.7535
      vertex 1.4 -25 0
      vertex 1.4 -22.2246 10.5283
    endloop
  endfacet
  facet normal 1 0 0
    outer loop
      vertex 1.4 -22.55 13
      vertex 1.4 -25 0
      vertex 1.4 -22.4683 11.7535
    endloop
  endfacet
  facet normal 0 1 -0
    outer loop
      vertex 1.4 25 0
      vertex -1.4 25 26
      vertex 1.4 25 26
    endloop
  endfacet
  facet normal 0 1 0
    outer loop
      vertex -1.4 25 26
      vertex 1.4 25 0
      vertex -1.4 25 0
    endloop
  endfacet
  facet normal 0 -1 0
    outer loop
      vertex -1.4 -25 0
      vertex 1.4 -25 26
      vertex -1.4 -25 26
    endloop
  endfacet
  facet normal 0 -1 -0
    outer loop
      vertex 1.4 -25 26
      vertex -1.4 -25 0
      vertex 1.4 -25 0
    endloop
  endfacet
  facet normal 0 -0.0653983 0.997859
    outer loop
      vertex -1.4 -11.9362 4.91972
      vertex 8 -13 4.85
      vertex 8 -11.9362 4.91972
    endloop
  endfacet
  facet normal 0 -0.0653983 0.997859
    outer loop
      vertex 8 -13 4.85
      vertex -1.4 -11.9362 4.91972
      vertex -1.4 -13 4.85
    endloop
  endfacet
  facet normal 0 -0.0653797 -0.99786
    outer loop
      vertex -1.4 -13 21.15
      vertex 8 -11.9362 21.0803
      vertex 8 -13 21.15
    endloop
  endfacet
  facet normal -0 -0.0653797 -0.99786
    outer loop
      vertex 8 -11.9362 21.0803
      vertex -1.4 -13 21.15
      vertex -1.4 -11.9362 21.0803
    endloop
  endfacet
  facet normal 0 -0.997859 -0.0653983
    outer loop
      vertex -1.4 -4.85 13
      vertex 8 -4.91972 14.0638
      vertex -1.4 -4.91972 14.0638
    endloop
  endfacet
  facet normal 0 -0.997859 -0.0653983
    outer loop
      vertex 8 -4.91972 14.0638
      vertex -1.4 -4.85 13
      vertex 8 -4.85 13
    endloop
  endfacet
  facet normal 0 0.99786 0.0653797
    outer loop
      vertex 8 -21.0803 11.9362
      vertex -1.4 -21.15 13
      vertex 8 -21.15 13
    endloop
  endfacet
  facet normal 0 0.99786 0.0653797
    outer loop
      vertex -1.4 -21.15 13
      vertex 8 -21.0803 11.9362
      vertex -1.4 -21.0803 11.9362
    endloop
  endfacet
  facet normal 0 -0.659343 -0.751842
    outer loop
      vertex -1.4 -8.03859 19.4658
      vertex 8 -7.23708 18.7629
      vertex 8 -8.03859 19.4658
    endloop
  endfacet
  facet normal -0 -0.659343 -0.751842
    outer loop
      vertex 8 -7.23708 18.7629
      vertex -1.4 -8.03859 19.4658
      vertex -1.4 -7.23708 18.7629
    endloop
  endfacet
  facet normal 0 -0.896868 -0.442299
    outer loop
      vertex -1.4 -5.47038 16.1189
      vertex 8 -5.94189 17.075
      vertex -1.4 -5.94189 17.075
    endloop
  endfacet
  facet normal 0 -0.896868 -0.442299
    outer loop
      vertex 8 -5.94189 17.075
      vertex -1.4 -5.47038 16.1189
      vertex 8 -5.47038 16.1189
    endloop
  endfacet
  facet normal -0 0.555574 0.831467
    outer loop
      vertex -1.4 -17.075 5.94189
      vertex 8 -17.9614 6.53417
      vertex 8 -17.075 5.94189
    endloop
  endfacet
  facet normal 0 0.555574 0.831467
    outer loop
      vertex 8 -17.9614 6.53417
      vertex -1.4 -17.075 5.94189
      vertex -1.4 -17.9614 6.53417
    endloop
  endfacet
  facet normal 0 -0.195088 0.980786
    outer loop
      vertex -1.4 -10.8906 5.1277
      vertex 8 -11.9362 4.91972
      vertex 8 -10.8906 5.1277
    endloop
  endfacet
  facet normal 0 -0.195088 0.980786
    outer loop
      vertex 8 -11.9362 4.91972
      vertex -1.4 -10.8906 5.1277
      vertex -1.4 -11.9362 4.91972
    endloop
  endfacet
  facet normal 0 -0.946927 0.321449
    outer loop
      vertex -0.799999 -5.47038 9.88113
      vertex 8 -5.1277 10.8906
      vertex -0.799999 -5.1277 10.8906
    endloop
  endfacet
  facet normal 0 -0.946927 0.321449
    outer loop
      vertex 8 -5.1277 10.8906
      vertex -0.799999 -5.47038 9.88113
      vertex 8 -5.47038 9.88113
    endloop
  endfacet
  facet normal 0 -0.980786 0.195088
    outer loop
      vertex -0.799999 -5.1277 10.8906
      vertex 8 -4.91972 11.9362
      vertex -0.799999 -4.91972 11.9362
    endloop
  endfacet
  facet normal 0 -0.980786 0.195088
    outer loop
      vertex 8 -4.91972 11.9362
      vertex -0.799999 -5.1277 10.8906
      vertex 8 -5.1277 10.8906
    endloop
  endfacet
  facet normal 0 -0.831472 0.555566
    outer loop
      vertex -1.4 -6 8.83804
      vertex -1.4 -6.53417 8.03859
      vertex -0.799999 -6 8.83804
    endloop
  endfacet
  facet normal 0 -0.831447 0.555605
    outer loop
      vertex -0.799999 -6 8.83804
      vertex 8 -5.94189 8.925
      vertex -0.799999 -5.94189 8.925
    endloop
  endfacet
  facet normal 0 -0.831472 0.555566
    outer loop
      vertex 8 -6.53417 8.03859
      vertex -0.799999 -6 8.83804
      vertex -1.4 -6.53417 8.03859
    endloop
  endfacet
  facet normal 4.92066e-07 -0.83147 0.55557
    outer loop
      vertex -0.799999 -6 8.83804
      vertex 8 -6.53417 8.03859
      vertex 8 -5.94189 8.925
    endloop
  endfacet
  facet normal 0 -0.321466 -0.946921
    outer loop
      vertex -1.4 -10.8906 20.8723
      vertex 8 -9.88113 20.5296
      vertex 8 -10.8906 20.8723
    endloop
  endfacet
  facet normal -0 -0.321466 -0.946921
    outer loop
      vertex 8 -9.88113 20.5296
      vertex -1.4 -10.8906 20.8723
      vertex -1.4 -9.88113 20.5296
    endloop
  endfacet
  facet normal 0 -0.555583 -0.831461
    outer loop
      vertex -1.4 -8.925 20.0581
      vertex 8 -8.03859 19.4658
      vertex 8 -8.925 20.0581
    endloop
  endfacet
  facet normal -0 -0.555583 -0.831461
    outer loop
      vertex 8 -8.03859 19.4658
      vertex -1.4 -8.925 20.0581
      vertex -1.4 -8.03859 19.4658
    endloop
  endfacet
  facet normal 0 -0.195106 -0.980782
    outer loop
      vertex -1.4 -11.9362 21.0803
      vertex 8 -10.8906 20.8723
      vertex 8 -11.9362 21.0803
    endloop
  endfacet
  facet normal -0 -0.195106 -0.980782
    outer loop
      vertex 8 -10.8906 20.8723
      vertex -1.4 -11.9362 21.0803
      vertex -1.4 -10.8906 20.8723
    endloop
  endfacet
  facet normal 0 -0.980786 -0.195088
    outer loop
      vertex -1.4 -4.91972 14.0638
      vertex 8 -5.1277 15.1094
      vertex -1.4 -5.1277 15.1094
    endloop
  endfacet
  facet normal 0 -0.980786 -0.195088
    outer loop
      vertex 8 -5.1277 15.1094
      vertex -1.4 -4.91972 14.0638
      vertex 8 -4.91972 14.0638
    endloop
  endfacet
  facet normal -0 0.195088 0.980786
    outer loop
      vertex -1.4 -14.0638 4.91972
      vertex 8 -15.1094 5.1277
      vertex 8 -14.0638 4.91972
    endloop
  endfacet
  facet normal 0 0.195088 0.980786
    outer loop
      vertex 8 -15.1094 5.1277
      vertex -1.4 -14.0638 4.91972
      vertex -1.4 -15.1094 5.1277
    endloop
  endfacet
  facet normal 0 0.980782 0.195106
    outer loop
      vertex 8 -20.8723 10.8906
      vertex -1.4 -21.0803 11.9362
      vertex 8 -21.0803 11.9362
    endloop
  endfacet
  facet normal 0 0.980782 0.195106
    outer loop
      vertex -1.4 -21.0803 11.9362
      vertex 8 -20.8723 10.8906
      vertex -1.4 -20.8723 10.8906
    endloop
  endfacet
  facet normal 0 -0.321449 0.946927
    outer loop
      vertex -1.4 -9.88113 5.47038
      vertex 8 -10.8906 5.1277
      vertex 8 -9.88113 5.47038
    endloop
  endfacet
  facet normal 0 -0.321449 0.946927
    outer loop
      vertex 8 -10.8906 5.1277
      vertex -1.4 -9.88113 5.47038
      vertex -1.4 -10.8906 5.1277
    endloop
  endfacet
  facet normal 0 -0.751838 0.659348
    outer loop
      vertex -1.4 -7.23708 7.23708
      vertex 8 -6.53417 8.03859
      vertex -1.4 -6.53417 8.03859
    endloop
  endfacet
  facet normal 0 -0.751838 0.659348
    outer loop
      vertex 8 -6.53417 8.03859
      vertex -1.4 -7.23708 7.23708
      vertex 8 -7.23708 7.23708
    endloop
  endfacet
  facet normal 0 -0.55557 0.83147
    outer loop
      vertex -1.4 -8.03859 6.53417
      vertex 8 -8.925 5.94189
      vertex 8 -8.03859 6.53417
    endloop
  endfacet
  facet normal 0 -0.55557 0.83147
    outer loop
      vertex 8 -8.925 5.94189
      vertex -1.4 -8.03859 6.53417
      vertex -1.4 -8.925 5.94189
    endloop
  endfacet
  facet normal 0 -0.997859 0.0653997
    outer loop
      vertex -0.799999 -4.91554 12
      vertex -1.4 -4.85 13
      vertex -1.4 -4.91554 12
    endloop
  endfacet
  facet normal 0 -0.997859 0.0653997
    outer loop
      vertex -1.4 -4.85 13
      vertex -0.799999 -4.91554 12
      vertex 8 -4.85 13
    endloop
  endfacet
  facet normal 0 -0.997861 0.0653771
    outer loop
      vertex 8 -4.91972 11.9362
      vertex -0.799999 -4.91554 12
      vertex -0.799999 -4.91972 11.9362
    endloop
  endfacet
  facet normal 1.54772e-07 -0.997859 0.0653983
    outer loop
      vertex -0.799999 -4.91554 12
      vertex 8 -4.91972 11.9362
      vertex 8 -4.85 13
    endloop
  endfacet
  facet normal 0 -0.896873 0.442288
    outer loop
      vertex -0.799999 -5.94189 8.925
      vertex 8 -5.47038 9.88113
      vertex -0.799999 -5.47038 9.88113
    endloop
  endfacet
  facet normal 0 -0.896873 0.442288
    outer loop
      vertex 8 -5.47038 9.88113
      vertex -0.799999 -5.94189 8.925
      vertex 8 -5.94189 8.925
    endloop
  endfacet
  facet normal 0 -0.44228 -0.896877
    outer loop
      vertex -1.4 -9.88113 20.5296
      vertex 8 -8.925 20.0581
      vertex 8 -9.88113 20.5296
    endloop
  endfacet
  facet normal -0 -0.44228 -0.896877
    outer loop
      vertex 8 -8.925 20.0581
      vertex -1.4 -9.88113 20.5296
      vertex -1.4 -8.925 20.0581
    endloop
  endfacet
  facet normal 0 -0.831467 -0.555574
    outer loop
      vertex -1.4 -5.94189 17.075
      vertex 8 -6.53417 17.9614
      vertex -1.4 -6.53417 17.9614
    endloop
  endfacet
  facet normal 0 -0.831467 -0.555574
    outer loop
      vertex 8 -6.53417 17.9614
      vertex -1.4 -5.94189 17.075
      vertex 8 -5.94189 17.075
    endloop
  endfacet
  facet normal 0 -0.751834 -0.659353
    outer loop
      vertex -1.4 -6.53417 17.9614
      vertex 8 -7.23708 18.7629
      vertex -1.4 -7.23708 18.7629
    endloop
  endfacet
  facet normal 0 -0.751834 -0.659353
    outer loop
      vertex 8 -7.23708 18.7629
      vertex -1.4 -6.53417 17.9614
      vertex 8 -6.53417 17.9614
    endloop
  endfacet
  facet normal 0 -0.94693 -0.32144
    outer loop
      vertex -1.4 -5.1277 15.1094
      vertex 8 -5.47038 16.1189
      vertex -1.4 -5.47038 16.1189
    endloop
  endfacet
  facet normal 0 -0.94693 -0.32144
    outer loop
      vertex 8 -5.47038 16.1189
      vertex -1.4 -5.1277 15.1094
      vertex 8 -5.1277 15.1094
    endloop
  endfacet
  facet normal -0 0.0653983 0.997859
    outer loop
      vertex -1.4 -13 4.85
      vertex 8 -14.0638 4.91972
      vertex 8 -13 4.85
    endloop
  endfacet
  facet normal 0 0.0653983 0.997859
    outer loop
      vertex 8 -14.0638 4.91972
      vertex -1.4 -13 4.85
      vertex -1.4 -14.0638 4.91972
    endloop
  endfacet
  facet normal -0 0.659353 0.751834
    outer loop
      vertex -1.4 -17.9614 6.53417
      vertex 8 -18.7629 7.23708
      vertex 8 -17.9614 6.53417
    endloop
  endfacet
  facet normal 0 0.659353 0.751834
    outer loop
      vertex 8 -18.7629 7.23708
      vertex -1.4 -17.9614 6.53417
      vertex -1.4 -18.7629 7.23708
    endloop
  endfacet
  facet normal 0 0.321457 -0.946924
    outer loop
      vertex -1.4 -16.1189 20.5296
      vertex 8 -15.1094 20.8723
      vertex 8 -16.1189 20.5296
    endloop
  endfacet
  facet normal 0 0.321457 -0.946924
    outer loop
      vertex 8 -15.1094 20.8723
      vertex -1.4 -16.1189 20.5296
      vertex -1.4 -15.1094 20.8723
    endloop
  endfacet
  facet normal 0 -0.442288 0.896873
    outer loop
      vertex -1.4 -8.925 5.94189
      vertex 8 -9.88113 5.47038
      vertex 8 -8.925 5.94189
    endloop
  endfacet
  facet normal 0 -0.442288 0.896873
    outer loop
      vertex 8 -9.88113 5.47038
      vertex -1.4 -8.925 5.94189
      vertex -1.4 -9.88113 5.47038
    endloop
  endfacet
  facet normal 0 -0.659348 0.751838
    outer loop
      vertex -1.4 -7.23708 7.23708
      vertex 8 -8.03859 6.53417
      vertex 8 -7.23708 7.23708
    endloop
  endfacet
  facet normal 0 -0.659348 0.751838
    outer loop
      vertex 8 -8.03859 6.53417
      vertex -1.4 -7.23708 7.23708
      vertex -1.4 -8.03859 6.53417
    endloop
  endfacet
  facet normal -0 0.442299 0.896868
    outer loop
      vertex -1.4 -16.1189 5.47038
      vertex 8 -17.075 5.94189
      vertex 8 -16.1189 5.47038
    endloop
  endfacet
  facet normal 0 0.442299 0.896868
    outer loop
      vertex 8 -17.075 5.94189
      vertex -1.4 -16.1189 5.47038
      vertex -1.4 -17.075 5.94189
    endloop
  endfacet
  facet normal 0 0.751838 -0.659348
    outer loop
      vertex 8 -19.4658 17.9614
      vertex -1.4 -18.7629 18.7629
      vertex 8 -18.7629 18.7629
    endloop
  endfacet
  facet normal 0 0.751838 -0.659348
    outer loop
      vertex -1.4 -18.7629 18.7629
      vertex 8 -19.4658 17.9614
      vertex -1.4 -19.4658 17.9614
    endloop
  endfacet
  facet normal 0 0.555587 -0.831458
    outer loop
      vertex -1.4 -17.9614 19.4658
      vertex 8 -17.075 20.0581
      vertex 8 -17.9614 19.4658
    endloop
  endfacet
  facet normal 0 0.555587 -0.831458
    outer loop
      vertex 8 -17.075 20.0581
      vertex -1.4 -17.9614 19.4658
      vertex -1.4 -17.075 20.0581
    endloop
  endfacet
  facet normal 0 0.896877 0.44228
    outer loop
      vertex 8 -20.0581 8.925
      vertex -1.4 -20.5296 9.88113
      vertex 8 -20.5296 9.88113
    endloop
  endfacet
  facet normal 0 0.896877 0.44228
    outer loop
      vertex -1.4 -20.5296 9.88113
      vertex 8 -20.0581 8.925
      vertex -1.4 -20.0581 8.925
    endloop
  endfacet
  facet normal 0 0.946921 0.321466
    outer loop
      vertex 8 -20.5296 9.88113
      vertex -1.4 -20.8723 10.8906
      vertex 8 -20.8723 10.8906
    endloop
  endfacet
  facet normal 0 0.946921 0.321466
    outer loop
      vertex -1.4 -20.8723 10.8906
      vertex 8 -20.5296 9.88113
      vertex -1.4 -20.5296 9.88113
    endloop
  endfacet
  facet normal 0 0.751842 0.659343
    outer loop
      vertex 8 -18.7629 7.23708
      vertex -1.4 -19.4658 8.03859
      vertex 8 -19.4658 8.03859
    endloop
  endfacet
  facet normal 0 0.751842 0.659343
    outer loop
      vertex -1.4 -19.4658 8.03859
      vertex 8 -18.7629 7.23708
      vertex -1.4 -18.7629 7.23708
    endloop
  endfacet
  facet normal 0 0.831461 0.555583
    outer loop
      vertex 8 -19.4658 8.03859
      vertex -1.4 -20.0581 8.925
      vertex 8 -20.0581 8.925
    endloop
  endfacet
  facet normal 0 0.831461 0.555583
    outer loop
      vertex -1.4 -20.0581 8.925
      vertex 8 -19.4658 8.03859
      vertex -1.4 -19.4658 8.03859
    endloop
  endfacet
  facet normal -0 0.32144 0.94693
    outer loop
      vertex -1.4 -15.1094 5.1277
      vertex 8 -16.1189 5.47038
      vertex 8 -15.1094 5.1277
    endloop
  endfacet
  facet normal 0 0.32144 0.94693
    outer loop
      vertex 8 -16.1189 5.47038
      vertex -1.4 -15.1094 5.1277
      vertex -1.4 -16.1189 5.47038
    endloop
  endfacet
  facet normal 0 0.99786 -0.0653797
    outer loop
      vertex 8 -21.15 13
      vertex -1.4 -21.0803 14.0638
      vertex 8 -21.0803 14.0638
    endloop
  endfacet
  facet normal 0 0.99786 -0.0653797
    outer loop
      vertex -1.4 -21.0803 14.0638
      vertex 8 -21.15 13
      vertex -1.4 -21.15 13
    endloop
  endfacet
  facet normal 0 0.980782 -0.195106
    outer loop
      vertex 8 -21.0803 14.0638
      vertex -1.4 -20.8723 15.1094
      vertex 8 -20.8723 15.1094
    endloop
  endfacet
  facet normal 0 0.980782 -0.195106
    outer loop
      vertex -1.4 -20.8723 15.1094
      vertex 8 -21.0803 14.0638
      vertex -1.4 -21.0803 14.0638
    endloop
  endfacet
  facet normal 0 0.946924 -0.321457
    outer loop
      vertex 8 -20.8723 15.1094
      vertex -1.4 -20.5296 16.1189
      vertex 8 -20.5296 16.1189
    endloop
  endfacet
  facet normal 0 0.946924 -0.321457
    outer loop
      vertex -1.4 -20.5296 16.1189
      vertex 8 -20.8723 15.1094
      vertex -1.4 -20.8723 15.1094
    endloop
  endfacet
  facet normal 0 0.659348 -0.751838
    outer loop
      vertex -1.4 -18.7629 18.7629
      vertex 8 -17.9614 19.4658
      vertex 8 -18.7629 18.7629
    endloop
  endfacet
  facet normal 0 0.659348 -0.751838
    outer loop
      vertex 8 -17.9614 19.4658
      vertex -1.4 -18.7629 18.7629
      vertex -1.4 -17.9614 19.4658
    endloop
  endfacet
  facet normal 0 0.442291 -0.896871
    outer loop
      vertex -1.4 -17.075 20.0581
      vertex 8 -16.1189 20.5296
      vertex 8 -17.075 20.0581
    endloop
  endfacet
  facet normal 0 0.442291 -0.896871
    outer loop
      vertex 8 -16.1189 20.5296
      vertex -1.4 -17.075 20.0581
      vertex -1.4 -16.1189 20.5296
    endloop
  endfacet
  facet normal 0 0.195106 -0.980782
    outer loop
      vertex -1.4 -15.1094 20.8723
      vertex 8 -14.0638 21.0803
      vertex 8 -15.1094 20.8723
    endloop
  endfacet
  facet normal 0 0.195106 -0.980782
    outer loop
      vertex 8 -14.0638 21.0803
      vertex -1.4 -15.1094 20.8723
      vertex -1.4 -14.0638 21.0803
    endloop
  endfacet
  facet normal 0 0.0653797 -0.99786
    outer loop
      vertex -1.4 -14.0638 21.0803
      vertex 8 -13 21.15
      vertex 8 -14.0638 21.0803
    endloop
  endfacet
  facet normal 0 0.0653797 -0.99786
    outer loop
      vertex 8 -13 21.15
      vertex -1.4 -14.0638 21.0803
      vertex -1.4 -13 21.15
    endloop
  endfacet
  facet normal 0 0.831458 -0.555587
    outer loop
      vertex 8 -20.0581 17.075
      vertex -1.4 -19.4658 17.9614
      vertex 8 -19.4658 17.9614
    endloop
  endfacet
  facet normal 0 0.831458 -0.555587
    outer loop
      vertex -1.4 -19.4658 17.9614
      vertex 8 -20.0581 17.075
      vertex -1.4 -20.0581 17.075
    endloop
  endfacet
  facet normal 0 0.896871 -0.442291
    outer loop
      vertex 8 -20.5296 16.1189
      vertex -1.4 -20.0581 17.075
      vertex 8 -20.0581 17.075
    endloop
  endfacet
  facet normal 0 0.896871 -0.442291
    outer loop
      vertex -1.4 -20.0581 17.075
      vertex 8 -20.5296 16.1189
      vertex -1.4 -20.5296 16.1189
    endloop
  endfacet
  facet normal 0 -0.0653983 0.997859
    outer loop
      vertex -1.4 14.0638 4.91972
      vertex 8 13 4.85
      vertex 8 14.0638 4.91972
    endloop
  endfacet
  facet normal 0 -0.0653983 0.997859
    outer loop
      vertex 8 13 4.85
      vertex -1.4 14.0638 4.91972
      vertex -1.4 13 4.85
    endloop
  endfacet
  facet normal 0 0.0653797 -0.99786
    outer loop
      vertex -1.4 11.9362 21.0803
      vertex 8 13 21.15
      vertex 8 11.9362 21.0803
    endloop
  endfacet
  facet normal 0 0.0653797 -0.99786
    outer loop
      vertex 8 13 21.15
      vertex -1.4 11.9362 21.0803
      vertex -1.4 13 21.15
    endloop
  endfacet
  facet normal 0 -0.99786 -0.0653797
    outer loop
      vertex -1.4 21.15 13
      vertex 8 21.0803 14.0638
      vertex -1.4 21.0803 14.0638
    endloop
  endfacet
  facet normal 0 -0.99786 -0.0653797
    outer loop
      vertex 8 21.0803 14.0638
      vertex -1.4 21.15 13
      vertex 8 21.15 13
    endloop
  endfacet
  facet normal 0 0.997859 0.0653997
    outer loop
      vertex 8 4.85 13
      vertex -0.799999 4.91554 12
      vertex -1.4 4.85 13
    endloop
  endfacet
  facet normal 1.54772e-07 0.997859 0.0653983
    outer loop
      vertex 8 4.91972 11.9362
      vertex -0.799999 4.91554 12
      vertex 8 4.85 13
    endloop
  endfacet
  facet normal 0 0.997861 0.0653771
    outer loop
      vertex -0.799999 4.91554 12
      vertex 8 4.91972 11.9362
      vertex -0.799999 4.91972 11.9362
    endloop
  endfacet
  facet normal 0 0.997859 0.0653997
    outer loop
      vertex -1.4 4.85 13
      vertex -0.799999 4.91554 12
      vertex -1.4 4.91554 12
    endloop
  endfacet
  facet normal 0 0.751834 -0.659353
    outer loop
      vertex 8 6.53417 17.9614
      vertex -1.4 7.23708 18.7629
      vertex 8 7.23708 18.7629
    endloop
  endfacet
  facet normal 0 0.751834 -0.659353
    outer loop
      vertex -1.4 7.23708 18.7629
      vertex 8 6.53417 17.9614
      vertex -1.4 6.53417 17.9614
    endloop
  endfacet
  facet normal 0 -0.659348 -0.751838
    outer loop
      vertex -1.4 17.9614 19.4658
      vertex 8 18.7629 18.7629
      vertex 8 17.9614 19.4658
    endloop
  endfacet
  facet normal -0 -0.659348 -0.751838
    outer loop
      vertex 8 18.7629 18.7629
      vertex -1.4 17.9614 19.4658
      vertex -1.4 18.7629 18.7629
    endloop
  endfacet
  facet normal 0 -0.896871 -0.442291
    outer loop
      vertex -1.4 20.5296 16.1189
      vertex 8 20.0581 17.075
      vertex -1.4 20.0581 17.075
    endloop
  endfacet
  facet normal 0 -0.896871 -0.442291
    outer loop
      vertex 8 20.0581 17.075
      vertex -1.4 20.5296 16.1189
      vertex 8 20.5296 16.1189
    endloop
  endfacet
  facet normal 0 0.44228 -0.896877
    outer loop
      vertex -1.4 8.925 20.0581
      vertex 8 9.88113 20.5296
      vertex 8 8.925 20.0581
    endloop
  endfacet
  facet normal 0 0.44228 -0.896877
    outer loop
      vertex 8 9.88113 20.5296
      vertex -1.4 8.925 20.0581
      vertex -1.4 9.88113 20.5296
    endloop
  endfacet
  facet normal 0 -0.195088 0.980786
    outer loop
      vertex -1.4 15.1094 5.1277
      vertex 8 14.0638 4.91972
      vertex 8 15.1094 5.1277
    endloop
  endfacet
  facet normal 0 -0.195088 0.980786
    outer loop
      vertex 8 14.0638 4.91972
      vertex -1.4 15.1094 5.1277
      vertex -1.4 14.0638 4.91972
    endloop
  endfacet
  facet normal 0 -0.946921 0.321466
    outer loop
      vertex -1.4 20.5296 9.88113
      vertex 8 20.8723 10.8906
      vertex -1.4 20.8723 10.8906
    endloop
  endfacet
  facet normal 0 -0.946921 0.321466
    outer loop
      vertex 8 20.8723 10.8906
      vertex -1.4 20.5296 9.88113
      vertex 8 20.5296 9.88113
    endloop
  endfacet
  facet normal 0 -0.980782 0.195106
    outer loop
      vertex -1.4 20.8723 10.8906
      vertex 8 21.0803 11.9362
      vertex -1.4 21.0803 11.9362
    endloop
  endfacet
  facet normal 0 -0.980782 0.195106
    outer loop
      vertex 8 21.0803 11.9362
      vertex -1.4 20.8723 10.8906
      vertex 8 20.8723 10.8906
    endloop
  endfacet
  facet normal 0 -0.831461 0.555583
    outer loop
      vertex -1.4 19.4658 8.03859
      vertex 8 20.0581 8.925
      vertex -1.4 20.0581 8.925
    endloop
  endfacet
  facet normal 0 -0.831461 0.555583
    outer loop
      vertex 8 20.0581 8.925
      vertex -1.4 19.4658 8.03859
      vertex 8 19.4658 8.03859
    endloop
  endfacet
  facet normal 0 -0.321457 -0.946924
    outer loop
      vertex -1.4 15.1094 20.8723
      vertex 8 16.1189 20.5296
      vertex 8 15.1094 20.8723
    endloop
  endfacet
  facet normal -0 -0.321457 -0.946924
    outer loop
      vertex 8 16.1189 20.5296
      vertex -1.4 15.1094 20.8723
      vertex -1.4 16.1189 20.5296
    endloop
  endfacet
  facet normal 0 -0.555587 -0.831458
    outer loop
      vertex -1.4 17.075 20.0581
      vertex 8 17.9614 19.4658
      vertex 8 17.075 20.0581
    endloop
  endfacet
  facet normal -0 -0.555587 -0.831458
    outer loop
      vertex 8 17.9614 19.4658
      vertex -1.4 17.075 20.0581
      vertex -1.4 17.9614 19.4658
    endloop
  endfacet
  facet normal 0 -0.195106 -0.980782
    outer loop
      vertex -1.4 14.0638 21.0803
      vertex 8 15.1094 20.8723
      vertex 8 14.0638 21.0803
    endloop
  endfacet
  facet normal -0 -0.195106 -0.980782
    outer loop
      vertex 8 15.1094 20.8723
      vertex -1.4 14.0638 21.0803
      vertex -1.4 15.1094 20.8723
    endloop
  endfacet
  facet normal 0 -0.980782 -0.195106
    outer loop
      vertex -1.4 21.0803 14.0638
      vertex 8 20.8723 15.1094
      vertex -1.4 20.8723 15.1094
    endloop
  endfacet
  facet normal 0 -0.980782 -0.195106
    outer loop
      vertex 8 20.8723 15.1094
      vertex -1.4 21.0803 14.0638
      vertex 8 21.0803 14.0638
    endloop
  endfacet
  facet normal -0 0.321449 0.946927
    outer loop
      vertex -1.4 10.8906 5.1277
      vertex 8 9.88113 5.47038
      vertex 8 10.8906 5.1277
    endloop
  endfacet
  facet normal 0 0.321449 0.946927
    outer loop
      vertex 8 9.88113 5.47038
      vertex -1.4 10.8906 5.1277
      vertex -1.4 9.88113 5.47038
    endloop
  endfacet
  facet normal 0 0.980786 0.195088
    outer loop
      vertex 8 5.1277 10.8906
      vertex -0.799999 4.91972 11.9362
      vertex 8 4.91972 11.9362
    endloop
  endfacet
  facet normal 0 0.980786 0.195088
    outer loop
      vertex -0.799999 4.91972 11.9362
      vertex 8 5.1277 10.8906
      vertex -0.799999 5.1277 10.8906
    endloop
  endfacet
  facet normal -0 0.55557 0.83147
    outer loop
      vertex -1.4 8.925 5.94189
      vertex 8 8.03859 6.53417
      vertex 8 8.925 5.94189
    endloop
  endfacet
  facet normal 0 0.55557 0.83147
    outer loop
      vertex 8 8.03859 6.53417
      vertex -1.4 8.925 5.94189
      vertex -1.4 8.03859 6.53417
    endloop
  endfacet
  facet normal -0 0.195088 0.980786
    outer loop
      vertex -1.4 11.9362 4.91972
      vertex 8 10.8906 5.1277
      vertex 8 11.9362 4.91972
    endloop
  endfacet
  facet normal 0 0.195088 0.980786
    outer loop
      vertex 8 10.8906 5.1277
      vertex -1.4 11.9362 4.91972
      vertex -1.4 10.8906 5.1277
    endloop
  endfacet
  facet normal 0 0.94693 -0.32144
    outer loop
      vertex 8 5.1277 15.1094
      vertex -1.4 5.47038 16.1189
      vertex 8 5.47038 16.1189
    endloop
  endfacet
  facet normal 0 0.94693 -0.32144
    outer loop
      vertex -1.4 5.47038 16.1189
      vertex 8 5.1277 15.1094
      vertex -1.4 5.1277 15.1094
    endloop
  endfacet
  facet normal 0 0.831467 -0.555574
    outer loop
      vertex 8 5.94189 17.075
      vertex -1.4 6.53417 17.9614
      vertex 8 6.53417 17.9614
    endloop
  endfacet
  facet normal 0 0.831467 -0.555574
    outer loop
      vertex -1.4 6.53417 17.9614
      vertex 8 5.94189 17.075
      vertex -1.4 5.94189 17.075
    endloop
  endfacet
  facet normal 0 0.980786 -0.195088
    outer loop
      vertex 8 4.91972 14.0638
      vertex -1.4 5.1277 15.1094
      vertex 8 5.1277 15.1094
    endloop
  endfacet
  facet normal 0 0.980786 -0.195088
    outer loop
      vertex -1.4 5.1277 15.1094
      vertex 8 4.91972 14.0638
      vertex -1.4 4.91972 14.0638
    endloop
  endfacet
  facet normal 0 0.195106 -0.980782
    outer loop
      vertex -1.4 10.8906 20.8723
      vertex 8 11.9362 21.0803
      vertex 8 10.8906 20.8723
    endloop
  endfacet
  facet normal 0 0.195106 -0.980782
    outer loop
      vertex 8 11.9362 21.0803
      vertex -1.4 10.8906 20.8723
      vertex -1.4 11.9362 21.0803
    endloop
  endfacet
  facet normal 0 -0.32144 0.94693
    outer loop
      vertex -1.4 16.1189 5.47038
      vertex 8 15.1094 5.1277
      vertex 8 16.1189 5.47038
    endloop
  endfacet
  facet normal 0 -0.32144 0.94693
    outer loop
      vertex 8 15.1094 5.1277
      vertex -1.4 16.1189 5.47038
      vertex -1.4 15.1094 5.1277
    endloop
  endfacet
  facet normal 0 -0.751842 0.659343
    outer loop
      vertex -1.4 18.7629 7.23708
      vertex 8 19.4658 8.03859
      vertex -1.4 19.4658 8.03859
    endloop
  endfacet
  facet normal 0 -0.751842 0.659343
    outer loop
      vertex 8 19.4658 8.03859
      vertex -1.4 18.7629 7.23708
      vertex 8 18.7629 7.23708
    endloop
  endfacet
  facet normal 0 -0.555574 0.831467
    outer loop
      vertex -1.4 17.9614 6.53417
      vertex 8 17.075 5.94189
      vertex 8 17.9614 6.53417
    endloop
  endfacet
  facet normal 0 -0.555574 0.831467
    outer loop
      vertex 8 17.075 5.94189
      vertex -1.4 17.9614 6.53417
      vertex -1.4 17.075 5.94189
    endloop
  endfacet
  facet normal 0 -0.99786 0.0653797
    outer loop
      vertex -1.4 21.0803 11.9362
      vertex 8 21.15 13
      vertex -1.4 21.15 13
    endloop
  endfacet
  facet normal 0 -0.99786 0.0653797
    outer loop
      vertex 8 21.15 13
      vertex -1.4 21.0803 11.9362
      vertex 8 21.0803 11.9362
    endloop
  endfacet
  facet normal 0 -0.896877 0.44228
    outer loop
      vertex -1.4 20.0581 8.925
      vertex 8 20.5296 9.88113
      vertex -1.4 20.5296 9.88113
    endloop
  endfacet
  facet normal 0 -0.896877 0.44228
    outer loop
      vertex 8 20.5296 9.88113
      vertex -1.4 20.0581 8.925
      vertex 8 20.0581 8.925
    endloop
  endfacet
  facet normal 0 -0.442291 -0.896871
    outer loop
      vertex -1.4 16.1189 20.5296
      vertex 8 17.075 20.0581
      vertex 8 16.1189 20.5296
    endloop
  endfacet
  facet normal -0 -0.442291 -0.896871
    outer loop
      vertex 8 17.075 20.0581
      vertex -1.4 16.1189 20.5296
      vertex -1.4 17.075 20.0581
    endloop
  endfacet
  facet normal 0 -0.0653797 -0.99786
    outer loop
      vertex -1.4 13 21.15
      vertex 8 14.0638 21.0803
      vertex 8 13 21.15
    endloop
  endfacet
  facet normal -0 -0.0653797 -0.99786
    outer loop
      vertex 8 14.0638 21.0803
      vertex -1.4 13 21.15
      vertex -1.4 14.0638 21.0803
    endloop
  endfacet
  facet normal 0 -0.831458 -0.555587
    outer loop
      vertex -1.4 20.0581 17.075
      vertex 8 19.4658 17.9614
      vertex -1.4 19.4658 17.9614
    endloop
  endfacet
  facet normal 0 -0.831458 -0.555587
    outer loop
      vertex 8 19.4658 17.9614
      vertex -1.4 20.0581 17.075
      vertex 8 20.0581 17.075
    endloop
  endfacet
  facet normal 0 -0.751838 -0.659348
    outer loop
      vertex -1.4 19.4658 17.9614
      vertex 8 18.7629 18.7629
      vertex -1.4 18.7629 18.7629
    endloop
  endfacet
  facet normal 0 -0.751838 -0.659348
    outer loop
      vertex 8 18.7629 18.7629
      vertex -1.4 19.4658 17.9614
      vertex 8 19.4658 17.9614
    endloop
  endfacet
  facet normal 0 -0.946924 -0.321457
    outer loop
      vertex -1.4 20.8723 15.1094
      vertex 8 20.5296 16.1189
      vertex -1.4 20.5296 16.1189
    endloop
  endfacet
  facet normal 0 -0.946924 -0.321457
    outer loop
      vertex 8 20.5296 16.1189
      vertex -1.4 20.8723 15.1094
      vertex 8 20.8723 15.1094
    endloop
  endfacet
  facet normal 0 0.946927 0.321449
    outer loop
      vertex 8 5.47038 9.88113
      vertex -0.799999 5.1277 10.8906
      vertex 8 5.1277 10.8906
    endloop
  endfacet
  facet normal 0 0.946927 0.321449
    outer loop
      vertex -0.799999 5.1277 10.8906
      vertex 8 5.47038 9.88113
      vertex -0.799999 5.47038 9.88113
    endloop
  endfacet
  facet normal -0 0.659348 0.751838
    outer loop
      vertex -1.4 8.03859 6.53417
      vertex 8 7.23708 7.23708
      vertex 8 8.03859 6.53417
    endloop
  endfacet
  facet normal 0 0.659348 0.751838
    outer loop
      vertex 8 7.23708 7.23708
      vertex -1.4 8.03859 6.53417
      vertex -1.4 7.23708 7.23708
    endloop
  endfacet
  facet normal 0 0.831447 0.555605
    outer loop
      vertex 8 5.94189 8.925
      vertex -0.799999 6 8.83804
      vertex -0.799999 5.94189 8.925
    endloop
  endfacet
  facet normal 4.92066e-07 0.83147 0.55557
    outer loop
      vertex 8 6.53417 8.03859
      vertex -0.799999 6 8.83804
      vertex 8 5.94189 8.925
    endloop
  endfacet
  facet normal -0 0.831472 0.555566
    outer loop
      vertex -1.4 6.53417 8.03859
      vertex -0.799999 6 8.83804
      vertex 8 6.53417 8.03859
    endloop
  endfacet
  facet normal 0 0.831472 0.555566
    outer loop
      vertex -0.799999 6 8.83804
      vertex -1.4 6.53417 8.03859
      vertex -1.4 6 8.83804
    endloop
  endfacet
  facet normal -0 0.442288 0.896873
    outer loop
      vertex -1.4 9.88113 5.47038
      vertex 8 8.925 5.94189
      vertex 8 9.88113 5.47038
    endloop
  endfacet
  facet normal 0 0.442288 0.896873
    outer loop
      vertex 8 8.925 5.94189
      vertex -1.4 9.88113 5.47038
      vertex -1.4 8.925 5.94189
    endloop
  endfacet
  facet normal -0 0.0653983 0.997859
    outer loop
      vertex -1.4 13 4.85
      vertex 8 11.9362 4.91972
      vertex 8 13 4.85
    endloop
  endfacet
  facet normal 0 0.0653983 0.997859
    outer loop
      vertex 8 11.9362 4.91972
      vertex -1.4 13 4.85
      vertex -1.4 11.9362 4.91972
    endloop
  endfacet
  facet normal 0 0.896868 -0.442299
    outer loop
      vertex 8 5.47038 16.1189
      vertex -1.4 5.94189 17.075
      vertex 8 5.94189 17.075
    endloop
  endfacet
  facet normal 0 0.896868 -0.442299
    outer loop
      vertex -1.4 5.94189 17.075
      vertex 8 5.47038 16.1189
      vertex -1.4 5.47038 16.1189
    endloop
  endfacet
  facet normal 0 0.997859 -0.0653983
    outer loop
      vertex 8 4.85 13
      vertex -1.4 4.91972 14.0638
      vertex 8 4.91972 14.0638
    endloop
  endfacet
  facet normal 0 0.997859 -0.0653983
    outer loop
      vertex -1.4 4.91972 14.0638
      vertex 8 4.85 13
      vertex -1.4 4.85 13
    endloop
  endfacet
  facet normal 0 0.555583 -0.831461
    outer loop
      vertex -1.4 8.03859 19.4658
      vertex 8 8.925 20.0581
      vertex 8 8.03859 19.4658
    endloop
  endfacet
  facet normal 0 0.555583 -0.831461
    outer loop
      vertex 8 8.925 20.0581
      vertex -1.4 8.03859 19.4658
      vertex -1.4 8.925 20.0581
    endloop
  endfacet
  facet normal 0 0.659343 -0.751842
    outer loop
      vertex -1.4 7.23708 18.7629
      vertex 8 8.03859 19.4658
      vertex 8 7.23708 18.7629
    endloop
  endfacet
  facet normal 0 0.659343 -0.751842
    outer loop
      vertex 8 8.03859 19.4658
      vertex -1.4 7.23708 18.7629
      vertex -1.4 8.03859 19.4658
    endloop
  endfacet
  facet normal 0 0.321466 -0.946921
    outer loop
      vertex -1.4 9.88113 20.5296
      vertex 8 10.8906 20.8723
      vertex 8 9.88113 20.5296
    endloop
  endfacet
  facet normal 0 0.321466 -0.946921
    outer loop
      vertex 8 10.8906 20.8723
      vertex -1.4 9.88113 20.5296
      vertex -1.4 10.8906 20.8723
    endloop
  endfacet
  facet normal 0 -0.442299 0.896868
    outer loop
      vertex -1.4 17.075 5.94189
      vertex 8 16.1189 5.47038
      vertex 8 17.075 5.94189
    endloop
  endfacet
  facet normal 0 -0.442299 0.896868
    outer loop
      vertex 8 16.1189 5.47038
      vertex -1.4 17.075 5.94189
      vertex -1.4 16.1189 5.47038
    endloop
  endfacet
  facet normal 0 -0.659353 0.751834
    outer loop
      vertex -1.4 18.7629 7.23708
      vertex 8 17.9614 6.53417
      vertex 8 18.7629 7.23708
    endloop
  endfacet
  facet normal 0 -0.659353 0.751834
    outer loop
      vertex 8 17.9614 6.53417
      vertex -1.4 18.7629 7.23708
      vertex -1.4 17.9614 6.53417
    endloop
  endfacet
  facet normal 0 0.896873 0.442288
    outer loop
      vertex 8 5.94189 8.925
      vertex -0.799999 5.47038 9.88113
      vertex 8 5.47038 9.88113
    endloop
  endfacet
  facet normal 0 0.896873 0.442288
    outer loop
      vertex -0.799999 5.47038 9.88113
      vertex 8 5.94189 8.925
      vertex -0.799999 5.94189 8.925
    endloop
  endfacet
  facet normal 0 0.751838 0.659348
    outer loop
      vertex 8 7.23708 7.23708
      vertex -1.4 6.53417 8.03859
      vertex 8 6.53417 8.03859
    endloop
  endfacet
  facet normal 0 0.751838 0.659348
    outer loop
      vertex -1.4 6.53417 8.03859
      vertex 8 7.23708 7.23708
      vertex -1.4 7.23708 7.23708
    endloop
  endfacet
  facet normal 0 0 -1
    outer loop
      vertex -1.4 -4.91554 12
      vertex -0.799999 4.91554 12
      vertex -0.799999 -4.91554 12
    endloop
  endfacet
  facet normal -0 0 -1
    outer loop
      vertex -0.799999 4.91554 12
      vertex -1.4 -4.91554 12
      vertex -1.4 4.91554 12
    endloop
  endfacet
  facet normal -1 0 0
    outer loop
      vertex -0.799999 6 6
      vertex -0.799999 5.94189 8.925
      vertex -0.799999 6 8.83804
    endloop
  endfacet
  facet normal -1 0 0
    outer loop
      vertex -0.799999 6 6
      vertex -0.799999 5.47038 9.88113
      vertex -0.799999 5.94189 8.925
    endloop
  endfacet
  facet normal -1 0 0
    outer loop
      vertex -0.799999 -5.47038 9.88113
      vertex -0.799999 5.47038 9.88113
      vertex -0.799999 6 6
    endloop
  endfacet
  facet normal -1 0 0
    outer loop
      vertex -0.799999 5.47038 9.88113
      vertex -0.799999 -5.47038 9.88113
      vertex -0.799999 5.1277 10.8906
    endloop
  endfacet
  facet normal -1 0 0
    outer loop
      vertex -0.799999 4.91972 11.9362
      vertex -0.799999 -4.91554 12
      vertex -0.799999 4.91554 12
    endloop
  endfacet
  facet normal -1 0 -0
    outer loop
      vertex -0.799999 -5.1277 10.8906
      vertex -0.799999 5.1277 10.8906
      vertex -0.799999 -5.47038 9.88113
    endloop
  endfacet
  facet normal -1 0 0
    outer loop
      vertex -0.799999 4.91972 11.9362
      vertex -0.799999 -4.91972 11.9362
      vertex -0.799999 -4.91554 12
    endloop
  endfacet
  facet normal -1 -0 0
    outer loop
      vertex -0.799999 4.91972 11.9362
      vertex -0.799999 -5.1277 10.8906
      vertex -0.799999 -4.91972 11.9362
    endloop
  endfacet
  facet normal -1 0 0
    outer loop
      vertex -0.799999 5.1277 10.8906
      vertex -0.799999 -5.1277 10.8906
      vertex -0.799999 4.91972 11.9362
    endloop
  endfacet
  facet normal -1 0 0
    outer loop
      vertex -0.799999 -6 6
      vertex -0.799999 -5.47038 9.88113
      vertex -0.799999 6 6
    endloop
  endfacet
  facet normal -1 0 0
    outer loop
      vertex -0.799999 -5.47038 9.88113
      vertex -0.799999 -6 6
      vertex -0.799999 -5.94189 8.925
    endloop
  endfacet
  facet normal -1 0 0
    outer loop
      vertex -0.799999 -5.94189 8.925
      vertex -0.799999 -6 6
      vertex -0.799999 -6 8.83804
    endloop
  endfacet
  facet normal 0 -1 0
    outer loop
      vertex -1.4 6 6
      vertex -0.799999 6 8.83804
      vertex -1.4 6 8.83804
    endloop
  endfacet
  facet normal 0 -1 -0
    outer loop
      vertex -0.799999 6 8.83804
      vertex -1.4 6 6
      vertex -0.799999 6 6
    endloop
  endfacet
  facet normal -0 0 1
    outer loop
      vertex -1.4 6 6
      vertex -0.799999 -6 6
      vertex -0.799999 6 6
    endloop
  endfacet
  facet normal 0 0 1
    outer loop
      vertex -0.799999 -6 6
      vertex -1.4 6 6
      vertex -1.4 -6 6
    endloop
  endfacet
  facet normal 0 1 -0
    outer loop
      vertex -0.799999 -6 6
      vertex -1.4 -6 8.83804
      vertex -0.799999 -6 8.83804
    endloop
  endfacet
  facet normal 0 1 0
    outer loop
      vertex -1.4 -6 8.83804
      vertex -0.799999 -6 6
      vertex -1.4 -6 6
    endloop
  endfacet
endsolid OpenSCAD_Model
